Campaign type,Campaign,Status,Country,Profile,Portfolio,Target type,Daily Budget,Current Budget,Bidding Strategy,SP Off-site Ads Strategy,Labels,Budget group,Impressions,Clicks,CTR,Spend,CPC,Orders,Sales,Units,CVR,ACOS,ROAS,CPA,Sales Same SKU,Sales Other SKU,Orders Same SKU,Orders Other SKU,Units Same SKU,Units Other SKU
sponsoredProducts,B0F18PVLJ1_20oz_Every sip tastes_retirement gift for men_ex 10h50,Delivering,US,NewEleven,B0F18PVLJ1_TUMBLER 20_EVERY SIP TASTES LIKE RETIRED 2025 BLACK_Linh,manual,$30.00,$0.00,Dynamic bids and down,NOT_SET,--,,909,16,0.0176,39.92,2.5,2,45.96,2,0.125,0.8686,1.15,19.96,45.96,0,2,--,2,--
sponsoredProducts,B0DH88L44J_WG_Not my problem 2025_retirement party decorations_p 12h30 (Maximize spend),Delivering,US,NewEleven,B0DH88L44J_WINE GLASS_RETIRED 2025 NOT MY PROBLEM ANYMORE_Linh,manual,$20.00,$0.00,Dynamic bids down only,MINIMIZE_SPEND,--,,1084,18,0.0166,37.8,2.1,4,92.92,4,0.2222,0.4068,2.46,9.45,68.94,23.98,3,1,3,1
sponsoredProducts,B0DGGDX9P5_CF_Vintage 1985 + back in 1985_asin exp 14h46,Delivering,US,NewEleven,B0DGGDX9P5_COFFEE GLASS_VINTAGE 1985 + BACK IN 1985_NGAN,manual,$40.00,$0.00,Dynamic bids down only,MINIMIZE_SPEND,--,,3186,28,0.0088,35.78,1.28,4,75.92,4,0.1429,0.4713,2.12,8.95,75.92,0,4,--,4,--
sponsoredProducts,B0F18PVLJ1_20oz_Every sip tastes_asin high CR 17h30,Delivering,US,NewEleven,B0F18PVLJ1_TUMBLER 20_EVERY SIP TASTES LIKE RETIRED 2025 BLACK_Linh,manual,$30.00,$0.00,Dynamic bids and down,MINIMIZE_SPEND,--,,2775,19,0.0068,31.43,1.65,5,107.9,5,0.2632,0.2913,3.43,6.29,91.92,15.98,4,1,4,1
sponsoredProducts,"B0DM63J16N_20oz_60 fabulous + making 1965_60th birthday b,p_17h35",Delivering,US,NewEleven,B0DM63J16N_TUMBLER 20_60 & FABULOUS + MAKING 1965_THILE,manual,$35.00,$0.00,Dynamic bids down only,MINIMIZE_SPEND,--,,4753,21,0.0044,30.93,1.47,2,43.96,2,0.0952,0.7036,1.42,15.47,43.96,0,2,--,2,--
sponsoredProducts,"B0F18PVLJ1_20oz_Every sip tastes_retirement gifts_b,p 10h50",Delivering,US,NewEleven,B0F18PVLJ1_TUMBLER 20_EVERY SIP TASTES LIKE RETIRED 2025 BLACK_Linh,manual,$30.00,$0.00,Dynamic bids and down,NOT_SET,--,,1221,15,0.0123,30,2,5,114.9,5,0.3333,0.2611,3.83,6,114.9,0,5,--,5,--
sponsoredProducts,B0DH7YGD9Q_20oz_Vintage 1975 + weird navy_all key 2,Delivering,US,NewEleven,B0DH7YGD9Q_TUMBLER 20_VINTAGE 1975 + WEIRD BEING OLD PEOPLE NAVY_Linh,manual,$30.00,$0.00,Dynamic bids down only,NOT_SET,--,,1331,13,0.0098,29.09,2.24,5,99.9,5,0.3846,0.2912,3.43,5.82,99.9,0,5,--,5,--
sponsoredProducts,SP_B0F18CMJ3L_Whiskey Glass_Every Sip Tastes Like Retired 2025_Auto_All_Up & Down,Delivering,US,NewEleven,B0F18CMJ3L_WHISKEY GLASS_EVERY SIP TASTES LIKE RETIRED 2025_Linh,auto,$20.00,$0.00,Dynamic bids and down,NOT_SET,--,,3904,26,0.0067,26.82,1.03,2,45.96,2,0.0769,0.5836,1.71,13.41,45.96,0,2,--,2,--
sponsoredProducts,SP_B0FC61VF9P_Bible Jar_Husband_Manual_PT_ex_Down,Paused,US,NewEleven,Launching_B0FC61VF9P_BIBLE JAR_HUSBAND_THILE,manual,$20.00,$0.00,Dynamic bids down only,MINIMIZE_SPEND,--,,1226,20,0.0163,26.16,1.31,0,0,0,0,--,0,0,0,0,0,--,0,--
sponsoredProducts,"B0F18CMJ3L_Whiskey_Every Sip Tastes_retirement gifts_b,p 10h",Delivering,US,NewEleven,B0F18CMJ3L_WHISKEY GLASS_EVERY SIP TASTES LIKE RETIRED 2025_Linh,manual,$30.00,$0.00,Dynamic bids and down,NOT_SET,--,,1327,16,0.0121,26.08,1.63,3,68.94,3,0.1875,0.3783,2.64,8.69,68.94,0,3,--,3,--
sponsoredProducts,B089QFYLFB_12oz_Fifty fabulous rose_asin ex,Delivering,US,NewEleven,B089QFYLFB_TUMBLER 12_FIFTY FABULOUS ROSE GOLD_NGAN,manual,$25.00,$0.00,Dynamic bids down only,NOT_SET,--,,2094,14,0.0067,25.48,1.82,2,33.96,2,0.1429,0.7503,1.33,12.74,33.96,0,2,--,2,--
sponsoredProducts,B0FC69GZW9_Card_We Wouldn'T Be The Team_asin exact_15h,Delivering,US,NewEleven,B0FC69GZW9_CARD_MAY YOU BE PROUD OF THE WORK_THILE,manual,$20.00,$0.00,Dynamic bids down only,MINIMIZE_SPEND,--,,1859,28,0.0151,21.56,0.77,2,13.98,2,0.0714,1.5422,0.65,10.78,7.99,5.99,1,1,1,1
sponsoredProducts,B0DH7YGD9Q_20oz_Vintage 1975 + weird navy_all key search term 14h20 (TOS bid 900%),Delivering,US,NewEleven,B0DH7YGD9Q_TUMBLER 20_VINTAGE 1975 + WEIRD BEING OLD PEOPLE NAVY_Linh,manual,$30.00,$0.00,Dynamic bids and down,MINIMIZE_SPEND,--,,1388,12,0.0086,21.34,1.78,3,61.94,3,0.25,0.3445,2.9,7.11,39.96,21.98,2,1,2,1
sponsoredProducts,"SP_B0F13S4HSG_Bible Jar_Sister_Manual_PT_exp, ex_Up & Down_search term",Delivering,US,NewEleven,B0F13S4HSG_BIBLE JAR_SISTER_Linh,manual,$20.00,$0.00,Dynamic bids and down,NOT_SET,--,,2205,20,0.0091,20.85,1.04,1,18.98,1,0.05,1.0985,0.91,20.85,18.98,0,1,--,1,--
sponsoredProducts,B0DH7X6R1J_20oz_50 fabulous + making 1975_50th birthday_broad,Delivering,US,NewEleven,B0DH7X6R1J_TUMBLER 20_50 & FABULOUS + MAKING 1975_NGAN,manual,$35.00,$0.00,Dynamic bids down only,NOT_SET,--,,3535,13,0.0037,20.8,1.6,1,21.98,1,0.0769,0.9463,1.06,20.8,21.98,0,1,--,1,--
sponsoredProducts,"B0F18CMJ3L_Whiskey_Every Sip Tastes_retirement gift_b,p 17h15",Delivering,US,NewEleven,B0F18CMJ3L_WHISKEY GLASS_EVERY SIP TASTES LIKE RETIRED 2025_Linh,manual,$25.00,$0.00,Dynamic bids and down,NOT_SET,--,,1622,12,0.0074,20.5,1.71,2,45.96,2,0.1667,0.446,2.24,10.25,45.96,0,2,--,2,--
sponsoredProducts,"SP_B0CRVTN11L_Coffee Glass_In My Boy Mom Era_Manual_KW_mom to be_b,p_Up & Down",Delivering,US,NewEleven,B0CRVTN11L_COFFEE GLASS_IN MY BOY MOM ERA_Linh,manual,$20.00,$0.00,Dynamic bids and down,NOT_SET,--,,2019,16,0.0079,20.36,1.27,5,79.9,5,0.3125,0.2548,3.92,4.07,63.92,15.98,4,1,4,1
sponsoredProducts,"B08ZRWW1W4_12oz_Wise women rose_retirement gift_b,p 13h (maximize spend)",Delivering,US,NewEleven,B08ZRWW1W4_TUMBLER 12_WISE WOMEN ROSE GOLD_Linh,manual,$20.00,$0.00,Dynamic bids and down,MINIMIZE_SPEND,--,,2116,12,0.0057,20.21,1.68,1,7.99,1,0.0833,2.5294,0.4,20.21,0,7.99,0,1,0,1
sponsoredProducts,"B0F18CMJ3L_Whiskey_Every Sip Tastes_retirement decorations_b,p 17h15",Delivering,US,NewEleven,B0F18CMJ3L_WHISKEY GLASS_EVERY SIP TASTES LIKE RETIRED 2025_Linh,manual,$20.00,$0.00,Dynamic bids and down,NOT_SET,--,,875,13,0.0149,19.5,1.5,3,68.94,3,0.2308,0.2829,3.54,6.5,68.94,0,3,--,3,--
sponsoredProducts,B0DGGDX9P5_CF_Vintage 1985 + back in 1985_all key 14h45,Delivering,US,NewEleven,B0DGGDX9P5_COFFEE GLASS_VINTAGE 1985 + BACK IN 1985_NGAN,manual,$25.00,$0.00,Dynamic bids down only,MINIMIZE_SPEND,--,,1544,14,0.0091,19.47,1.39,1,18.98,1,0.0714,1.0258,0.97,19.47,18.98,0,1,--,1,--
sponsoredProducts,B0F18CMJ3L_Whiskey_Every Sip Tastes_retirement_p,Delivering,US,NewEleven,B0F18CMJ3L_WHISKEY GLASS_EVERY SIP TASTES LIKE RETIRED 2025_Linh,manual,$25.00,$0.00,Dynamic bids and down,NOT_SET,--,,794,12,0.0151,19.25,1.6,2,45.96,2,0.1667,0.4188,2.39,9.63,45.96,0,2,--,2,--
sponsoredProducts,B089QFYLFB_12oz_Fifty fabulous rose_50th birthday decorations for women_ex,Delivering,US,NewEleven,B089QFYLFB_TUMBLER 12_FIFTY FABULOUS ROSE GOLD_NGAN,manual,$10.00,$0.00,Dynamic bids down only,NOT_SET,--,,985,9,0.0091,19.2,2.13,3,50.94,3,0.3333,0.3769,2.65,6.4,50.94,0,3,--,3,--
sponsoredProducts,SP_B0DH88L44J_Wine Glass_Retired 2025 Not My Problem Anymore_Auto_All_Up & Down,Delivering,US,NewEleven,B0DH88L44J_WINE GLASS_RETIRED 2025 NOT MY PROBLEM ANYMORE_Linh,auto,$15.00,$0.00,Dynamic bids and down,NOT_SET,--,,9091,21,0.0023,19,0.9,2,34.96,2,0.0952,0.5435,1.84,9.5,22.98,11.98,1,1,1,1
sponsoredProducts,"SP_B0DH88L44J_Wine Glass_Retired 2025 Not My Problem Anymore_Manual_KW_gifts for retirement_b,p_Up & Down",Delivering,US,NewEleven,B0DH88L44J_WINE GLASS_RETIRED 2025 NOT MY PROBLEM ANYMORE_Linh,manual,$15.00,$0.00,Dynamic bids and down,NOT_SET,--,,3105,13,0.0042,18.9,1.45,3,68.94,3,0.2308,0.2742,3.65,6.3,45.96,22.98,2,1,2,1
sponsoredProducts,"B0F18PVLJ1_20oz_Every sip tastes_retired gifts for men_b,p 12h35",Paused,US,NewEleven,B0F18PVLJ1_TUMBLER 20_EVERY SIP TASTES LIKE RETIRED 2025 BLACK_Linh,manual,$20.00,$0.00,Dynamic bids and down,NOT_SET,--,,699,7,0.01,18.84,2.69,1,22.98,1,0.1429,0.8198,1.22,18.84,22.98,0,1,--,1,--
sponsoredProducts,"SP_B0DH7YGD9Q_Tumbler 20_Vintage 1975 + Weird Being Old People Navy_Manual_PT_exp, ex_Up & Down_asin decoration",Delivering,US,NewEleven,B0DH7YGD9Q_TUMBLER 20_VINTAGE 1975 + WEIRD BEING OLD PEOPLE NAVY_Linh,manual,$30.00,$0.00,Dynamic bids and down,NOT_SET,--,,1442,13,0.009,18.67,1.44,3,59.94,3,0.2308,0.3115,3.21,6.22,59.94,0,3,--,3,--
sponsoredProducts,B0F18CMJ3L_Whiskey_Every Sip Tastes_retirement gifts for men_ex 17h15,Delivering,US,NewEleven,B0F18CMJ3L_WHISKEY GLASS_EVERY SIP TASTES LIKE RETIRED 2025_Linh,manual,$20.00,$0.00,Dynamic bids and down,NOT_SET,--,,830,10,0.012,18.5,1.85,4,91.92,4,0.4,0.2013,4.97,4.63,91.92,0,4,--,4,--
sponsoredProducts,"B08ZRWW1W4_12oz_Wise women rose_retirement gift for woman b,p",Delivering,US,NewEleven,B08ZRWW1W4_TUMBLER 12_WISE WOMEN ROSE GOLD_Linh,manual,$25.00,$0.00,Dynamic bids and down,MINIMIZE_SPEND,--,,763,10,0.0131,18.24,1.82,1,19.98,1,0.1,0.9129,1.1,18.24,0,19.98,0,1,0,1
sponsoredProducts,"B0DH7YGD9Q_20oz_Vintage 1975 + weird navy_50th birthday decorations b,p",Delivering,US,NewEleven,B0DH7YGD9Q_TUMBLER 20_VINTAGE 1975 + WEIRD BEING OLD PEOPLE NAVY_Linh,manual,$20.00,$0.00,Dynamic bids and down,NOT_SET,--,,2422,10,0.0041,18,1.8,1,19.98,1,0.1,0.9009,1.11,18,19.98,0,1,--,1,--
sponsoredProducts,"B0F6M3X7LG_Bible jar_Read me when_birthday gifts for women_b,p 17h50",Delivering,US,NewEleven,B0F6M3X7LG_BIBLE JAR_READ THIS WHEN_Linh,manual,$10.00,$0.00,Dynamic bids and down,NOT_SET,--,,1627,17,0.0104,17.85,1.05,1,16.98,1,0.0588,1.0512,0.95,17.85,16.98,0,1,--,1,--
sponsoredProducts,SP_B089QFYLFB_Tumbler 12_Fifty Fabulous Rose Gold_Manual_KW_all key_b_Up & Down,Delivering,US,NewEleven,B089QFYLFB_TUMBLER 12_FIFTY FABULOUS ROSE GOLD_NGAN,manual,$30.00,$0.00,Dynamic bids down only,NOT_SET,--,,1209,11,0.0091,17.84,1.62,6,100.88,6,0.5455,0.1768,5.65,2.97,84.9,15.98,5,1,5,1
sponsoredProducts,B0DHCGTL3R_20oz_Vintage 1955 + weird navy_asin exp_11h10,Delivering,US,NewEleven,B0DHCGTL3R_TUMBLER 20_VINTAGE 1955 + WEIRD BEING NAVY_THILE,manual,$20.00,$0.00,Dynamic bids down only,MINIMIZE_SPEND,--,,1389,13,0.0094,17.11,1.32,2,39.96,2,0.1538,0.4282,2.34,8.56,39.96,0,2,--,2,--
sponsoredProducts,"SP_B0F2TDMHFC_Card_Mamasaurus_Manual_KW_mom birthday card_b,p_Up & Down",Delivering,US,NewEleven,B0F2TDMHFC_CARD_MAMASAURUS_Linh,manual,$20.00,$0.00,Dynamic bids and down,NOT_SET,--,,979,20,0.0204,17.08,0.85,4,39.96,4,0.2,0.4274,2.34,4.27,39.96,0,4,--,4,--
sponsoredProducts,B0DHC2C1S4_Hat_Trucker hat 1975_all key phrase,Delivering,US,NewEleven,B0DHC2C1S4_HAT_TRUCKER HAT 1975_NGUYEN,manual,$20.00,$0.00,Dynamic bids down only,NOT_SET,--,,2133,10,0.0047,16.76,1.68,1,17.98,1,0.1,0.9321,1.07,16.76,17.98,0,1,--,1,--
sponsoredProducts,"SP_B0CG8N67SJ_Tumbler 20_My Favorite Child + Dad Nutrition Navy_Manual_KW_birthday for dad_b,p_Up & Down",Delivering,US,NewEleven,B0CG8N67SJ_TUMBLER 20_MY FAVORITE CHILD + DAD NUTRITION NAVY_Linh,manual,$10.00,$0.00,Dynamic bids and down,NOT_SET,--,,308,10,0.0325,16.72,1.67,0,0,0,0,--,0,0,0,0,0,--,0,--
sponsoredProducts,B0DH7YGD9Q_20oz_Vintage 1975 + weird navy_auto close 14h20,Delivering,US,NewEleven,B0DH7YGD9Q_TUMBLER 20_VINTAGE 1975 + WEIRD BEING OLD PEOPLE NAVY_Linh,auto,$25.00,$0.00,Dynamic bids down only,NOT_SET,--,,1435,9,0.0063,16.2,1.8,4,79.92,4,0.4444,0.2027,4.93,4.05,79.92,0,4,--,4,--
sponsoredProducts,B0F18CMJ3L_Whiskey_Every Sip Tastes_asin_exp,Delivering,US,NewEleven,B0F18CMJ3L_WHISKEY GLASS_EVERY SIP TASTES LIKE RETIRED 2025_Linh,manual,$15.00,$0.00,Dynamic bids and down,NOT_SET,--,,1949,13,0.0067,16.13,1.24,4,91.92,4,0.3077,0.1755,5.7,4.03,91.92,0,4,--,4,--
sponsoredProducts,"SP_B0F18PVLJ1_Tumbler 20_Every Sip Tastes Like Retired 2025 + Card Black_Manual_KW_retirement gift for woman_b,p_Up & Down",Delivering,US,NewEleven,B0F18PVLJ1_TUMBLER 20_EVERY SIP TASTES LIKE RETIRED 2025 BLACK_Linh,manual,$20.00,$0.00,Dynamic bids and down,NOT_SET,--,,1527,9,0.0059,15.82,1.76,3,68.94,3,0.3333,0.2295,4.36,5.27,68.94,0,3,--,3,--
sponsoredBrands,SB_B0DGGDX9P5_Coffee Glass_Vintage 1985 + Back In 1985_Drive Page_PDP_KW_ex,Delivering,US,NewEleven,B0DGGDX9P5_COFFEE GLASS_VINTAGE 1985 + BACK IN 1985_NGAN,manual,$10.00,$0.00,Automated bidding,,--,,1044,12,0.0115,15.16,1.26,0,0,0,0,--,0,0,0,0,0,--,0,--
sponsoredProducts,B0F18PVLJ1_20oz_Every sip tastes_auto 4,Paused,US,NewEleven,B0F18PVLJ1_TUMBLER 20_EVERY SIP TASTES LIKE RETIRED 2025 BLACK_Linh,auto,$15.00,$0.00,Dynamic bids and down,MINIMIZE_SPEND,--,,2164,13,0.006,15.16,1.17,2,45.96,2,0.1538,0.3299,3.03,7.58,45.96,0,2,--,2,--
sponsoredProducts,"B0DGGDX9P5_CF_Vintage 1985 + back in 1985_40th birthday_b,p 15h09",Delivering,US,NewEleven,B0DGGDX9P5_COFFEE GLASS_VINTAGE 1985 + BACK IN 1985_NGAN,manual,$10.00,$0.00,Dynamic bids down only,MINIMIZE_SPEND,--,,311,10,0.0322,15.11,1.51,1,18.98,1,0.1,0.7961,1.26,15.11,18.98,0,1,--,1,--
sponsoredProducts,"B08ZYGT8SH_Apron_What happens_aprons for men_b,p 12h45",Delivering,US,NewEleven,B08ZYGT8SH_APRON_WHATEVER HAPPENS_Linh,manual,$10.00,$0.00,Dynamic bids down only,NOT_SET,--,,1331,14,0.0105,14.96,1.07,4,103.84,8,0.2857,0.1441,6.94,3.74,90.86,12.98,3,1,7,1
sponsoredProducts,B0DH88L44J_Wine glass_Not my problem 2025_asin_exp,Delivering,US,NewEleven,B0DH88L44J_WINE GLASS_RETIRED 2025 NOT MY PROBLEM ANYMORE_Linh,manual,$15.00,$0.00,Dynamic bids and down,NOT_SET,--,,1882,10,0.0053,14.9,1.49,1,22.98,1,0.1,0.6484,1.54,14.9,22.98,0,1,--,1,--
sponsoredProducts,B0DH7X6R1J_20oz_50 fabulous + making 1975_asin ex,Delivering,US,NewEleven,B0DH7X6R1J_TUMBLER 20_50 & FABULOUS + MAKING 1975_NGAN,manual,$20.00,$0.00,Dynamic bids down only,NOT_SET,--,,111,6,0.0541,14.84,2.47,1,21.98,1,0.1667,0.6752,1.48,14.84,21.98,0,1,--,1,--
sponsoredProducts,"SP_B0F2TDMHFC_Card_Mamasaurus_Manual_PT_exp, ex_Up & Down_asin search term",Delivering,US,NewEleven,B0F2TDMHFC_CARD_MAMASAURUS_Linh,manual,$15.00,$0.00,Dynamic bids and down,NOT_SET,--,,908,15,0.0165,14.64,0.98,4,37.96,4,0.2667,0.3857,2.59,3.66,29.97,7.99,3,1,3,1
sponsoredProducts,B0DKDWHJ2P_SP_AUTO 4b71b0,Delivering,US,NewEleven,B0CRVTN11L_COFFEE GLASS_IN MY BOY MOM ERA_Linh,auto,$15.00,$0.00,Dynamic bids and down,NOT_SET,--,,778,20,0.0257,14.48,0.72,3,44.95,3,0.15,0.3221,3.1,4.83,31.96,12.99,2,1,2,1
sponsoredProducts,B0BYCT1SRJ_CF_cool aunt club_all key 10h37,Delivering,US,NewEleven,B0BYCT1SRJ_COFFEE GLASS_COOL AUNT CLUB_NGAN,manual,$20.00,$0.00,Dynamic bids down only,NOT_SET,--,,1305,13,0.01,14.35,1.1,5,124.84,8,0.3846,0.1149,8.7,2.87,95.88,28.96,3,2,6,2
sponsoredProducts,SP_B0DGGDX9P5_Coffee Glass_Vintage 1985 + Back In 1985_Manual_KW_40th birthday gifts for women_ex_Up & Down,Delivering,US,NewEleven,B0DGGDX9P5_COFFEE GLASS_VINTAGE 1985 + BACK IN 1985_NGAN,manual,$20.00,$0.00,Dynamic bids down only,NOT_SET,--,,470,10,0.0213,14.2,1.42,0,0,0,0,--,0,0,0,0,0,--,0,--
sponsoredProducts,"B0DHC932W2_Hat_Trucker hat 1985_1985 b,p_15h25",Delivering,US,NewEleven,B0DHC932W2_HAT_TRUCKER HAT 1985_THILE,manual,$15.00,$0.00,Dynamic bids and down,MINIMIZE_SPEND,--,,476,9,0.0189,14.19,1.58,5,84.9,5,0.5556,0.1671,5.98,2.84,84.9,0,5,--,5,--
sponsoredProducts,"SP_B0CG8N67SJ_Tumbler 20_My Favorite Child + Dad Nutrition Navy_Manual_KW_dad birthday_b,p_Up & Down",Delivering,US,NewEleven,B0CG8N67SJ_TUMBLER 20_MY FAVORITE CHILD + DAD NUTRITION NAVY_Linh,manual,$15.00,$0.00,Dynamic bids and down,NOT_SET,--,,329,9,0.0274,13.94,1.55,3,59.94,3,0.3333,0.2326,4.3,4.65,59.94,0,3,--,3,--
sponsoredProducts,B089QFYLFB_12oz_Fifty fabulous rose_50th birthday gifts for her_ex 12h39,Delivering,US,NewEleven,B089QFYLFB_TUMBLER 12_FIFTY FABULOUS ROSE GOLD_NGAN,manual,$10.00,$0.00,Dynamic bids down only,NOT_SET,--,,1132,9,0.008,13.67,1.52,2,33.96,2,0.2222,0.4025,2.48,6.84,33.96,0,2,--,2,--
sponsoredProducts,"B0DGGDN9WS_CF_vintage 1995 + back in 1995_30th birthday gifts for women b,p_14h35",Delivering,US,NewEleven,B0DGGDN9WS_COFFEE GLASS_VINTAGE 1995 + BACK IN 1995_THILE,manual,$15.00,$0.00,Dynamic bids down only,MINIMIZE_SPEND,--,,894,15,0.0168,13.5,0.9,0,0,0,0,--,0,0,0,0,0,--,0,--
sponsoredProducts,SP_B0DH7YGD9Q_Tumbler 20_Vintage 1975 + Weird Being Old People Navy_Manual_KW_50th birthday gifts for him_b_Up & Down,Delivering,US,NewEleven,B0DH7YGD9Q_TUMBLER 20_VINTAGE 1975 + WEIRD BEING OLD PEOPLE NAVY_Linh,manual,$10.00,$0.00,Dynamic bids and down,NOT_SET,--,,1048,7,0.0067,13.11,1.87,3,59.94,3,0.4286,0.2187,4.57,4.37,39.96,19.98,2,1,2,1
sponsoredProducts,B0DGGDX9P5_CF_Vintage 1985 + back in 1985_40th birthday gifts women_ex 9h55,Delivering,US,NewEleven,B0DGGDX9P5_COFFEE GLASS_VINTAGE 1985 + BACK IN 1985_NGAN,manual,$15.00,$0.00,Dynamic bids down only,NOT_SET,--,,579,13,0.0225,13,1,4,68.92,4,0.3077,0.1886,5.3,3.25,55.94,12.98,3,1,3,1
sponsoredProducts,B0F18PVLJ1_20oz_Every sip tastes_retirement gift_ex 15h10,Delivering,US,NewEleven,B0F18PVLJ1_TUMBLER 20_EVERY SIP TASTES LIKE RETIRED 2025 BLACK_Linh,manual,$15.00,$0.00,Dynamic bids and down,NOT_SET,--,,372,7,0.0188,13,1.86,1,22.98,1,0.1429,0.5657,1.77,13,22.98,0,1,--,1,--
sponsoredProducts,"SP_B0DH88L44J_Wine Glass_Retired 2025 Not My Problem Anymore_Manual_KW_retirement gifts_b,p_Up & Down",Delivering,US,NewEleven,B0DH88L44J_WINE GLASS_RETIRED 2025 NOT MY PROBLEM ANYMORE_Linh,manual,$15.00,$0.00,Dynamic bids and down,NOT_SET,--,,1350,9,0.0067,12.77,1.42,0,0,0,0,--,0,0,0,0,0,--,0,--
sponsoredProducts,[Wise women 12oz] [auto] [loose match] 23h,Delivering,US,NewEleven,B08ZRWW1W4_TUMBLER 12_WISE WOMEN ROSE GOLD_Linh,auto,$10.00,$0.00,Dynamic bids and down,NOT_SET,--,,2540,12,0.0047,12.69,1.06,0,0,0,0,--,0,0,0,0,0,--,0,--
sponsoredBrands,SB_B0F18CMJ3L_Whiskey_Every Sip Tastes_Drive PV_Video_Detail page_KW_Video,Delivering,US,NewEleven,B0F18CMJ3L_WHISKEY GLASS_EVERY SIP TASTES LIKE RETIRED 2025_Linh,manual,$10.00,$0.00,Automated bidding,,--,,2081,12,0.0058,12.66,1.06,0,0,0,0,--,0,0,0,0,0,--,0,--
sponsoredProducts,B0F18CMJ3L_Whiskey_Every Sip Tastes_all key search term,Delivering,US,NewEleven,B0F18CMJ3L_WHISKEY GLASS_EVERY SIP TASTES LIKE RETIRED 2025_Linh,manual,$15.00,$0.00,Dynamic bids and down,NOT_SET,--,,1464,10,0.0068,12.63,1.26,3,68.94,3,0.3,0.1832,5.46,4.21,68.94,0,3,--,3,--
sponsoredProducts,B0DH7X6R1J_20oz_50 fabulous + making 1975_50th birthday gifts for her_ex 10h41,Delivering,US,NewEleven,B0DH7X6R1J_TUMBLER 20_50 & FABULOUS + MAKING 1975_NGAN,manual,$10.00,$0.00,Dynamic bids down only,NOT_SET,--,,1138,8,0.007,12.6,1.58,1,22.98,1,0.125,0.5483,1.82,12.6,22.98,0,1,--,1,--
sponsoredProducts,B0DH86X93V_20oz_vintage 1985 weird navy_asin exp_Down Only,Delivering,US,NewEleven,B0DH86X93V_TUMBLER 20_VINTAGE 1985 WEIRD BEING OLD PEOPLE NAVY_TRINH,manual,$15.00,$0.00,Dynamic bids down only,NOT_SET,--,,2098,9,0.0043,12.48,1.39,3,61.94,3,0.3333,0.2015,4.96,4.16,39.96,21.98,2,1,2,1
sponsoredProducts,"B0CQJZP6TK_CF_In my auntie era_gifts for aunt b,p_17h10",Delivering,US,NewEleven,B0CQJZP6TK_COFFEE GLASS_IN MY AUNTIE ERA + AUNTIE NUTRITION_THILE,manual,$25.00,$0.00,Dynamic bids down only,MINIMIZE_SPEND,--,,1002,8,0.008,11.74,1.47,2,31.96,2,0.25,0.3673,2.72,5.87,31.96,0,2,--,2,--
sponsoredProducts,SP_B092HNBJT6_TUMBLER 20_COWORKER BLACK_Manual_PT_Down Only,Delivering,US,NewEleven,B092HNBJT6_TUMBLER 20_COWORKER BLACK_TRINH,manual,$15.00,$0.00,Dynamic bids down only,NOT_SET,--,,1347,13,0.0097,11.7,0.9,4,95.9,5,0.3077,0.122,8.2,2.93,79.92,15.98,3,1,4,1
sponsoredBrands,SB_B0DH7YGD9Q_Vintage 1975+Weird navy_Drive Page_Video,Delivering,US,NewEleven,B0DH7YGD9Q_TUMBLER 20_VINTAGE 1975 + WEIRD BEING OLD PEOPLE NAVY_Linh,manual,$10.00,$0.00,Automated bidding,,--,,4858,11,0.0023,11.55,1.05,0,0,0,0,--,0,0,0,0,0,--,0,--
sponsoredProducts,"B0CQJZP6TK_CF_In my auntie era_auntie b,p_13h",Delivering,US,NewEleven,B0CQJZP6TK_COFFEE GLASS_IN MY AUNTIE ERA + AUNTIE NUTRITION_THILE,manual,$25.00,$0.00,Dynamic bids and down,MINIMIZE_SPEND,--,,972,12,0.0123,11.5,0.96,4,81.9,5,0.3333,0.1404,7.12,2.88,47.94,33.96,3,1,3,2
sponsoredProducts,B08ZRWW1W4_12oz_Wise women rose_auto 13h (minimize reach),Delivering,US,NewEleven,B08ZRWW1W4_TUMBLER 12_WISE WOMEN ROSE GOLD_Linh,auto,$15.00,$0.00,Dynamic bids and down,MINIMIZE_SPEND,--,,2794,11,0.0039,11.41,1.04,1,22.98,1,0.0909,0.4965,2.01,11.41,22.98,0,1,--,1,--
sponsoredProducts,B0FC69XTZ9_Card_Leaving Your Job_all key 11h35,Delivering,US,NewEleven,B0FC69XTZ9_CARD_CONGRATULATIONS ON LEAVING YOUR JOB_NGAN,manual,$5.00,$0.00,Dynamic bids down only,NOT_SET,--,,942,13,0.0138,11.25,0.87,1,7.99,1,0.0769,1.408,0.71,11.25,7.99,0,1,--,1,--
sponsoredProducts,"SP_B0DH7YGD9Q_Tumbler 20_Vintage 1975 + Weird Being Old People Navy_Manual_PT_exp, ex_Up & Down_asin card",Delivering,US,NewEleven,B0DH7YGD9Q_TUMBLER 20_VINTAGE 1975 + WEIRD BEING OLD PEOPLE NAVY_Linh,manual,$20.00,$0.00,Dynamic bids and down,NOT_SET,--,,2764,8,0.0029,10.8,1.35,1,19.98,1,0.125,0.5405,1.85,10.8,19.98,0,1,--,1,--
sponsoredProducts,B0DYDZFRZD_20oz_Big heart + teacher nutri_auto 12h15,Delivering,US,NewEleven,B0DYDZFRZD_TUMBLER 20_BIG HEART LITTLE MINDS + TEACHER NUTRITION_NGAN,auto,$15.00,$0.00,Dynamic bids down only,NOT_SET,--,,2020,9,0.0045,10.75,1.19,4,64.9,5,0.4444,0.1656,6.04,2.69,64.9,0,4,--,5,--
sponsoredProducts,B0DH7X6R1J_20oz_50 fabulous + making 1975_all key 11h29,Delivering,US,NewEleven,B0DH7X6R1J_TUMBLER 20_50 & FABULOUS + MAKING 1975_NGAN,manual,$15.00,$0.00,Dynamic bids down only,NOT_SET,--,,997,6,0.006,10.4,1.73,1,21.98,1,0.1667,0.4732,2.11,10.4,21.98,0,1,--,1,--
sponsoredProducts,"B08ZRWW1W4_12oz_Wise women rose_retirement_b,p",Delivering,US,NewEleven,B08ZRWW1W4_TUMBLER 12_WISE WOMEN ROSE GOLD_Linh,manual,$10.00,$0.00,Dynamic bids and down,NOT_SET,--,,2134,8,0.0037,10.4,1.3,2,68.94,3,0.25,0.1509,6.63,5.2,68.94,0,2,--,3,--
sponsoredProducts,B0DVSKXLS5_Bible Jar_Mom_mom birthday gifts_ex 14h20 tos900,Paused,US,NewEleven,B0DVSKXLS5_BIBLE JAR_MOM_Linh,manual,$10.00,$0.00,Dynamic bids and down,NOT_SET,--,,573,8,0.014,10.4,1.3,0,0,0,0,--,0,0,0,0,0,--,0,--
sponsoredProducts,"B0F18CMJ3L_Whiskey_Every Sip Tastes_retirement gifts_b,p 17h15",Delivering,US,NewEleven,B0F18CMJ3L_WHISKEY GLASS_EVERY SIP TASTES LIKE RETIRED 2025_Linh,manual,$10.00,$0.00,Dynamic bids and down,NOT_SET,--,,644,7,0.0109,10.34,1.48,0,0,0,0,--,0,0,0,0,0,--,0,--
sponsoredProducts,SP_B0CY4MC1GJ_Tumbler 20_Don'T Be A Dumb Bass Black_Auto_All_Up & Down,Delivering,US,NewEleven,B0CY4MC1GJ_TUMBLER 20_DON'T BE A DUMB BASS BLACK_Linh,auto,$10.00,$0.00,Dynamic bids and down,NOT_SET,--,,3114,14,0.0045,10.23,0.73,1,17.98,1,0.0714,0.569,1.76,10.23,17.98,0,1,--,1,--
sponsoredProducts,"SP_B0DH88L44J_Wine Glass_Retired 2025 Not My Problem Anymore_Manual_KW_retirement gifts for women_b,p_Up & Down",Paused,US,NewEleven,B0DH88L44J_WINE GLASS_RETIRED 2025 NOT MY PROBLEM ANYMORE_Linh,manual,$10.00,$0.00,Dynamic bids and down,NOT_SET,--,,618,6,0.0097,9.9,1.65,0,0,0,0,--,0,0,0,0,0,--,0,--
sponsoredProducts,B0C9BZRC4K_CF_Cool mom club_gifts for new mom_b 15h30,Delivering,US,NewEleven,B0C9BZRC4K_COFFEE GLASS_COOL MOM CLUB_NGUYEN,manual,$40.00,$0.00,Dynamic bids and down,MINIMIZE_SPEND,--,,894,6,0.0067,9.9,1.65,2,33.96,2,0.3333,0.2915,3.43,4.95,33.96,0,2,--,2,--
sponsoredProducts,"SP_B0F13S4HSG_Bible Jar_Sister_Manual_PT_exp, ex_Up & Down",Delivering,US,NewEleven,B0F13S4HSG_BIBLE JAR_SISTER_Linh,manual,$10.00,$0.00,Dynamic bids and down,NOT_SET,--,,602,9,0.015,9.87,1.1,1,18.98,1,0.1111,0.52,1.92,9.87,18.98,0,1,--,1,--
sponsoredProducts,"B0DH7YGD9Q_20oz_Vintage 1975 + weird navy_50th birthday gifts for men_b,p 11h30 (TOS bid 900%)",Delivering,US,NewEleven,B0DH7YGD9Q_TUMBLER 20_VINTAGE 1975 + WEIRD BEING OLD PEOPLE NAVY_Linh,manual,$20.00,$0.00,Dynamic bids and down,MINIMIZE_SPEND,--,,670,4,0.006,9.84,2.46,1,19.98,1,0.25,0.4925,2.03,9.84,19.98,0,1,--,1,--
sponsoredProducts,"B0DVSKXLS5_Bible Jar_Mom_gifts for mom birthday_b,p 11h31",Delivering,US,NewEleven,B0DVSKXLS5_BIBLE JAR_MOM_Linh,manual,$10.00,$0.00,Dynamic bids and down,NOT_SET,--,,644,9,0.014,9.8,1.09,0,0,0,0,--,0,0,0,0,0,--,0,--
sponsoredProducts,"B0CG8N67SJ_20oz_Favorite child + dad nutri navy_gift for dad_b,p 12h",Delivering,US,NewEleven,B0CG8N67SJ_TUMBLER 20_MY FAVORITE CHILD + DAD NUTRITION NAVY_Linh,manual,$10.00,$0.00,Dynamic bids and down,NOT_SET,--,,1091,6,0.0055,9.7,1.62,0,0,0,0,--,0,0,0,0,0,--,0,--
sponsoredProducts,SP_B0CG8N67SJ_Tumbler 20_My Favorite Child + Dad Nutrition Navy_Manual_KW_dad gifts for birthday_ex_Up & Down,Delivering,US,NewEleven,B0CG8N67SJ_TUMBLER 20_MY FAVORITE CHILD + DAD NUTRITION NAVY_Linh,manual,$10.00,$0.00,Dynamic bids and down,NOT_SET,--,,213,5,0.0235,9.5,1.9,0,0,0,0,--,0,0,0,0,0,--,0,--
sponsoredProducts,"SP_B0CG8N67SJ_Tumbler 20_My Favorite Child + Dad Nutrition Navy_Manual_KW_gifts for dad birthday_b,p_Up & Down_11h",Delivering,US,NewEleven,B0CG8N67SJ_TUMBLER 20_MY FAVORITE CHILD + DAD NUTRITION NAVY_Linh,manual,$10.00,$0.00,Dynamic bids and down,NOT_SET,--,,217,7,0.0323,9.38,1.34,2,39.96,2,0.2857,0.2347,4.26,4.69,19.98,19.98,1,1,1,1
sponsoredProducts,"B0FC5SSDXK_Card_Hear's another year_anniversary cards for wife_b,p",Delivering,US,NewEleven,B0FC5SSDXK_CARD_HERE'S TO ANOTHER YEAR Linh,manual,$10.00,$0.00,Dynamic bids and down,NOT_SET,--,,193,12,0.0622,9.36,0.78,3,20.97,3,0.25,0.4464,2.24,3.12,20.97,0,3,--,3,--
sponsoredProducts,"SP_B0DVSKXLS5_Bible Jar_Mom_Manual_KW_mom gifts_b,p_Up & Down",Paused,US,NewEleven,B0DVSKXLS5_BIBLE JAR_MOM_Linh,manual,$10.00,$0.00,Dynamic bids and down,NOT_SET,--,,971,9,0.0093,9.3,1.03,0,0,0,0,--,0,0,0,0,0,--,0,--
sponsoredProducts,"B0DH7YGD9Q_20oz_Vintage 1975 + weird navy_50 year old gifts for men_b,p 12h40 (TOS bid 900%)",Delivering,US,NewEleven,B0DH7YGD9Q_TUMBLER 20_VINTAGE 1975 + WEIRD BEING OLD PEOPLE NAVY_Linh,manual,$20.00,$0.00,Dynamic bids and down,MINIMIZE_SPEND,--,,381,4,0.0105,9.22,2.31,1,19.98,1,0.25,0.4615,2.17,9.22,19.98,0,1,--,1,--
sponsoredProducts,B0DWMZXCZP_CF_Graduation tassel hassle_auto 18h,Delivering,US,NewEleven,B0DWMZXCZP_COFFEE GLASS_GRADUATION TASSEL HASSLE_THILE,auto,$10.00,$0.00,Dynamic bids down only,MINIMIZE_SPEND,--,,2133,14,0.0066,9.19,0.66,0,0,0,0,--,0,0,0,0,0,--,0,--
sponsoredProducts,SP_B092HNBJT6_Tumbler 20_Coworker Black_Manual_KW_miss you_b_Down,Paused,US,NewEleven,B092HNBJT6_TUMBLER 20_COWORKER BLACK_TRINH,manual,$10.00,$0.00,Dynamic bids down only,MINIMIZE_SPEND,--,,618,8,0.0129,9.09,1.14,2,39.96,2,0.25,0.2275,4.4,4.55,19.98,19.98,1,1,1,1
sponsoredProducts,B08ZRWW1W4_12oz_Wise women rose_all key,Delivering,US,NewEleven,B08ZRWW1W4_TUMBLER 12_WISE WOMEN ROSE GOLD_Linh,manual,$10.00,$0.00,Dynamic bids and down,MINIMIZE_SPEND,--,,394,5,0.0127,9,1.8,1,22.98,1,0.2,0.3916,2.55,9,22.98,0,1,--,1,--
sponsoredProducts,B0DM63J16N_20oz_60 fabulous + making 1965_60th birthday gifts for women TOS_17h45,Delivering,US,NewEleven,B0DM63J16N_TUMBLER 20_60 & FABULOUS + MAKING 1965_THILE,manual,$30.00,$0.00,Dynamic bids down only,MINIMIZE_SPEND,--,,996,6,0.006,8.68,1.45,1,21.98,1,0.1667,0.3949,2.53,8.68,21.98,0,1,--,1,--
sponsoredProducts,"B0DHCGTL3R_20oz_Vintage 1955 + weird navy_70 year old man b,p_12h",Delivering,US,NewEleven,B0DHCGTL3R_TUMBLER 20_VINTAGE 1955 + WEIRD BEING NAVY_THILE,manual,$20.00,$0.00,Dynamic bids and down,MINIMIZE_SPEND,--,,685,5,0.0073,8.5,1.7,1,19.98,1,0.2,0.4254,2.35,8.5,0,19.98,0,1,0,1
sponsoredProducts,SP_B089QFYLFB_Tumbler 12_Fifty Fabulous Rose Gold_Manual_50 year old gifts for women_ex_Up & Down,Paused,US,NewEleven,B089QFYLFB_TUMBLER 12_FIFTY FABULOUS ROSE GOLD_NGAN,manual,$5.00,$0.00,Dynamic bids and down,NOT_SET,--,,90,2,0.0222,8.4,4.2,0,0,0,0,--,0,0,0,0,0,--,0,--
sponsoredProducts,B0DH88L44J_Wine glass_Not my problem 2025_auto 4,Delivering,US,NewEleven,B0DH88L44J_WINE GLASS_RETIRED 2025 NOT MY PROBLEM ANYMORE_Linh,auto,$20.00,$0.00,Dynamic bids and down,NOT_SET,--,,2766,9,0.0033,8.29,0.92,2,45.96,2,0.2222,0.1804,5.54,4.15,22.98,22.98,1,1,1,1
sponsoredProducts,SP_B08R8R2LQF_Tumbler 20_May The Forties Be With You Black_Manual_KW_40th birthday gifts men_ex_Down,Delivering,US,NewEleven,B08R8R2LQF_TUMBLER 20_MAY THE FORTIES BE WITH YOU BLACK_TRINH,manual,$20.00,$0.00,Dynamic bids down only,NOT_SET,--,,1409,4,0.0028,8.2,2.05,0,0,0,0,--,0,0,0,0,0,--,0,--
sponsoredProducts,B0F18PVLJ1_20oz_Every sip tastes_retirement gifts for men_ex 10h50,Delivering,US,NewEleven,B0F18PVLJ1_TUMBLER 20_EVERY SIP TASTES LIKE RETIRED 2025 BLACK_Linh,manual,$20.00,$0.00,Dynamic bids and down,NOT_SET,--,,837,4,0.0048,8.09,2.02,0,0,0,0,--,0,0,0,0,0,--,0,--
sponsoredProducts,B0DH7YGD9Q_20oz_Vintage 1975 + weird navy_asin_ex,Delivering,US,NewEleven,B0DH7YGD9Q_TUMBLER 20_VINTAGE 1975 + WEIRD BEING OLD PEOPLE NAVY_Linh,manual,$15.00,$0.00,Dynamic bids down only,NOT_SET,--,,172,4,0.0233,8,2,0,0,0,0,--,0,0,0,0,0,--,0,--
sponsoredProducts,B0FBRBL1CQ_Bible Jar_Aunt_auto 10h12,Paused,US,NewEleven,B0FBRBL1CQ_BIBLE JAR_AUNT_NGAN,auto,$5.00,$0.00,Dynamic bids and down,NOT_SET,--,,374,6,0.016,7.82,1.3,1,16.98,1,0.1667,0.4605,2.17,7.82,16.98,0,1,--,1,--
sponsoredProducts,SP_B0DH86X93V_Tumbler 20_Vintage 1985 Weird Being Old People Navy_Manual_KW_40th birthday gifts women_ex_Down,Delivering,US,NewEleven,B0DH86X93V_TUMBLER 20_VINTAGE 1985 WEIRD BEING OLD PEOPLE NAVY_TRINH,manual,$8.00,$0.00,Dynamic bids down only,NOT_SET,--,,1276,4,0.0031,7.2,1.8,2,39.96,2,0.5,0.1802,5.55,3.6,39.96,0,2,--,2,--
sponsoredProducts,SP_B0DPM5JXP7_Ornament_New Home New Beginnings New Memories 2025 Glass_Manual_PT_ex_Up & Down,Paused,US,NewEleven,B0DPM5JXP7_ORNAMENT_NEW HOME NEW BEGINNINGS NEW MEMORIES 2025 GLASS_TRINH,manual,$8.00,$0.00,Dynamic bids down only,NOT_SET,--,,1644,8,0.0049,7.2,0.9,2,19.98,2,0.25,0.3604,2.78,3.6,19.98,0,2,--,2,--
sponsoredProducts,B0DYDZFRZD_20oz_Big heart + teacher nutri_auto 11h40,Delivering,US,NewEleven,B0DYDZFRZD_TUMBLER 20_BIG HEART LITTLE MINDS + TEACHER NUTRITION_NGAN,auto,$5.00,$0.00,Dynamic bids down only,NOT_SET,--,,226,6,0.0265,7.2,1.2,1,25.96,2,0.1667,0.2773,3.61,7.2,25.96,0,1,--,2,--
sponsoredProducts,"B0CKYJ8WLN_20oz_Favorite grandpa child_grandpa birthday_b,p 11h30",Delivering,US,NewEleven,B0CKYJ8WLN_TUMBLER 20_MY FAVORITE GRANDCHILD + GRANDPA NUTRITION NAVY_NGUYEN,manual,$10.00,$0.00,Dynamic bids and down,MINIMIZE_SPEND,--,,313,5,0.016,7,1.4,0,0,0,0,--,0,0,0,0,0,--,0,--
sponsoredProducts,B0DM63J16N_20oz_60 fabulous + making 1965_auto 11h,Delivering,US,NewEleven,B0DM63J16N_TUMBLER 20_60 & FABULOUS + MAKING 1965_THILE,auto,$20.00,$0.00,Dynamic bids and down,NOT_SET,--,,2470,10,0.004,6.99,0.7,1,21.98,1,0.1,0.318,3.14,6.99,21.98,0,1,--,1,--
sponsoredProducts,SP_B0DH87FYNN_Tumbler 20_Vintage 1965 Weird Being Old People Navy_Manual_KW_60th birthday gifts for men_ex_Down,Delivering,US,NewEleven,B0DH87FYNN_TUMBLER 20_VINTAGE 1965 WEIRD BEING OLD PEOPLE NAVY_TRINH,manual,$14.00,$0.00,Dynamic bids down only,NOT_SET,--,,1137,4,0.0035,6.93,1.73,0,0,0,0,--,0,0,0,0,0,--,0,--
sponsoredProducts,SP_B0DGGDX9P5_Coffee Glass_Vintage 1985 + Back In 1985_Auto_Up & Down,Delivering,US,NewEleven,B0DGGDX9P5_COFFEE GLASS_VINTAGE 1985 + BACK IN 1985_NGAN,auto,$5.00,$0.00,Dynamic bids down only,NOT_SET,--,,2245,7,0.0031,6.87,0.98,0,0,0,0,--,0,0,0,0,0,--,0,--
sponsoredProducts,SP_B08R8R2LQF_Tumbler 20_May The Forties Be With You Black_Manual_PT_ex_Down_Tumbler+Mug+Glass,Delivering,US,NewEleven,B08R8R2LQF_TUMBLER 20_MAY THE FORTIES BE WITH YOU BLACK_TRINH,manual,$10.00,$0.00,Dynamic bids down only,MINIMIZE_SPEND,--,,997,5,0.005,6.8,1.36,1,22.98,1,0.2,0.2959,3.38,6.8,22.98,0,1,--,1,--
sponsoredProducts,B0DH87FYNN_20oz_vintage 1965 weird navy_1965 birthday gifts for men ex,Paused,US,NewEleven,B0DH87FYNN_TUMBLER 20_VINTAGE 1965 WEIRD BEING OLD PEOPLE NAVY_TRINH,manual,$8.00,$0.00,Dynamic bids down only,NOT_SET,--,,117,3,0.0256,6.8,2.27,0,0,0,0,--,0,0,0,0,0,--,0,--
sponsoredProducts,SP_B0F18CMJ3L_Whiskey Glass_Every Sip Tastes Like Retired 2025_Manual_KW_retirement decorations_p_Up & Down,Delivering,US,NewEleven,B0F18CMJ3L_WHISKEY GLASS_EVERY SIP TASTES LIKE RETIRED 2025_Linh,manual,$15.00,$0.00,Dynamic bids and down,NOT_SET,--,,348,4,0.0115,6.62,1.66,1,22.98,1,0.25,0.2881,3.47,6.62,22.98,0,1,--,1,--
sponsoredProducts,"B0F18PVLJ1_20oz_Every sip tastes_retirement gift for men_b,p 12h35",Delivering,US,NewEleven,B0F18PVLJ1_TUMBLER 20_EVERY SIP TASTES LIKE RETIRED 2025 BLACK_Linh,manual,$15.00,$0.00,Dynamic bids and down,NOT_SET,--,,275,4,0.0145,6.5,1.63,0,0,0,0,--,0,0,0,0,0,--,0,--
sponsoredProducts,"SP_B0F18PVLJ1_Tumbler 20_Every Sip Tastes Like Retired 2025 + Card Black_Manual_PT_exp, ex_Up & Down",Delivering,US,NewEleven,B0F18PVLJ1_TUMBLER 20_EVERY SIP TASTES LIKE RETIRED 2025 BLACK_Linh,manual,$10.00,$0.00,Dynamic bids and down,NOT_SET,--,,975,5,0.0051,6.47,1.29,0,0,0,0,--,0,0,0,0,0,--,0,--
sponsoredProducts,"B0DYDZFRZD_20oz_Big heart + teacher nutri_teacher gift_b,p 12h16",Paused,US,NewEleven,B0DYDZFRZD_TUMBLER 20_BIG HEART LITTLE MINDS + TEACHER NUTRITION_NGAN,manual,$5.00,$0.00,Dynamic bids down only,NOT_SET,--,,114,4,0.0351,6.4,1.6,0,0,0,0,--,0,0,0,0,0,--,0,--
sponsoredProducts,"B0DH87FYNN_20oz_Vintage 1965 weird navy_60th birthday decorations for men b,p",Delivering,US,NewEleven,B0DH87FYNN_TUMBLER 20_VINTAGE 1965 WEIRD BEING OLD PEOPLE NAVY_TRINH,manual,$12.00,$0.00,Dynamic bids down only,NOT_SET,--,,480,4,0.0083,6.4,1.6,2,59.94,3,0.5,0.1068,9.37,3.2,59.94,0,2,--,3,--
sponsoredProducts,B0FBRBL1CQ_Bible Jar_Aunt_auto 9h53,Paused,US,NewEleven,B0FBRBL1CQ_BIBLE JAR_AUNT_NGAN,auto,$5.00,$0.00,Dynamic bids down only,NOT_SET,--,,276,5,0.0181,6.36,1.27,1,16.98,1,0.2,0.3746,2.67,6.36,16.98,0,1,--,1,--
sponsoredProducts,SP_B089QFYLFB_Tumbler 12_Fifty Fabulous Rose Gold_Auto_All_Up & Down,Delivering,US,NewEleven,B089QFYLFB_TUMBLER 12_FIFTY FABULOUS ROSE GOLD_NGAN,auto,$5.00,$0.00,Dynamic bids down only,NOT_SET,--,,2994,10,0.0033,6.3,0.63,0,0,0,0,--,0,0,0,0,0,--,0,--
sponsoredProducts,"B0DYDZFRZD_20oz_Big heart + teacher nutri_teacher_b,p 11h40",Delivering,US,NewEleven,B0DYDZFRZD_TUMBLER 20_BIG HEART LITTLE MINDS + TEACHER NUTRITION_NGAN,manual,$5.00,$0.00,Dynamic bids down only,NOT_SET,--,,474,7,0.0148,6.3,0.9,2,25.96,2,0.2857,0.2427,4.12,3.15,25.96,0,2,--,2,--
sponsoredProducts,"B0CY4MC1GJ_20oz_Dumb bass black_fishing gifts b,p 2",Delivering,US,NewEleven,B0CY4MC1GJ_TUMBLER 20_DON'T BE A DUMB BASS BLACK_Linh,manual,$5.00,$0.00,Dynamic bids and down,NOT_SET,--,,282,4,0.0142,6.09,1.52,1,17.98,1,0.25,0.3387,2.95,6.09,17.98,0,1,--,1,--
sponsoredProducts,B0CYS94K31_12oz_In my forties era rose_40th birthday gifts women_ex,Delivering,US,NewEleven,B0CYS94K31_TUMBLER 12_IN MY FORTIES ERA ROSE GOLD_NGAN,manual,$15.00,$0.00,Dynamic bids down only,NOT_SET,--,,1056,3,0.0028,6,2,2,34.96,2,0.6667,0.1716,5.83,3,34.96,0,2,--,2,--
sponsoredProducts,B0BYCT1SRJ_CF_cool aunt club_aunt gifts_broad,Delivering,US,NewEleven,B0BYCT1SRJ_COFFEE GLASS_COOL AUNT CLUB_NGAN,manual,$10.00,$0.00,Dynamic bids down only,NOT_SET,--,,1175,3,0.0026,6,2,0,0,0,0,--,0,0,0,0,0,--,0,--
sponsoredProducts,B0F18PVLJ1_20oz_Every sip tastes_all key (TOS 900),Paused,US,NewEleven,B0F18PVLJ1_TUMBLER 20_EVERY SIP TASTES LIKE RETIRED 2025 BLACK_Linh,manual,$10.00,$0.00,Dynamic bids and down,MINIMIZE_SPEND,--,,1586,4,0.0025,5.85,1.46,2,45.96,2,0.5,0.1273,7.86,2.93,45.96,0,2,--,2,--
sponsoredProducts,"SP_B0DH7YGD9Q_Tumbler 20_Vintage 1975 + Weird Being Old People Navy_Manual_KW_50 year old_b,p_Up & Down",Delivering,US,NewEleven,B0DH7YGD9Q_TUMBLER 20_VINTAGE 1975 + WEIRD BEING OLD PEOPLE NAVY_Linh,manual,$15.00,$0.00,Dynamic bids and down,NOT_SET,--,,165,3,0.0182,5.7,1.9,1,21.98,1,0.3333,0.2593,3.86,5.7,0,21.98,0,1,0,1
sponsoredProducts,"B0F18PVLJ1_20oz_Every sip tastes_retirement decorations_b,p 17h",Delivering,US,NewEleven,B0F18PVLJ1_TUMBLER 20_EVERY SIP TASTES LIKE RETIRED 2025 BLACK_Linh,manual,$15.00,$0.00,Dynamic bids and down,NOT_SET,--,,313,3,0.0096,5.7,1.9,2,45.96,2,0.6667,0.124,8.06,2.85,45.96,0,2,--,2,--
sponsoredProducts,"B0DPM5JXP7_Orna_New home 2025 glass_new home ornament 2025_b,p 10h10",Delivering,US,NewEleven,B0DPM5JXP7_ORNAMENT_NEW HOME NEW BEGINNINGS NEW MEMORIES 2025 GLASS_TRINH,manual,$10.00,$0.00,Dynamic bids down only,NOT_SET,--,,1487,6,0.004,5.62,0.94,2,19.98,2,0.3333,0.2813,3.56,2.81,19.98,0,2,--,2,--
sponsoredProducts,SP_B09XDFF8FF_Tumbler 20_You Are Dead To Us Black_Manual_KW_farewell gifts for coworkers_ex_Up & Down,Delivering,US,NewEleven,B09XDFF8FF_TUMBLER 20_YOU ARE DEAD TO US BLACK_NGAN,manual,$5.00,$0.00,Dynamic bids down only,NOT_SET,--,,438,7,0.016,5.6,0.8,1,14.98,1,0.1429,0.3738,2.68,5.6,0,14.98,0,1,0,1
sponsoredProducts,B0DGGDX9P5_CF_Vintage 1985 + back in 1985_40th birthday decorations for women_ex,Delivering,US,NewEleven,B0DGGDX9P5_COFFEE GLASS_VINTAGE 1985 + BACK IN 1985_NGAN,manual,$5.00,$0.00,Dynamic bids down only,NOT_SET,--,,226,4,0.0177,5.6,1.4,0,0,0,0,--,0,0,0,0,0,--,0,--
sponsoredProducts,"B0CJLF7CW6_20oz_Awesome like daughter navy_birthday gifts for dad_b,p 14h40",Delivering,US,NewEleven,B0CJLF7CW6_TUMBLER 20_AWESOME LIKE MY DAUGHTER NAVY_NGUYEN,manual,$10.00,$0.00,Dynamic bids and down,MINIMIZE_SPEND,--,,818,3,0.0037,5.6,1.87,0,0,0,0,--,0,0,0,0,0,--,0,--
sponsoredProducts,B08R8PXYL6_12oz_Sixty fabulous rose_60th birthday gifts for women_ex 11h,Delivering,US,NewEleven,B08R8PXYL6_TUMBLER 12_SIXTY FABULOUS ROSE GOLD_NGAN,manual,$5.00,$0.00,Dynamic bids down only,NOT_SET,--,,401,4,0.01,5.6,1.4,1,19.98,1,0.25,0.2803,3.57,5.6,19.98,0,1,--,1,--
sponsoredDisplay,SD_B0DHC932W2_Hat_Trucker Hat 1985_Page Visits_PDP_Remarketing_Contextual,Delivering,US,NewEleven,B0DHC932W2_HAT_TRUCKER HAT 1985_THILE,manual,$10.00,$0.00,,,--,,913,7,0.0077,5.41,0.77,0,0,0,0,--,0,0,0,0,0,--,0,--
sponsoredProducts,B0FC62VRRC_Card_Let'S Be Friends 'Til_Manual_PT_ex,Paused,US,NewEleven,B0FC62VRRC_CARD_LET'S BE FRIEND_NGAN,manual,$5.00,$0.00,Dynamic bids down only,NOT_SET,--,,61,6,0.0984,5.35,0.89,0,0,0,0,--,0,0,0,0,0,--,0,--
sponsoredProducts,"B0CXXJ751C_CF_Work bestie nutrition_friend b,p",Delivering,US,NewEleven,B0CXXJ751C_COFFEE GLASS_WORK BESTIE + WORK BESTIE NUTRITION WHITE_Linh,manual,$5.00,$0.00,Dynamic bids and down,NOT_SET,--,,757,7,0.0092,5.26,0.75,0,0,0,0,--,0,0,0,0,0,--,0,--
sponsoredProducts,"SP_B0CG8N67SJ_Tumbler 20_My Favorite Child + Dad Nutrition Navy_Manual_KW_gift for dad_b,p_Up & Down",Delivering,US,NewEleven,B0CG8N67SJ_TUMBLER 20_MY FAVORITE CHILD + DAD NUTRITION NAVY_Linh,manual,$15.00,$0.00,Dynamic bids and down,NOT_SET,--,,881,4,0.0045,5.18,1.3,0,0,0,0,--,0,0,0,0,0,--,0,--
sponsoredProducts,"B0F18PVLJ1_20oz_Every sip tastes_retired_b,p 11h",Delivering,US,NewEleven,B0F18PVLJ1_TUMBLER 20_EVERY SIP TASTES LIKE RETIRED 2025 BLACK_Linh,manual,$10.00,$0.00,Dynamic bids and down,NOT_SET,--,,272,3,0.011,5.15,1.72,0,0,0,0,--,0,0,0,0,0,--,0,--
sponsoredProducts,B0FC5SSDXK_Card_Hear's another year_anniversary card for husband_ex,Delivering,US,NewEleven,B0FC5SSDXK_CARD_HERE'S TO ANOTHER YEAR Linh,manual,$5.00,$0.00,Dynamic bids and down,NOT_SET,--,,141,7,0.0496,5.14,0.73,1,6.99,1,0.1429,0.7353,1.36,5.14,6.99,0,1,--,1,--
sponsoredProducts,SP_B0FC62VRRC_Card_Let'S Be Friends 'Til_Manual_all key_b_Up & Down,Paused,US,NewEleven,B0FC62VRRC_CARD_LET'S BE FRIEND_NGAN,manual,$5.00,$0.00,Dynamic bids down only,NOT_SET,--,,264,9,0.0341,5.1,0.57,3,17.97,3,0.3333,0.2838,3.52,1.7,17.97,0,3,--,3,--
sponsoredProducts,B0CY4MC1GJ_20oz_Dumb bass black_all key 10h,Paused,US,NewEleven,B0CY4MC1GJ_TUMBLER 20_DON'T BE A DUMB BASS BLACK_Linh,manual,$5.00,$0.00,Dynamic bids and down,MINIMIZE_SPEND,--,,653,4,0.0061,5.08,1.27,0,0,0,0,--,0,0,0,0,0,--,0,--
sponsoredProducts,B0DWN3SH33_CF_Nurse coffee scrubs rubber gloves_gifts for nurses ex_12h,Delivering,US,NewEleven,B0DWN3SH33_COFFEE GLASS_NURSE COFFEE SCRUBS RUBBER GLOVES_THILE,manual,$10.00,$0.00,Dynamic bids down only,MINIMIZE_SPEND,--,,353,5,0.0142,5,1,1,9.99,1,0.2,0.5005,2,5,0,9.99,0,1,0,1
sponsoredBrands,SB_Drive PV_Video_Custom_KW_ B089QFYLFB_ex,Delivering,US,NewEleven,B089QFYLFB_TUMBLER 12_FIFTY FABULOUS ROSE GOLD_NGAN,manual,$10.00,$0.00,Automated bidding,,--,,611,3,0.0049,4.95,1.65,0,0,0,0,--,0,0,0,0,0,--,0,--
sponsoredProducts,"B0CG8N67SJ_20oz_Favorite child + dad nutri navy_dad birthday_b,p 12h",Delivering,US,NewEleven,B0CG8N67SJ_TUMBLER 20_MY FAVORITE CHILD + DAD NUTRITION NAVY_Linh,manual,$20.00,$0.00,Dynamic bids down only,NOT_SET,--,,575,3,0.0052,4.92,1.64,1,19.98,1,0.3333,0.2462,4.06,4.92,19.98,0,1,--,1,--
sponsoredProducts,B0DH7YGD9Q_20oz_Vintage 1975 + weird navy_50 year old gifts for men_p 15h10 (TOS bid 900%),Delivering,US,NewEleven,B0DH7YGD9Q_TUMBLER 20_VINTAGE 1975 + WEIRD BEING OLD PEOPLE NAVY_Linh,manual,$10.00,$0.00,Dynamic bids and down,MINIMIZE_SPEND,--,,198,2,0.0101,4.79,2.4,1,19.98,1,0.5,0.2397,4.17,4.79,19.98,0,1,--,1,--
sponsoredProducts,SP_B0FCLHRJ36_Crochet_Sunflower Crochet_Auto_All_Up & Down,Paused,US,NewEleven,B0FCLHRJ36_CROCHET_SUNFLOWER CROCHET Linh,auto,$5.00,$0.00,Dynamic bids and down,NOT_SET,--,,332,8,0.0241,4.59,0.57,0,0,0,0,--,0,0,0,0,0,--,0,--
sponsoredProducts,B0FC5TBFWB_Card_Happy Burfday To Dog Dad_all key 10h57,Delivering,US,NewEleven,B0FC5TBFWB_CARD_HAPPY BURFDAY TO DOG DAD_NGAN,manual,$5.00,$0.00,Dynamic bids down only,NOT_SET,--,,94,6,0.0638,4.44,0.74,1,6.99,1,0.1667,0.6352,1.57,4.44,6.99,0,1,--,1,--
sponsoredProducts,"SP_B0CG8N67SJ_Tumbler 20_My Favorite Child + Dad Nutrition Navy_Manual_KW_dad gifts for birthday_b,p_Up & Down",Delivering,US,NewEleven,B0CG8N67SJ_TUMBLER 20_MY FAVORITE CHILD + DAD NUTRITION NAVY_Linh,manual,$15.00,$0.00,Dynamic bids and down,NOT_SET,--,,425,3,0.0071,4.34,1.45,0,0,0,0,--,0,0,0,0,0,--,0,--
sponsoredProducts,SP_B0CJ2CKDR8_Coffee Glass_Godmother_Manual_KW_all key_b_Up & Down_14h33,Delivering,US,NewEleven,B0CJ2CKDR8_COFFEE GLASS_GODMOTHER_NGAN,manual,$5.00,$0.00,Dynamic bids and down,NOT_SET,--,,209,5,0.0239,4.3,0.86,1,14.98,1,0.2,0.287,3.48,4.3,14.98,0,1,--,1,--
sponsoredProducts,"B0F18PVLJ1_20oz_Every sip tastes_retirement gift_b,p 10h50",Delivering,US,NewEleven,B0F18PVLJ1_TUMBLER 20_EVERY SIP TASTES LIKE RETIRED 2025 BLACK_Linh,manual,$15.00,$0.00,Dynamic bids and down,NOT_SET,--,,917,3,0.0033,4.23,1.41,0,0,0,0,--,0,0,0,0,0,--,0,--
sponsoredProducts,B0CJ2CKDR8_CF_Godmother_godmother proposal gift_ex 14h48,Delivering,US,NewEleven,B0CJ2CKDR8_COFFEE GLASS_GODMOTHER_NGAN,manual,$5.00,$0.00,Dynamic bids down only,NOT_SET,--,,400,4,0.01,4.2,1.05,0,0,0,0,--,0,0,0,0,0,--,0,--
sponsoredProducts,"B0DH87FYNN_20oz_vintage 1965 weird navy_1965 b,p",Delivering,US,NewEleven,B0DH87FYNN_TUMBLER 20_VINTAGE 1965 WEIRD BEING OLD PEOPLE NAVY_TRINH,manual,$8.00,$0.00,Dynamic bids down only,NOT_SET,--,,138,3,0.0217,4.01,1.34,2,41.96,2,0.6667,0.0956,10.46,2.01,19.98,21.98,1,1,1,1
sponsoredProducts,B0BYCT1SRJ_CF_cool aunt club_auto 16h21,Delivering,US,NewEleven,B0BYCT1SRJ_COFFEE GLASS_COOL AUNT CLUB_NGAN,auto,$10.00,$0.00,Dynamic bids down only,NOT_SET,--,,406,5,0.0123,4,0.8,1,15.98,1,0.2,0.2503,4,4,15.98,0,1,--,1,--
sponsoredProducts,"B0F6M3X7LG_Bible jar_Read me when_birthday presents for women_b,p 14h10",Delivering,US,NewEleven,B0F6M3X7LG_BIBLE JAR_READ THIS WHEN_Linh,manual,$10.00,$0.00,Dynamic bids and down,NOT_SET,--,,152,3,0.0197,3.95,1.32,1,16.98,1,0.3333,0.2326,4.3,3.95,16.98,0,1,--,1,--
sponsoredProducts,SP_B0DYDZFRZD_Tumbler 20_Big Heart Little Minds + Card_Manual_KW_gifts for teachers women_ex_Up & Down,Delivering,US,NewEleven,B0DYDZFRZD_TUMBLER 20_BIG HEART LITTLE MINDS + TEACHER NUTRITION_NGAN,manual,$5.00,$0.00,Dynamic bids and down,NOT_SET,--,,64,3,0.0469,3.92,1.31,0,0,0,0,--,0,0,0,0,0,--,0,--
sponsoredProducts,"B0FC5XQTBQ_Card_Thank You For Feeding Me_dog mom b,p",Delivering,US,NewEleven,B0FC5XQTBQ_CARD_HAPPY BIRTHDAY DOG MOM_THILE,manual,$15.00,$0.00,Dynamic bids down only,MINIMIZE_SPEND,--,,265,5,0.0189,3.91,0.78,1,6.99,1,0.2,0.5594,1.79,3.91,6.99,0,1,--,1,--
sponsoredProducts,B0CJ2CKDR8_CF_Godmother_auto 17h11,Delivering,US,NewEleven,B0CJ2CKDR8_COFFEE GLASS_GODMOTHER_NGAN,auto,$10.00,$0.00,Dynamic bids down only,NOT_SET,--,,1364,7,0.0051,3.85,0.55,0,0,0,0,--,0,0,0,0,0,--,0,--
sponsoredProducts,SP_B0FC53MMVC_Bible Jar_Wife_Manual_KW_birthday gifts for wife_p_Up & Down,Paused,US,NewEleven,launching_B0FC53MMVC_BIBLE JAR_WIFEY_NGAN,manual,$5.00,$0.00,Dynamic bids down only,NOT_SET,--,,17,2,0.1176,3.65,1.83,0,0,0,0,--,0,0,0,0,0,--,0,--
sponsoredProducts,B0DGGDN9WS_CF_vintage 1995 + back in 1995_asin exact_11h50,Delivering,US,NewEleven,B0DGGDN9WS_COFFEE GLASS_VINTAGE 1995 + BACK IN 1995_THILE,manual,$10.00,$0.00,Dynamic bids down only,MINIMIZE_SPEND,--,,382,4,0.0105,3.64,0.91,1,15.98,1,0.25,0.2278,4.39,3.64,15.98,0,1,--,1,--
sponsoredProducts,B0DH87FYNN_20oz_vintage 1965 weird navy_asin 12h45,Delivering,US,NewEleven,B0DH87FYNN_TUMBLER 20_VINTAGE 1965 WEIRD BEING OLD PEOPLE NAVY_TRINH,manual,$12.00,$0.00,Dynamic bids down only,NOT_SET,--,,712,3,0.0042,3.5,1.17,0,0,0,0,--,0,0,0,0,0,--,0,--
sponsoredProducts,B0DH88L44J_Wine glass_Not my problem 2025_retirement gift for woman_ex 16h50,Delivering,US,NewEleven,B0DH88L44J_WINE GLASS_RETIRED 2025 NOT MY PROBLEM ANYMORE_Linh,manual,$10.00,$0.00,Dynamic bids down only,NOT_SET,--,,73,2,0.0274,3.4,1.7,0,0,0,0,--,0,0,0,0,0,--,0,--
sponsoredProducts,B0F18PVLJ1_20oz_Every sip tastes_auto 2,Delivering,US,NewEleven,B0F18PVLJ1_TUMBLER 20_EVERY SIP TASTES LIKE RETIRED 2025 BLACK_Linh,auto,$15.00,$0.00,Dynamic bids and down,MINIMIZE_SPEND,--,,1302,3,0.0023,3.4,1.13,1,22.98,1,0.3333,0.148,6.76,3.4,22.98,0,1,--,1,--
sponsoredProducts,"""SP_B0CY4MC1GJ_Tumbler 20_Don'T Be A Dumb Bass Black_Manual_KW_fishing gifts _b,p_Up & Down""",Delivering,US,NewEleven,B0CY4MC1GJ_TUMBLER 20_DON'T BE A DUMB BASS BLACK_Linh,manual,$5.00,$0.00,Dynamic bids and down,NOT_SET,--,,420,3,0.0071,3.33,1.11,1,17.98,1,0.3333,0.1852,5.4,3.33,17.98,0,1,--,1,--
sponsoredProducts,SP_B0DHC932W2_Hat_Trucker Hat 1985_Manual_PT_ex_Down,Delivering,US,NewEleven,B0DHC932W2_HAT_TRUCKER HAT 1985_THILE,manual,$10.00,$0.00,Dynamic bids down only,MINIMIZE_SPEND,--,,231,3,0.013,3.3,1.1,1,16.98,1,0.3333,0.1943,5.15,3.3,16.98,0,1,--,1,--
sponsoredProducts,B0CQJZP6TK_CF_In my auntie era_aunt gifts ex_11h30,Delivering,US,NewEleven,B0CQJZP6TK_COFFEE GLASS_IN MY AUNTIE ERA + AUNTIE NUTRITION_THILE,manual,$10.00,$0.00,Dynamic bids down only,MINIMIZE_SPEND,--,,464,3,0.0065,3.3,1.1,0,0,0,0,--,0,0,0,0,0,--,0,--
sponsoredProducts,B0F18PVLJ1_20oz_Every sip tastes_retirement gifts for men_ex,Delivering,US,NewEleven,B0F18PVLJ1_TUMBLER 20_EVERY SIP TASTES LIKE RETIRED 2025 BLACK_Linh,manual,$20.00,$0.00,Dynamic bids and down,MINIMIZE_SPEND,--,,693,2,0.0029,3.3,1.65,0,0,0,0,--,0,0,0,0,0,--,0,--
sponsoredProducts,"B0F18CMJ3L_Whiskey_Every Sip Tastes_gift for retirement_b,p 17h15",Delivering,US,NewEleven,B0F18CMJ3L_WHISKEY GLASS_EVERY SIP TASTES LIKE RETIRED 2025_Linh,manual,$10.00,$0.00,Dynamic bids and down,NOT_SET,--,,91,2,0.022,3.27,1.64,1,19.98,1,0.5,0.1637,6.11,3.27,0,19.98,0,1,0,1
sponsoredProducts,B0FBRBL1CQ_Bible Jar_Aunt_all key 10h12,Delivering,US,NewEleven,B0FBRBL1CQ_BIBLE JAR_AUNT_NGAN,manual,$10.00,$0.00,Dynamic bids down only,NOT_SET,--,,586,4,0.0068,3.2,0.8,0,0,0,0,--,0,0,0,0,0,--,0,--
sponsoredProducts,B08R8PXYL6_12oz_Sixty fabulous rose_60th birthday gifts for women_broad,Delivering,US,NewEleven,B08R8PXYL6_TUMBLER 12_SIXTY FABULOUS ROSE GOLD_NGAN,manual,$5.00,$0.00,Dynamic bids down only,NOT_SET,--,,393,2,0.0051,3.2,1.6,0,0,0,0,--,0,0,0,0,0,--,0,--
sponsoredProducts,B0DH86X93V_20oz_vintage 1985 weird navy_40th birthday men b,Delivering,US,NewEleven,B0DH86X93V_TUMBLER 20_VINTAGE 1985 WEIRD BEING OLD PEOPLE NAVY_TRINH,manual,$10.00,$0.00,Dynamic bids down only,NOT_SET,--,,495,2,0.004,3.2,1.6,1,19.98,1,0.5,0.1602,6.24,3.2,19.98,0,1,--,1,--
sponsoredProducts,B0DM63J16N_20oz_60 fabulous + making 1965_all key 11h50,Delivering,US,NewEleven,B0DM63J16N_TUMBLER 20_60 & FABULOUS + MAKING 1965_THILE,manual,$20.00,$0.00,Dynamic bids and down,MINIMIZE_SPEND,--,,440,2,0.0045,3.15,1.58,1,21.98,1,0.5,0.1433,6.98,3.15,21.98,0,1,--,1,--
sponsoredProducts,SP_B0DH7X6R1J_Tumbler 20_50 & Fabulous + Making The World 1975 White_Manual_KW_50 year old gifts for women_ex_Up & Down,Delivering,US,NewEleven,B0DH7X6R1J_TUMBLER 20_50 & FABULOUS + MAKING 1975_NGAN,manual,$5.00,$0.00,Dynamic bids and down,NOT_SET,--,,573,2,0.0035,3,1.5,0,0,0,0,--,0,0,0,0,0,--,0,--
sponsoredProducts,B0F18CMJ3L_Whiskey_Every Sip Tastes_retirement gifts for men 2025_ex 17h15,Delivering,US,NewEleven,B0F18CMJ3L_WHISKEY GLASS_EVERY SIP TASTES LIKE RETIRED 2025_Linh,manual,$10.00,$0.00,Dynamic bids and down,NOT_SET,--,,206,2,0.0097,3,1.5,0,0,0,0,--,0,0,0,0,0,--,0,--
sponsoredProducts,"B0F3C9BMFZ_Candles_Smell like_retirement gift for woman b,p_12h50",Delivering,US,NewEleven,B0F3C9BMFZ_CANDLE_SMELLS LIKE IT'S NOT MY PROBLEM ANYMORE_Linh,manual,$5.00,$0.00,Dynamic bids down only,MINIMIZE_SPEND,--,,88,2,0.0227,3,1.5,0,0,0,0,--,0,0,0,0,0,--,0,--
sponsoredProducts,"B0CXXJ751C_CF_Work bestie nutrition_work besties gifts for women_b,p 12h",Delivering,US,NewEleven,B0CXXJ751C_COFFEE GLASS_WORK BESTIE + WORK BESTIE NUTRITION WHITE_Linh,manual,$5.00,$0.00,Dynamic bids and down,NOT_SET,--,,50,3,0.06,3,1,1,15.98,1,0.3333,0.1877,5.33,3,15.98,0,1,--,1,--
sponsoredProducts,"B0DJZ5B6YZ_Orna_Love you dad glass_dad gifts from daughter b,p",Paused,US,NewEleven,B0DJZ5B6YZ_ORNAMENT_LOVE YOU DAD GLASS_NGAN,manual,$5.00,$0.00,Dynamic bids down only,NOT_SET,--,,154,1,0.0065,3,3,0,0,0,0,--,0,0,0,0,0,--,0,--
sponsoredProducts,SP_B0BYCT1SRJ_Coffee Glass_Cool Aunt Club_Manual_KW_auntie gift ideas_ex_Up & Down,Delivering,US,NewEleven,B0BYCT1SRJ_COFFEE GLASS_COOL AUNT CLUB_NGAN,manual,$5.00,$0.00,Dynamic bids down only,NOT_SET,--,,497,2,0.004,2.92,1.46,1,14.98,1,0.5,0.1949,5.13,2.92,0,14.98,0,1,0,1
sponsoredProducts,B09XDFF8FF_20oz_You are dead to us black_asin ex 10h06,Delivering,US,NewEleven,B09XDFF8FF_TUMBLER 20_YOU ARE DEAD TO US BLACK_NGAN,manual,$10.00,$0.00,Dynamic bids and down,NOT_SET,--,,34,2,0.0588,2.84,1.42,1,19.98,1,0.5,0.1421,7.04,2.84,19.98,0,1,--,1,--
sponsoredDisplay,SD_B0DGGDN9WS_Coffee Glass_Vintage 1995 + Back In 1995_Page Visits_PDP_Remarketing_Contextual,Delivering,US,NewEleven,B0DGGDN9WS_COFFEE GLASS_VINTAGE 1995 + BACK IN 1995_THILE,manual,$10.00,$0.00,,,--,,938,3,0.0032,2.84,0.95,0,0,0,0,--,0,0,0,0,0,--,0,--
sponsoredProducts,SP_B08R8R2LQF_Tumbler 20_May The Forties Be With You Black_Manual_PT_ex_Down_Other,Delivering,US,NewEleven,B08R8R2LQF_TUMBLER 20_MAY THE FORTIES BE WITH YOU BLACK_TRINH,manual,$5.00,$0.00,Dynamic bids down only,MINIMIZE_SPEND,--,,686,2,0.0029,2.8,1.4,1,22.98,1,0.5,0.1218,8.21,2.8,22.98,0,1,--,1,--
sponsoredProducts,"SP_B0CG8N67SJ_Tumbler 20_My Favorite Child + Dad Nutrition Navy_Manual_KW_dad birthday gift_b,p_Up & Down",Delivering,US,NewEleven,B0CG8N67SJ_TUMBLER 20_MY FAVORITE CHILD + DAD NUTRITION NAVY_Linh,manual,$10.00,$0.00,Dynamic bids and down,NOT_SET,--,,114,2,0.0175,2.4,1.2,0,0,0,0,--,0,0,0,0,0,--,0,--
sponsoredProducts,"B097H6PJCN_20oz_Unclesaurus black_uncle gifts_b,p 17h45",Delivering,US,NewEleven,B097H6PJCN_TUMBLER 20_UNCLESAURUS BLACK_NGUYEN,manual,$3.00,$0.00,Dynamic bids and down,NOT_SET,--,,620,2,0.0032,2.4,1.2,0,0,0,0,--,0,0,0,0,0,--,0,--
sponsoredProducts,B0FC5XQTBQ_Card_Thank You For Feeding Me_asin exact_14h50,Delivering,US,NewEleven,B0FC5XQTBQ_CARD_HAPPY BIRTHDAY DOG MOM_THILE,manual,$10.00,$0.00,Dynamic bids down only,MINIMIZE_SPEND,--,,95,3,0.0316,2.25,0.75,2,13.98,2,0.6667,0.1609,6.21,1.13,13.98,0,2,--,2,--
sponsoredProducts,SP_B0FC53MMVC_Bible Jar_Wife_Manual_KW_anniversary gifts for wife_p_Up & Down,Paused,US,NewEleven,launching_B0FC53MMVC_BIBLE JAR_WIFEY_NGAN,manual,$5.00,$0.00,Dynamic bids down only,NOT_SET,--,,19,1,0.0526,2,2,0,0,0,0,--,0,0,0,0,0,--,0,--
sponsoredProducts,B08R8PXYL6_12oz_Sixty fabulous rose_asin ex,Delivering,US,NewEleven,B08R8PXYL6_TUMBLER 12_SIXTY FABULOUS ROSE GOLD_NGAN,manual,$25.00,$0.00,Dynamic bids down only,NOT_SET,--,,112,1,0.0089,2,2,0,0,0,0,--,0,0,0,0,0,--,0,--
sponsoredProducts,"SP_B0DH7YGD9Q_Tumbler 20_Vintage 1975 + Weird Being Old People Navy_Manual_KW_50th birthday_b,p_Up & Down",Delivering,US,NewEleven,B0DH7YGD9Q_TUMBLER 20_VINTAGE 1975 + WEIRD BEING OLD PEOPLE NAVY_Linh,manual,$20.00,$0.00,Dynamic bids and down,NOT_SET,--,,232,1,0.0043,1.9,1.9,1,19.98,1,1,0.0951,10.52,1.9,19.98,0,1,--,1,--
sponsoredProducts,"SP_B0DVSKXLS5_Bible Jar_Mom_Manual_KW_moms birthday gift ideas_b,p_Up & Down",Delivering,US,NewEleven,B0DVSKXLS5_BIBLE JAR_MOM_Linh,manual,$10.00,$0.00,Dynamic bids and down,NOT_SET,--,,271,1,0.0037,1.89,1.89,0,0,0,0,--,0,0,0,0,0,--,0,--
sponsoredProducts,B0CJ2CKDR8_CF_Godmother_will you be my godmother_ex,Delivering,US,NewEleven,B0CJ2CKDR8_COFFEE GLASS_GODMOTHER_NGAN,manual,$5.00,$0.00,Dynamic bids down only,NOT_SET,--,,279,3,0.0108,1.86,0.62,1,16.98,1,0.3333,0.1095,9.13,1.86,16.98,0,1,--,1,--
sponsoredProducts,"SP_B0DH88L44J_Wine Glass_Retired 2025 Not My Problem Anymore_Manual_KW_retirement 2025_b,p_Up & Down",Paused,US,NewEleven,B0DH88L44J_WINE GLASS_RETIRED 2025 NOT MY PROBLEM ANYMORE_Linh,manual,$10.00,$0.00,Dynamic bids and down,NOT_SET,--,,529,1,0.0019,1.8,1.8,0,0,0,0,--,0,0,0,0,0,--,0,--
sponsoredProducts,B0BRB6NJCT_CF_You are dead to us_gift for coworker leaving for new job_p 10h25,Delivering,US,NewEleven,B0BRB6NJCT_COFFEE GLASS_YOU ARE DEAD TO US_TRINH,manual,$5.00,$0.00,Dynamic bids down only,NOT_SET,--,,252,2,0.0079,1.8,0.9,0,0,0,0,--,0,0,0,0,0,--,0,--
sponsoredProducts,"B0DJZ5B6YZ_Orna_Love you dad glass_dad ornament b,p",Paused,US,NewEleven,B0DJZ5B6YZ_ORNAMENT_LOVE YOU DAD GLASS_NGAN,manual,$5.00,$0.00,Dynamic bids and down,NOT_SET,--,,49,1,0.0204,1.8,1.8,0,0,0,0,--,0,0,0,0,0,--,0,--
sponsoredProducts,B0F18PVLJ1_20oz_Every sip tastes_funny retirement gifts for men_ex 15h10,Delivering,US,NewEleven,B0F18PVLJ1_TUMBLER 20_EVERY SIP TASTES LIKE RETIRED 2025 BLACK_Linh,manual,$10.00,$0.00,Dynamic bids and down,NOT_SET,--,,270,1,0.0037,1.72,1.72,0,0,0,0,--,0,0,0,0,0,--,0,--
sponsoredProducts,SP_B0BYCT1SRJ_Coffee Glass_Cool Aunt Club_Manual_PT_ex_Up & Down_12h59,Delivering,US,NewEleven,B0BYCT1SRJ_COFFEE GLASS_COOL AUNT CLUB_NGAN,manual,$5.00,$0.00,Dynamic bids and down,NOT_SET,--,,114,1,0.0088,1.6,1.6,1,15.98,1,1,0.1001,9.99,1.6,15.98,0,1,--,1,--
sponsoredProducts,SP_B0DH86X93V_Tumbler 20_Vintage 1985 Weird Being Old People Navy_Manual_KW_mens 40th birthday gifts_b_Down,Delivering,US,NewEleven,B0DH86X93V_TUMBLER 20_VINTAGE 1985 WEIRD BEING OLD PEOPLE NAVY_TRINH,manual,$8.00,$0.00,Dynamic bids down only,NOT_SET,--,,172,1,0.0058,1.6,1.6,1,19.98,1,1,0.0801,12.49,1.6,19.98,0,1,--,1,--
sponsoredProducts,"B0CJLF7CW6_20oz_Awesome like daughter navy_gift for dad_b,p 14h40",Delivering,US,NewEleven,B0CJLF7CW6_TUMBLER 20_AWESOME LIKE MY DAUGHTER NAVY_NGUYEN,manual,$10.00,$0.00,Dynamic bids and down,MINIMIZE_SPEND,--,,317,1,0.0032,1.6,1.6,0,0,0,0,--,0,0,0,0,0,--,0,--
sponsoredProducts,B0DH7YGD9Q_20oz_Vintage 1975 + weird navy_50th birthday_ex 12h30 (TOS bid 900),Delivering,US,NewEleven,B0DH7YGD9Q_TUMBLER 20_VINTAGE 1975 + WEIRD BEING OLD PEOPLE NAVY_Linh,manual,$20.00,$0.00,Dynamic bids and down,MINIMIZE_SPEND,--,,147,1,0.0068,1.57,1.57,1,19.98,1,1,0.0786,12.73,1.57,19.98,0,1,--,1,--
sponsoredProducts,SP_B08R8PXYL6_Tumbler 12_Sixty Fabulous Rose Gold_Auto_Up & Down,Delivering,US,NewEleven,B08R8PXYL6_TUMBLER 12_SIXTY FABULOUS ROSE GOLD_NGAN,auto,$5.00,$0.00,Dynamic bids and down,NOT_SET,--,,1013,3,0.003,1.56,0.52,0,0,0,0,--,0,0,0,0,0,--,0,--
sponsoredProducts,B0DGGDN9WS_CF_vintage 1995 + back in 1995_auto 9h50,Delivering,US,NewEleven,B0DGGDN9WS_COFFEE GLASS_VINTAGE 1995 + BACK IN 1995_THILE,auto,$15.00,$0.00,Dynamic bids and down,MINIMIZE_SPEND,--,,771,3,0.0039,1.56,0.52,0,0,0,0,--,0,0,0,0,0,--,0,--
sponsoredProducts,SP_B0CYS94K31_Tumbler 12_In My Forties Era Rose Gold_Manual_PT_ex_Up & Down_12h39,Delivering,US,NewEleven,B0CYS94K31_TUMBLER 12_IN MY FORTIES ERA ROSE GOLD_NGAN,manual,$5.00,$0.00,Dynamic bids and down,NOT_SET,--,,515,1,0.0019,1.5,1.5,1,17.98,1,1,0.0834,11.99,1.5,17.98,0,1,--,1,--
sponsoredProducts,B0CQJZP6TK_CF_In my auntie era_best auntie gifts ex_11h30,Paused,US,NewEleven,B0CQJZP6TK_COFFEE GLASS_IN MY AUNTIE ERA + AUNTIE NUTRITION_THILE,manual,$10.00,$0.00,Dynamic bids down only,MINIMIZE_SPEND,--,,81,1,0.0123,1.5,1.5,0,0,0,0,--,0,0,0,0,0,--,0,--
sponsoredProducts,B0BYCT1SRJ_CF_cool aunt club_gifts for aunt_ex,Delivering,US,NewEleven,B0BYCT1SRJ_COFFEE GLASS_COOL AUNT CLUB_NGAN,manual,$5.00,$0.00,Dynamic bids down only,NOT_SET,--,,238,1,0.0042,1.5,1.5,0,0,0,0,--,0,0,0,0,0,--,0,--
sponsoredProducts,"B0F3C9BMFZ_Candles_Smell like_retirement gift_b,p 11h50",Paused,US,NewEleven,B0F3C9BMFZ_CANDLE_SMELLS LIKE IT'S NOT MY PROBLEM ANYMORE_Linh,manual,$5.00,$0.00,Dynamic bids down only,NOT_SET,--,,139,1,0.0072,1.5,1.5,0,0,0,0,--,0,0,0,0,0,--,0,--
sponsoredProducts,"B0F18PVLJ1_20oz_Every sip tastes_retirement gift for men_b,p 10h20",Delivering,US,NewEleven,B0F18PVLJ1_TUMBLER 20_EVERY SIP TASTES LIKE RETIRED 2025 BLACK_Linh,manual,$10.00,$0.00,Dynamic bids and down,MINIMIZE_SPEND,--,,100,1,0.01,1.5,1.5,1,22.98,1,1,0.0653,15.32,1.5,22.98,0,1,--,1,--
sponsoredProducts,SP_B092HNBJT6_Tumbler 20_Coworker Black_Manual_KW_we will miss you gifts_ex_Down,Delivering,US,NewEleven,B092HNBJT6_TUMBLER 20_COWORKER BLACK_TRINH,manual,$5.00,$0.00,Dynamic bids down only,NOT_SET,--,,113,1,0.0088,1.4,1.4,1,19.98,1,1,0.0701,14.27,1.4,19.98,0,1,--,1,--
sponsoredProducts,SP_B08R8R2LQF_Tumbler 20_May The Forties Be With You Black_Manual_PT_ex_Down_T-Shirt,Delivering,US,NewEleven,B08R8R2LQF_TUMBLER 20_MAY THE FORTIES BE WITH YOU BLACK_TRINH,manual,$1.00,$0.00,Dynamic bids down only,MINIMIZE_SPEND,--,,307,1,0.0033,1.4,1.4,1,22.98,1,1,0.0609,16.41,1.4,22.98,0,1,--,1,--
sponsoredProducts,SP_B0F13S4HSG_Bible Jar_Sister_Manual_KW_birthday gift for sister adult_ex_Up & Down,Delivering,US,NewEleven,B0F13S4HSG_BIBLE JAR_SISTER_Linh,manual,$10.00,$0.00,Dynamic bids and down,NOT_SET,--,,39,1,0.0256,1.4,1.4,0,0,0,0,--,0,0,0,0,0,--,0,--
sponsoredProducts,B0CYS94K31_12oz_In my forties era rose_40th birthday decorations for women_ex 12h48,Delivering,US,NewEleven,B0CYS94K31_TUMBLER 12_IN MY FORTIES ERA ROSE GOLD_NGAN,manual,$10.00,$0.00,Dynamic bids down only,NOT_SET,--,,48,1,0.0208,1.4,1.4,1,17.98,1,1,0.0779,12.84,1.4,17.98,0,1,--,1,--
sponsoredProducts,B0DGGDX9P5_CF_Vintage 1985 + back in 1985_40 year old birthday gifts for women_ex,Delivering,US,NewEleven,B0DGGDX9P5_COFFEE GLASS_VINTAGE 1985 + BACK IN 1985_NGAN,manual,$5.00,$0.00,Dynamic bids down only,NOT_SET,--,,199,1,0.005,1.4,1.4,1,17.98,1,1,0.0779,12.84,1.4,17.98,0,1,--,1,--
sponsoredProducts,SP_B0DM63J16N_Tumbler 20_60 & Fabulous + Making The World 1965 White White_Manual_PT_ex_Down,Delivering,US,NewEleven,B0DM63J16N_TUMBLER 20_60 & FABULOUS + MAKING 1965_THILE,manual,$10.00,$0.00,Dynamic bids down only,MINIMIZE_SPEND,--,,72,1,0.0139,1.35,1.35,1,21.98,1,1,0.0614,16.28,1.35,21.98,0,1,--,1,--
sponsoredProducts,"SP_B0DH88L44J_Wine Glass_Retired 2025 Not My Problem Anymore_Manual_KW_retirement decorations for women_b,p_Up & Down",Delivering,US,NewEleven,B0DH88L44J_WINE GLASS_RETIRED 2025 NOT MY PROBLEM ANYMORE_Linh,manual,$10.00,$0.00,Dynamic bids and down,NOT_SET,--,,255,1,0.0039,1.35,1.35,1,22.98,1,1,0.0587,17.02,1.35,22.98,0,1,--,1,--
sponsoredProducts,SP_B0FC69XTZ9_Card_Leaving Your Job_Manual_KW_farewell cards for coworkers_ex_Up & Down,Delivering,US,NewEleven,B0FC69XTZ9_CARD_CONGRATULATIONS ON LEAVING YOUR JOB_NGAN,manual,$5.00,$0.00,Dynamic bids down only,NOT_SET,--,,995,2,0.002,1.34,0.67,0,0,0,0,--,0,0,0,0,0,--,0,--
sponsoredProducts,SP_B0DH87FYNN_Tumbler 20_Vintage 1965 Weird Being Old People Navy_Manual_KW_1965 birthday gifts for men_ex_Down,Delivering,US,NewEleven,B0DH87FYNN_TUMBLER 20_VINTAGE 1965 WEIRD BEING OLD PEOPLE NAVY_TRINH,manual,$5.00,$0.00,Dynamic bids down only,NOT_SET,--,,16,1,0.0625,1.3,1.3,0,0,0,0,--,0,0,0,0,0,--,0,--
sponsoredProducts,B0DH88L44J_Wine glass_Not my problem 2025_retirement gift for woman_b 17h45,Paused,US,NewEleven,B0DH88L44J_WINE GLASS_RETIRED 2025 NOT MY PROBLEM ANYMORE_Linh,manual,$15.00,$0.00,Dynamic bids and down,MINIMIZE_SPEND,--,,500,1,0.002,1.29,1.29,1,22.98,1,1,0.0561,17.81,1.29,22.98,0,1,--,1,--
sponsoredProducts,SP_B0FC62VRRC_Card_Let'S Be Friends 'Til_Manual_KW_funny birthday cards for women_ex_Up & Down,Paused,US,NewEleven,B0FC62VRRC_CARD_LET'S BE FRIEND_NGAN,manual,$5.00,$0.00,Dynamic bids down only,NOT_SET,--,,324,3,0.0093,1.21,0.4,0,0,0,0,--,0,0,0,0,0,--,0,--
sponsoredProducts,SP_B0FC5TBFWB_Card_Happy Burfday To Dog Dad_Manual_KW_dog dad birthday card_ex_Up & Down,Delivering,US,NewEleven,B0FC5TBFWB_CARD_HAPPY BURFDAY TO DOG DAD_NGAN,manual,$5.00,$0.00,Dynamic bids down only,NOT_SET,--,,3,2,0.6667,1.21,0.61,0,0,0,0,--,0,0,0,0,0,--,0,--
sponsoredProducts,SP_B0CJ2CKDR8_Coffee Glass_Godmother_Manual_PT_ex_Up & Down,Delivering,US,NewEleven,B0CJ2CKDR8_COFFEE GLASS_GODMOTHER_NGAN,manual,$5.00,$0.00,Dynamic bids and down,NOT_SET,--,,35,1,0.0286,1.2,1.2,0,0,0,0,--,0,0,0,0,0,--,0,--
sponsoredProducts,"SP_B0CG8N67SJ_Tumbler 20_My Favorite Child + Dad Nutrition Navy_Manual_KW_birthday gift for dad_b,p_Up & Down_12h",Delivering,US,NewEleven,B0CG8N67SJ_TUMBLER 20_MY FAVORITE CHILD + DAD NUTRITION NAVY_Linh,manual,$10.00,$0.00,Dynamic bids and down,NOT_SET,--,,126,1,0.0079,1.2,1.2,1,19.98,1,1,0.0601,16.65,1.2,19.98,0,1,--,1,--
sponsoredProducts,"SP_B0CG8N67SJ_Tumbler 20_My Favorite Child + Dad Nutrition Navy_Manual_KW_birthday gifts for dad_b,p_Up & Down",Delivering,US,NewEleven,B0CG8N67SJ_TUMBLER 20_MY FAVORITE CHILD + DAD NUTRITION NAVY_Linh,manual,$10.00,$0.00,Dynamic bids and down,NOT_SET,--,,78,1,0.0128,1.2,1.2,0,0,0,0,--,0,0,0,0,0,--,0,--
sponsoredProducts,B0FBRBL1CQ_Bible Jar_Aunt_aunt birthday gifts from niece_broad,Delivering,US,NewEleven,B0FBRBL1CQ_BIBLE JAR_AUNT_NGAN,manual,$5.00,$0.00,Dynamic bids and down,NOT_SET,--,,29,1,0.0345,1.2,1.2,0,0,0,0,--,0,0,0,0,0,--,0,--
sponsoredProducts,B0F18CMJ3L_Whiskey_Every Sip Tastes_retirement_b 10h,Delivering,US,NewEleven,B0F18CMJ3L_WHISKEY GLASS_EVERY SIP TASTES LIKE RETIRED 2025_Linh,manual,$15.00,$0.00,Dynamic bids and down,NOT_SET,--,,197,1,0.0051,1.2,1.2,0,0,0,0,--,0,0,0,0,0,--,0,--
sponsoredProducts,[Fifty fabulous] [50th birthday gifts for women] [ex],Delivering,US,NewEleven,B089QFYLFB_TUMBLER 12_FIFTY FABULOUS ROSE GOLD_NGAN,manual,$5.00,$0.00,Dynamic bids and down,NOT_SET,--,,319,1,0.0031,1.2,1.2,0,0,0,0,--,0,0,0,0,0,--,0,--
sponsoredProducts,B0CQJZP6TK_CF_In my auntie era_auntie gift ideas ex_11h30,Delivering,US,NewEleven,B0CQJZP6TK_COFFEE GLASS_IN MY AUNTIE ERA + AUNTIE NUTRITION_THILE,manual,$10.00,$0.00,Dynamic bids down only,MINIMIZE_SPEND,--,,639,1,0.0016,1.15,1.15,0,0,0,0,--,0,0,0,0,0,--,0,--
sponsoredProducts,"SP_B0CY4MC1GJ_Tumbler 20_Don'T Be A Dumb Bass Black_Manual_KW_fishing birthday_b,p_Up & Down",Delivering,US,NewEleven,B0CY4MC1GJ_TUMBLER 20_DON'T BE A DUMB BASS BLACK_Linh,manual,$5.00,$0.00,Dynamic bids and down,NOT_SET,--,,48,1,0.0208,1.11,1.11,0,0,0,0,--,0,0,0,0,0,--,0,--
sponsoredProducts,"SP_B0CY4MC1GJ_Tumbler 20_Don'T Be A Dumb Bass Black_Manual_KW_funny fishing_b,p_Up & Down",Delivering,US,NewEleven,B0CY4MC1GJ_TUMBLER 20_DON'T BE A DUMB BASS BLACK_Linh,manual,$5.00,$0.00,Dynamic bids and down,NOT_SET,--,,44,1,0.0227,1.11,1.11,0,0,0,0,--,0,0,0,0,0,--,0,--
sponsoredProducts,"SP_B0DPM5JXP7_Ornament_New Home New Beginnings New Memories 2025 Glass_Manual_KW_new home christmas ornament 2025_b,p_Up & Down",Delivering,US,NewEleven,B0DPM5JXP7_ORNAMENT_NEW HOME NEW BEGINNINGS NEW MEMORIES 2025 GLASS_TRINH,manual,$5.00,$0.00,Dynamic bids down only,NOT_SET,--,,182,1,0.0055,1.08,1.08,0,0,0,0,--,0,0,0,0,0,--,0,--
sponsoredProducts,"SP_B0CRVTN11L_Coffee Glass_In My Boy Mom Era_Manual_KW_pregnant gifts for women_b,p_Up & Down",Delivering,US,NewEleven,B0CRVTN11L_COFFEE GLASS_IN MY BOY MOM ERA_Linh,manual,$10.00,$0.00,Dynamic bids and down,NOT_SET,--,,114,1,0.0088,1.05,1.05,0,0,0,0,--,0,0,0,0,0,--,0,--
sponsoredProducts,B0DVSKXLS5_Bible Jar_Mom_birthday gifts for mom_ex 14h20 ros900,Paused,US,NewEleven,B0DVSKXLS5_BIBLE JAR_MOM_Linh,manual,$10.00,$0.00,Dynamic bids and down,NOT_SET,--,,271,1,0.0037,1.05,1.05,0,0,0,0,--,0,0,0,0,0,--,0,--
sponsoredDisplay,SD_B0DHCGTL3R_Tumbler 20_Vintage 1955 + Weird Being Navy_Page Visits_PDP_Remarketing_Contextual,Delivering,US,NewEleven,B0DHCGTL3R_TUMBLER 20_VINTAGE 1955 + WEIRD BEING NAVY_THILE,manual,$10.00,$0.00,,,--,,428,2,0.0047,1.03,0.52,0,0,0,0,--,0,0,0,0,0,--,0,--
sponsoredProducts,SP_B0DRT3MK34_Ornament_The Best Is Yet To Come Engaged 2025 Glass_Manual_KW_engagement ornament 2025_ex_Down,Delivering,US,NewEleven,B0DRT3MK34_ORNAMENT_THE BEST IS YET TO COME ENGAGED 2025 GLASS_TRINH,manual,$10.00,$0.00,Dynamic bids down only,NOT_SET,--,,600,1,0.0017,1,1,1,9.99,1,1,0.1001,9.99,1,9.99,0,1,--,1,--
sponsoredProducts,SP_B0FC53MMVC_Bible Jar_Wife_Auto_Substitutes_Up & Down,Paused,US,NewEleven,launching_B0FC53MMVC_BIBLE JAR_WIFEY_NGAN,auto,$5.00,$0.00,Dynamic bids down only,NOT_SET,--,,72,1,0.0139,1,1,0,0,0,0,--,0,0,0,0,0,--,0,--
sponsoredProducts,B0DM61B4F2_20oz_40 fabulous + making 1985_all key search term 16h30,Delivering,US,NewEleven,B0DM61B4F2_TUMBLER 20_40 & FABULOUS + MAKING 1985_Linh,manual,$5.00,$0.00,Dynamic bids and down,NOT_SET,--,,276,1,0.0036,0.97,0.97,0,0,0,0,--,0,0,0,0,0,--,0,--
sponsoredProducts,SP_B0FC69XTZ9_Card_Leaving Your Job_Manual_PT_ex_Up & Down,Delivering,US,NewEleven,B0FC69XTZ9_CARD_CONGRATULATIONS ON LEAVING YOUR JOB_NGAN,manual,$10.00,$0.00,Dynamic bids down only,NOT_SET,--,,19,1,0.0526,0.9,0.9,0,0,0,0,--,0,0,0,0,0,--,0,--
sponsoredProducts,B0F6M3X7LG_Bible jar_Read me when_gifts for women_ex 14h50 tos900,Delivering,US,NewEleven,B0F6M3X7LG_BIBLE JAR_READ THIS WHEN_Linh,manual,$10.00,$0.00,Dynamic bids and down,NOT_SET,--,,231,1,0.0043,0.9,0.9,0,0,0,0,--,0,0,0,0,0,--,0,--
sponsoredProducts,"SP_B0F2TDMHFC_Card_Mamasaurus_Manual_KW_birthday card mom funny_b,p_Up & Down",Delivering,US,NewEleven,B0F2TDMHFC_CARD_MAMASAURUS_Linh,manual,$10.00,$0.00,Dynamic bids and down,NOT_SET,--,,6,1,0.1667,0.84,0.84,0,0,0,0,--,0,0,0,0,0,--,0,--
sponsoredProducts,"SP_B0DRT3MK34_Ornament_The Best Is Yet To Come Engaged 2025 Glass_Manual_KW_engagement ornament 2025_b,p_Down",Delivering,US,NewEleven,B0DRT3MK34_ORNAMENT_THE BEST IS YET TO COME ENGAGED 2025 GLASS_TRINH,manual,$8.00,$0.00,Dynamic bids down only,NOT_SET,--,,55,1,0.0182,0.8,0.8,0,0,0,0,--,0,0,0,0,0,--,0,--
sponsoredProducts,B0CYS94K31_12oz_In my forties era rose_all key 11h06,Delivering,US,NewEleven,B0CYS94K31_TUMBLER 12_IN MY FORTIES ERA ROSE GOLD_NGAN,manual,$10.00,$0.00,Dynamic bids down only,NOT_SET,--,,122,1,0.0082,0.8,0.8,1,125.86,7,1,0.0064,157.33,0.8,125.86,0,1,--,7,--
sponsoredProducts,"SP_B0DRT3MK34_Ornament_The Best Is Yet To Come Engaged 2025 Glass_Manual_KW_engaged_b,p_Down",Delivering,US,NewEleven,B0DRT3MK34_ORNAMENT_THE BEST IS YET TO COME ENGAGED 2025 GLASS_TRINH,manual,$10.00,$0.00,Dynamic bids down only,NOT_SET,--,,257,1,0.0039,0.8,0.8,0,0,0,0,--,0,0,0,0,0,--,0,--
sponsoredProducts,B0FC62VRRC_Card_Let'S Be Friends 'Til_best friend birthday card_ex 11h25,Paused,US,NewEleven,B0FC62VRRC_CARD_LET'S BE FRIEND_NGAN,manual,$5.00,$0.00,Dynamic bids down only,NOT_SET,--,,892,2,0.0022,0.8,0.4,0,0,0,0,--,0,0,0,0,0,--,0,--
sponsoredProducts,"SP_B0F2T4JDF7_Card_You'Re An Awesome Mom_Manual_KW_wife card_b,p_Down",Delivering,US,NewEleven,B0F2T4JDF7_CARD_YOU'RE AN AWESOME MOM_TRINH,manual,$7.00,$0.00,Dynamic bids down only,NOT_SET,--,,122,1,0.0082,0.74,0.74,0,0,0,0,--,0,0,0,0,0,--,0,--
sponsoredProducts,B0CJ2CKDR8_CF_Godmother_godmother gift_ex,Delivering,US,NewEleven,B0CJ2CKDR8_COFFEE GLASS_GODMOTHER_NGAN,manual,$5.00,$0.00,Dynamic bids down only,NOT_SET,--,,122,1,0.0082,0.7,0.7,0,0,0,0,--,0,0,0,0,0,--,0,--
sponsoredProducts,"B0DYDZFRZD_20oz_Big heart + teacher nutri_teacher gifts_b,p 11h40",Delivering,US,NewEleven,B0DYDZFRZD_TUMBLER 20_BIG HEART LITTLE MINDS + TEACHER NUTRITION_NGAN,manual,$5.00,$0.00,Dynamic bids down only,NOT_SET,--,,75,1,0.0133,0.7,0.7,0,0,0,0,--,0,0,0,0,0,--,0,--
sponsoredProducts,SP_B0FC5TBFWB_Card_Happy Burfday To Dog Dad_Manual_KW_birthday card from dogs to dad_ex_Up & Down,Delivering,US,NewEleven,B0FC5TBFWB_CARD_HAPPY BURFDAY TO DOG DAD_NGAN,manual,$5.00,$0.00,Dynamic bids down only,NOT_SET,--,,21,1,0.0476,0.61,0.61,1,6.99,1,1,0.0873,11.46,0.61,6.99,0,1,--,1,--
sponsoredProducts,B0FC5TBFWB_Card_Happy Burfday To Dog Dad_husband birthday card_ex,Paused,US,NewEleven,B0FC5TBFWB_CARD_HAPPY BURFDAY TO DOG DAD_NGAN,manual,$5.00,$0.00,Dynamic bids down only,NOT_SET,--,,13,1,0.0769,0.6,0.6,0,0,0,0,--,0,0,0,0,0,--,0,--
sponsoredProducts,"B0DLV9CFVS_Orna_In my auntie era ceramic_aunt ornaments b,p",Delivering,US,NewEleven,x B0DLV9CFVS_ORNAMENT_IN MY AUNTIE ERA CERAMIC_Linh,manual,$2.00,$0.00,Dynamic bids and down,NOT_SET,--,,6,1,0.1667,0.45,0.45,0,0,0,0,--,0,0,0,0,0,--,0,--
sponsoredProducts,SP_B0DH7X6R1J_Tumbler 20_50 & Fabulous + Making The World 1975 White_Auto_Up & Down,Delivering,US,NewEleven,B0DH7X6R1J_TUMBLER 20_50 & FABULOUS + MAKING 1975_NGAN,auto,$5.00,$0.00,Dynamic bids and down,NOT_SET,--,,624,1,0.0016,0.4,0.4,0,0,0,0,--,0,0,0,0,0,--,0,--
sponsoredProducts,SP_B0F18CMJ3L_Whiskey Glass_Every Sip Tastes Like Retired 2025_Manual_KW_retirement gifts for men_ex_Up & Down,Delivering,US,NewEleven,B0F18CMJ3L_WHISKEY GLASS_EVERY SIP TASTES LIKE RETIRED 2025_Linh,manual,$15.00,$0.00,Dynamic bids and down,NOT_SET,--,,3,0,0,0,--,0,0,0,--,--,--,0,0,0,0,--,0,--
sponsoredProducts,SP_B0F18CMJ3L_Whiskey Glass_Every Sip Tastes Like Retired 2025_Auto_Close_Up & Down,Delivering,US,NewEleven,B0F18CMJ3L_WHISKEY GLASS_EVERY SIP TASTES LIKE RETIRED 2025_Linh,auto,$10.00,$0.00,Dynamic bids and down,NOT_SET,--,,1,0,0,0,--,0,0,0,--,--,--,0,0,0,0,--,0,--
sponsoredProducts,SP_B0F18PVLJ1_Tumbler 20_Every Sip Tastes Like Retired 2025 + Card Black_Auto_All_Up & Down 11h,Delivering,US,NewEleven,B0F18PVLJ1_TUMBLER 20_EVERY SIP TASTES LIKE RETIRED 2025 BLACK_Linh,auto,$10.00,$0.00,Dynamic bids and down,NOT_SET,--,,2,0,0,0,--,0,0,0,--,--,--,0,0,0,0,--,0,--
sponsoredProducts,SP_B092HNBJT6_Tumbler 20_Coworker Black_Manual_KW_gift for employee leaving for new job_ex_Down,Delivering,US,NewEleven,B092HNBJT6_TUMBLER 20_COWORKER BLACK_TRINH,manual,$5.00,$0.00,Dynamic bids down only,NOT_SET,--,,3,0,0,0,--,0,0,0,--,--,--,0,0,0,0,--,0,--
sponsoredProducts,SP_B092HNBJT6_Tumbler 20_Coworker Black_Manual_KW_congratulations on new job_ex_Down,Delivering,US,NewEleven,B092HNBJT6_TUMBLER 20_COWORKER BLACK_TRINH,manual,$5.00,$0.00,Dynamic bids down only,NOT_SET,--,,40,0,0,0,--,0,0,0,--,--,--,0,0,0,0,--,0,--
sponsoredProducts,SP_B08R8R2LQF_Tumbler 20_May The Forties Be With You Black_Manual_KW_birthday presents for 40 year old men_ex_Down,Delivering,US,NewEleven,B08R8R2LQF_TUMBLER 20_MAY THE FORTIES BE WITH YOU BLACK_TRINH,manual,$5.00,$0.00,Dynamic bids down only,NOT_SET,--,,24,0,0,0,--,0,0,0,--,--,--,0,0,0,0,--,0,--
sponsoredProducts,SP_B0CJ2CKDR8_Coffee Glass_Godmother_Manual_KW_god mother proposal gift_ex_Up & Down,Delivering,US,NewEleven,B0CJ2CKDR8_COFFEE GLASS_GODMOTHER_NGAN,manual,$5.00,$0.00,Dynamic bids and down,NOT_SET,--,,99,0,0,0,--,0,0,0,--,--,--,0,0,0,0,--,0,--
sponsoredProducts,SP_B08R8PXYL6_Tumbler 12_Sixty Fabulous Rose Gold_all key_b_Up & Down,Delivering,US,NewEleven,B08R8PXYL6_TUMBLER 12_SIXTY FABULOUS ROSE GOLD_NGAN,manual,$5.00,$0.00,Dynamic bids and down,NOT_SET,--,,137,0,0,0,--,0,0,0,--,--,--,0,0,0,0,--,0,--
sponsoredProducts,SP_B0D6NQ8KL6_Tote Bag_Born To Read Forced To Work_Manual_KW_book lover gifts for women_ex_Down,Delivering,US,NewEleven,B0D6NQ8KL6_TOTE BAG_BORN TO READ FORCED TO WORK_THILE,manual,$5.00,$0.00,Dynamic bids down only,MINIMIZE_SPEND,--,,110,0,0,0,--,0,0,0,--,--,--,0,0,0,0,--,0,--
sponsoredProducts,SP_B0D6NQ8KL6_Tote Bag_Born To Read Forced To Work_Manual_KW_gifts for book lovers_ex_Down,Delivering,US,NewEleven,B0D6NQ8KL6_TOTE BAG_BORN TO READ FORCED TO WORK_THILE,manual,$5.00,$0.00,Dynamic bids down only,MINIMIZE_SPEND,--,,108,0,0,0,--,0,0,0,--,--,--,0,0,0,0,--,0,--
sponsoredProducts,SP_B0DPM5JXP7_Ornament_New Home New Beginnings New Memories 2025 Glass_Manual_KW_new home 2025 christmas ornament_ex_Down,Delivering,US,NewEleven,B0DPM5JXP7_ORNAMENT_NEW HOME NEW BEGINNINGS NEW MEMORIES 2025 GLASS_TRINH,manual,$5.00,$0.00,Dynamic bids down only,NOT_SET,--,,5,0,0,0,--,0,0,0,--,--,--,0,0,0,0,--,0,--
sponsoredProducts,SP_B0DH86X93V_Tumbler 20_Vintage 1985 Weird Being Old People Navy_Manual_KW_40th birthday gifts men_b_Down,Delivering,US,NewEleven,B0DH86X93V_TUMBLER 20_VINTAGE 1985 WEIRD BEING OLD PEOPLE NAVY_TRINH,manual,$8.00,$0.00,Dynamic bids down only,NOT_SET,--,,206,0,0,0,--,0,0,0,--,--,--,0,0,0,0,--,0,--
sponsoredProducts,SP_B092HNBJT6_Tumbler 20_Coworker Black_Manual_KW_you will be missed gift_ex_Down,Delivering,US,NewEleven,B092HNBJT6_TUMBLER 20_COWORKER BLACK_TRINH,manual,$5.00,$0.00,Dynamic bids down only,NOT_SET,--,,21,0,0,0,--,0,0,0,--,--,--,0,0,0,0,--,0,--
sponsoredProducts,SP_B0DYDZFRZD_Tumbler 20_Big Heart Little Minds + Card_Manual_KW_teacher gifts for women_ex_Up & Down,Delivering,US,NewEleven,B0DYDZFRZD_TUMBLER 20_BIG HEART LITTLE MINDS + TEACHER NUTRITION_NGAN,manual,$5.00,$0.00,Dynamic bids and down,NOT_SET,--,,131,0,0,0,--,0,0,0,--,--,--,0,0,0,0,--,0,--
sponsoredProducts,SP_B0FC53MMVC_Bible Jar_Wife_Manual_KW_all key_b_Up & Down,Paused,US,NewEleven,launching_B0FC53MMVC_BIBLE JAR_WIFEY_NGAN,manual,$5.00,$0.00,Dynamic bids down only,NOT_SET,--,,25,0,0,0,--,0,0,0,--,--,--,0,0,0,0,--,0,--
sponsoredProducts,SP_B0DGGDX9P5_Coffee Glass_Vintage 1985 + Back In 1985_Manual_KW_gifts for 40th birthday woman_ex_Up & Down,Delivering,US,NewEleven,B0DGGDX9P5_COFFEE GLASS_VINTAGE 1985 + BACK IN 1985_NGAN,manual,$5.00,$0.00,Dynamic bids and down,NOT_SET,--,,59,0,0,0,--,0,0,0,--,--,--,0,0,0,0,--,0,--
sponsoredProducts,SP_B0DYDZFRZD_Tumbler 20_Big Heart Little Minds + Teacher Nutrition + Card_Manual_PT_ex_Up & Down,Delivering,US,NewEleven,B0DYDZFRZD_TUMBLER 20_BIG HEART LITTLE MINDS + TEACHER NUTRITION_NGAN,manual,$5.00,$0.00,Dynamic bids down only,NOT_SET,--,,37,0,0,0,--,0,0,0,--,--,--,0,0,0,0,--,0,--
sponsoredProducts,SP_B0DYDZFRZD_Tumbler 20_Big Heart Little Minds + Teacher Nutrition + Card_Manual_KW_all key_b_Up & Down,Delivering,US,NewEleven,B0DYDZFRZD_TUMBLER 20_BIG HEART LITTLE MINDS + TEACHER NUTRITION_NGAN,manual,$5.00,$0.00,Dynamic bids down only,NOT_SET,--,,19,0,0,0,--,0,0,0,--,--,--,0,0,0,0,--,0,--
sponsoredProducts,"SP_B0FCLHRJ36_Crochet_Sunflower Crochet_Manual_KW_women birthday_b,p_Up & Down",Paused,US,NewEleven,B0FCLHRJ36_CROCHET_SUNFLOWER CROCHET Linh,manual,$5.00,$0.00,Dynamic bids and down,NOT_SET,--,,1,0,0,0,--,0,0,0,--,--,--,0,0,0,0,--,0,--
sponsoredProducts,SP_B0FC5TBFWB_Card_Happy Burfday To Dog Dad_Manual_PT_ex_Up & Down,Paused,US,NewEleven,B0FC5TBFWB_CARD_HAPPY BURFDAY TO DOG DAD_NGAN,manual,$5.00,$0.00,Dynamic bids and down,NOT_SET,--,,9,0,0,0,--,0,0,0,--,--,--,0,0,0,0,--,0,--
sponsoredProducts,"SP_B0CRKQR2KF_Coffee Glass_Bestie + Besite Nutrition_Manual_PT_exp, ex_Down",Delivering,US,NewEleven,B0CRKQR2KF_COFFEE GLASS_BESTIE + BESITE NUTRITION_TRINH,manual,$10.00,$0.00,Dynamic bids down only,NOT_SET,--,,70,0,0,0,--,0,0,0,--,--,--,0,0,0,0,--,0,--
sponsoredBrands,SB_Drive PV_Video_Custom_KW_B08R8PXYL6_ex,Delivering,US,NewEleven,B08R8PXYL6_TUMBLER 12_SIXTY FABULOUS ROSE GOLD_NGAN,manual,$15.00,$0.00,Automated bidding,,--,,919,0,0,0,--,0,0,0,--,--,--,0,0,0,0,--,0,--
sponsoredBrands,SB_Drive PV_Video_Custom_KW_ex,Delivering,US,NewEleven,B0DH7X6R1J_TUMBLER 20_50 & FABULOUS + MAKING 1975_NGAN,manual,$10.00,$0.00,Automated bidding,,--,,155,0,0,0,--,0,0,0,--,--,--,0,0,0,0,--,0,--
sponsoredProducts,SP_B089QFYLFB_Tumbler 12_Fifty Fabulous Rose Gold_Manual_happy 50th birthday gifts for women_ex_Up & Down,Delivering,US,NewEleven,B089QFYLFB_TUMBLER 12_FIFTY FABULOUS ROSE GOLD_NGAN,manual,$5.00,$0.00,Dynamic bids and down,NOT_SET,--,,416,0,0,0,--,0,0,0,--,--,--,0,0,0,0,--,0,--
sponsoredProducts,SP_B0DGGDN9WS_Coffee Glass_Vintage 1995 + Back In 1995_Manual_PT_ex_Down_2,Delivering,US,NewEleven,B0DGGDN9WS_COFFEE GLASS_VINTAGE 1995 + BACK IN 1995_THILE,manual,$35.00,$0.00,Dynamic bids down only,MINIMIZE_SPEND,--,,328,0,0,0,--,0,0,0,--,--,--,0,0,0,0,--,0,--
sponsoredProducts,SP_B0DYDZFRZD_Tumbler 20_Big Heart Little Minds + Card_Manual_KW_first day of school teacher gift_ex_Up & Down,Delivering,US,NewEleven,B0DYDZFRZD_TUMBLER 20_BIG HEART LITTLE MINDS + TEACHER NUTRITION_NGAN,manual,$5.00,$0.00,Dynamic bids down only,NOT_SET,--,,38,0,0,0,--,0,0,0,--,--,--,0,0,0,0,--,0,--
sponsoredProducts,"SP_B0DH7YGD9Q_Tumbler 20_Vintage 1975 + Weird Being Old People Navy_Manual_KW_50th birthday decorations for women_b,p_Up & Down",Delivering,US,NewEleven,B0DH7YGD9Q_TUMBLER 20_VINTAGE 1975 + WEIRD BEING OLD PEOPLE NAVY_Linh,manual,$10.00,$0.00,Dynamic bids and down,NOT_SET,--,,1,0,0,0,--,0,0,0,--,--,--,0,0,0,0,--,0,--
sponsoredProducts,SP_B0DH7YGD9Q_Tumbler 20_Vintage 1975 + Weird Being Old People Navy_Manual_KW_50th birthday gifts for him_p_Up & Down,Delivering,US,NewEleven,B0DH7YGD9Q_TUMBLER 20_VINTAGE 1975 + WEIRD BEING OLD PEOPLE NAVY_Linh,manual,$15.00,$0.00,Dynamic bids and down,NOT_SET,--,,251,0,0,0,--,0,0,0,--,--,--,0,0,0,0,--,0,--
sponsoredProducts,"SP_B0DH88L44J_Wine Glass_Retired 2025 Not My Problem Anymore_Manual_KW_happy retirement_b,p_Up & Down",Paused,US,NewEleven,B0DH88L44J_WINE GLASS_RETIRED 2025 NOT MY PROBLEM ANYMORE_Linh,manual,$10.00,$0.00,Dynamic bids and down,NOT_SET,--,,4,0,0,0,--,0,0,0,--,--,--,0,0,0,0,--,0,--
sponsoredProducts,SP_B0BYCT1SRJ_Coffee Glass_Cool Aunt Club_Manual_KW_aunt announcement gifts_ex_Up & Down,Delivering,US,NewEleven,B0BYCT1SRJ_COFFEE GLASS_COOL AUNT CLUB_NGAN,manual,$5.00,$0.00,Dynamic bids and down,NOT_SET,--,,26,0,0,0,--,0,0,0,--,--,--,0,0,0,0,--,0,--
sponsoredProducts,SP_B0FC5TBFWB_Card_Happy Burfday To Dog Dad_Manual_KW_birthday card for dog dad_ex_Up & Down,Paused,US,NewEleven,B0FC5TBFWB_CARD_HAPPY BURFDAY TO DOG DAD_NGAN,manual,$5.00,$0.00,Dynamic bids and down,NOT_SET,--,,25,0,0,0,--,0,0,0,--,--,--,0,0,0,0,--,0,--
sponsoredProducts,SP_B0F2T4JDF7_Card_You'Re An Awesome Mom_Manual_KW_birthday card for wife from husband_ex_Down,Delivering,US,NewEleven,B0F2T4JDF7_CARD_YOU'RE AN AWESOME MOM_TRINH,manual,$5.00,$0.00,Dynamic bids down only,NOT_SET,--,,6,0,0,0,--,0,0,0,--,--,--,0,0,0,0,--,0,--
sponsoredProducts,SP_B0DH87FYNN_Tumbler 20_Vintage 1965 Weird Being Old People Navy_Manual_KW_funny 60th birthday gifts for men_ex_Down,Delivering,US,NewEleven,B0DH87FYNN_TUMBLER 20_VINTAGE 1965 WEIRD BEING OLD PEOPLE NAVY_TRINH,manual,$8.00,$0.00,Dynamic bids down only,NOT_SET,--,,38,0,0,0,--,0,0,0,--,--,--,0,0,0,0,--,0,--
sponsoredProducts,SP_B0FC5TBFWB_Card_Happy Burfday To Dog Dad_Manual_KW_birthday card for dad from dog_ex_Up & Down,Delivering,US,NewEleven,B0FC5TBFWB_CARD_HAPPY BURFDAY TO DOG DAD_NGAN,manual,$5.00,$0.00,Dynamic bids and down,NOT_SET,--,,1,0,0,0,--,0,0,0,--,--,--,0,0,0,0,--,0,--
sponsoredProducts,SP_B0BYCT1SRJ_Coffee Glass_Cool Aunt Club_Manual_KW_titi gifts_ex_Up & Down,Delivering,US,NewEleven,B0BYCT1SRJ_COFFEE GLASS_COOL AUNT CLUB_NGAN,manual,$5.00,$0.00,Dynamic bids and down,NOT_SET,--,,13,0,0,0,--,0,0,0,--,--,--,0,0,0,0,--,0,--
sponsoredProducts,SP_B0F2T4JDF7_Card_You'Re An Awesome Mom_Manual_KW_happy birthday card for wife_ex_Down,Delivering,US,NewEleven,B0F2T4JDF7_CARD_YOU'RE AN AWESOME MOM_TRINH,manual,$5.00,$0.00,Dynamic bids down only,NOT_SET,--,,109,0,0,0,--,0,0,0,--,--,--,0,0,0,0,--,0,--
sponsoredProducts,SP_B0F2T4JDF7_Card_You'Re An Awesome Mom_Manual_KW_funny birthday card for wife_ex_Down,Delivering,US,NewEleven,B0F2T4JDF7_CARD_YOU'RE AN AWESOME MOM_TRINH,manual,$5.00,$0.00,Dynamic bids down only,NOT_SET,--,,79,0,0,0,--,0,0,0,--,--,--,0,0,0,0,--,0,--
sponsoredProducts,"SP_B0CY4MC1GJ_Tumbler 20_Don'T Be A Dumb Bass Black_Manual_KW_gifts for fisherman_b,p_Up & Down",Delivering,US,NewEleven,B0CY4MC1GJ_TUMBLER 20_DON'T BE A DUMB BASS BLACK_Linh,manual,$5.00,$0.00,Dynamic bids and down,NOT_SET,--,,138,0,0,0,--,0,0,0,--,--,--,0,0,0,0,--,0,--
sponsoredProducts,"SP_B0CY4MC1GJ_Tumbler 20_Don'T Be A Dumb Bass Black_Manual_KW_fishing gifts for men_b,p_Up & Down",Delivering,US,NewEleven,B0CY4MC1GJ_TUMBLER 20_DON'T BE A DUMB BASS BLACK_Linh,manual,$5.00,$0.00,Dynamic bids and down,NOT_SET,--,,74,0,0,0,--,0,0,0,--,--,--,0,0,0,0,--,0,--
sponsoredProducts,SP_B0DGGDX9P5_Coffee Glass_Vintage 1985 + Back In 1985_Manual_KW_funny 40th birthday gifts for women_ex_Up & Down,Delivering,US,NewEleven,B0DGGDX9P5_COFFEE GLASS_VINTAGE 1985 + BACK IN 1985_NGAN,manual,$5.00,$0.00,Dynamic bids and down,NOT_SET,--,,248,0,0,0,--,0,0,0,--,--,--,0,0,0,0,--,0,--
sponsoredProducts,SP_B0FC53MMVC_Bible Jar_Wife_Manual_KW_wife birthday gift ideas_p_Up & Down,Paused,US,NewEleven,launching_B0FC53MMVC_BIBLE JAR_WIFEY_NGAN,manual,$10.00,$0.00,Dynamic bids and down,NOT_SET,--,,25,0,0,0,--,0,0,0,--,--,--,0,0,0,0,--,0,--
sponsoredProducts,SP_B0FC53MMVC_Bible Jar_Wife_Auto_Complements_Up & Down,Paused,US,NewEleven,launching_B0FC53MMVC_BIBLE JAR_WIFEY_NGAN,auto,$10.00,$0.00,Dynamic bids and down,NOT_SET,--,,1,0,0,0,--,0,0,0,--,--,--,0,0,0,0,--,0,--
sponsoredProducts,SP_B08R8R2LQF_Tumbler 20_May The Forties Be With You Black_Manual_PT_ex_Down_Card,Delivering,US,NewEleven,B08R8R2LQF_TUMBLER 20_MAY THE FORTIES BE WITH YOU BLACK_TRINH,manual,$8.00,$0.00,Dynamic bids down only,MINIMIZE_SPEND,--,,120,0,0,0,--,0,0,0,--,--,--,0,0,0,0,--,0,--
sponsoredProducts,SP_B08R8R2LQF_Tumbler 20_May The Forties Be With You Black_Manual_PT_ex_Down_Hat,Delivering,US,NewEleven,B08R8R2LQF_TUMBLER 20_MAY THE FORTIES BE WITH YOU BLACK_TRINH,manual,$5.00,$0.00,Dynamic bids down only,MINIMIZE_SPEND,--,,105,0,0,0,--,0,0,0,--,--,--,0,0,0,0,--,0,--
sponsoredProducts,"SP_B0DPM5JXP7_Ornament_New Home New Beginnings New Memories 2025 Glass_Manual_KW_new home decor_b,p_Down",Delivering,US,NewEleven,B0DPM5JXP7_ORNAMENT_NEW HOME NEW BEGINNINGS NEW MEMORIES 2025 GLASS_TRINH,manual,$5.00,$0.00,Dynamic bids down only,NOT_SET,--,,154,0,0,0,--,0,0,0,--,--,--,0,0,0,0,--,0,--
sponsoredProducts,"SP_B0DRT3MK34_Ornament_The Best Is Yet To Come Engaged 2025 Glass_Manual_KW_newly engaged gifts for her_b,p_Up & Down",Delivering,US,NewEleven,B0DRT3MK34_ORNAMENT_THE BEST IS YET TO COME ENGAGED 2025 GLASS_TRINH,manual,$5.00,$0.00,Dynamic bids down only,NOT_SET,--,,14,0,0,0,--,0,0,0,--,--,--,0,0,0,0,--,0,--
sponsoredProducts,"SP_B0DRT3MK34_Ornament_The Best Is Yet To Come Engaged 2025 Glass_Manual_KW_engagement gift for daughter_b,p_Up & Down",Delivering,US,NewEleven,B0DRT3MK34_ORNAMENT_THE BEST IS YET TO COME ENGAGED 2025 GLASS_TRINH,manual,$5.00,$0.00,Dynamic bids down only,NOT_SET,--,,4,0,0,0,--,0,0,0,--,--,--,0,0,0,0,--,0,--
sponsoredProducts,"SP_B0CRVTN11L_Coffee Glass_In My Boy Mom Era_Manual_KW_pregnant mom_b,p_Up & Down",Delivering,US,NewEleven,B0CRVTN11L_COFFEE GLASS_IN MY BOY MOM ERA_Linh,manual,$10.00,$0.00,Dynamic bids and down,NOT_SET,--,,322,0,0,0,--,0,0,0,--,--,--,0,0,0,0,--,0,--
sponsoredProducts,"SP_B0CRVTN11L_Coffee Glass_In My Boy Mom Era_Manual_KW_birthday gift for new mom_b,p_Up & Down",Delivering,US,NewEleven,B0CRVTN11L_COFFEE GLASS_IN MY BOY MOM ERA_Linh,manual,$10.00,$0.00,Dynamic bids and down,NOT_SET,--,,20,0,0,0,--,0,0,0,--,--,--,0,0,0,0,--,0,--
sponsoredProducts,"SP_B0CRVTN11L_Coffee Glass_In My Boy Mom Era_Manual_KW_self care for new moms_b,p_Up & Down",Delivering,US,NewEleven,B0CRVTN11L_COFFEE GLASS_IN MY BOY MOM ERA_Linh,manual,$10.00,$0.00,Dynamic bids and down,NOT_SET,--,,22,0,0,0,--,0,0,0,--,--,--,0,0,0,0,--,0,--
sponsoredProducts,"SP_B0CRVTN11L_Coffee Glass_In My Boy Mom Era_Manual_KW_first time mom gifts_b,p_Up & Down",Delivering,US,NewEleven,B0CRVTN11L_COFFEE GLASS_IN MY BOY MOM ERA_Linh,manual,$10.00,$0.00,Dynamic bids and down,NOT_SET,--,,68,0,0,0,--,0,0,0,--,--,--,0,0,0,0,--,0,--
sponsoredProducts,"SP_B0F6M3X7LG_Bible Jar_Read This When_Manual_KW_50th birthday gifts for her_b,p_Up & Down",Delivering,US,NewEleven,B0F6M3X7LG_BIBLE JAR_READ THIS WHEN_Linh,manual,$10.00,$0.00,Dynamic bids and down,NOT_SET,--,,43,0,0,0,--,0,0,0,--,--,--,0,0,0,0,--,0,--
sponsoredProducts,SP_B0F6M3X7LG_Bible Jar_Read This When_Manual_KW_20th birthday gifts for her_ex_Up & Down,Delivering,US,NewEleven,B0F6M3X7LG_BIBLE JAR_READ THIS WHEN_Linh,manual,$10.00,$0.00,Dynamic bids and down,NOT_SET,--,,24,0,0,0,--,0,0,0,--,--,--,0,0,0,0,--,0,--
sponsoredProducts,SP_B0F6M3X7LG_Bible Jar_Read This When_Manual_KW_gift for best friends women_ex_Up & Down,Delivering,US,NewEleven,B0F6M3X7LG_BIBLE JAR_READ THIS WHEN_Linh,manual,$10.00,$0.00,Dynamic bids and down,NOT_SET,--,,16,0,0,0,--,0,0,0,--,--,--,0,0,0,0,--,0,--
sponsoredProducts,SP_B0F6M3X7LG_Bible Jar_Read This When_Manual_KW_religious birthday gifts for women_ex_Up & Down,Delivering,US,NewEleven,B0F6M3X7LG_BIBLE JAR_READ THIS WHEN_Linh,manual,$10.00,$0.00,Dynamic bids and down,NOT_SET,--,,2,0,0,0,--,0,0,0,--,--,--,0,0,0,0,--,0,--
sponsoredProducts,SP_B0F6M3X7LG_Bible Jar_Read This When_Manual_KW_birthday gifts for women friendship_ex_Up & Down,Delivering,US,NewEleven,B0F6M3X7LG_BIBLE JAR_READ THIS WHEN_Linh,manual,$10.00,$0.00,Dynamic bids and down,NOT_SET,--,,34,0,0,0,--,0,0,0,--,--,--,0,0,0,0,--,0,--
sponsoredProducts,"SP_B0F6M3X7LG_Bible Jar_Read This When_Manual_KW_birthday gifts for women friendship_b,p_Up & Down",Delivering,US,NewEleven,B0F6M3X7LG_BIBLE JAR_READ THIS WHEN_Linh,manual,$10.00,$0.00,Dynamic bids and down,NOT_SET,--,,5,0,0,0,--,0,0,0,--,--,--,0,0,0,0,--,0,--
sponsoredProducts,SP_B0CG8N67SJ_Tumbler 20_My Favorite Child + Dad Nutrition Navy_Manual_KW_dad birthday gift_ex_Up & Down,Paused,US,NewEleven,B0CG8N67SJ_TUMBLER 20_MY FAVORITE CHILD + DAD NUTRITION NAVY_Linh,manual,$10.00,$0.00,Dynamic bids and down,NOT_SET,--,,5,0,0,0,--,0,0,0,--,--,--,0,0,0,0,--,0,--
sponsoredProducts,SP_B0F18CMJ3L_Whiskey Glass_Every Sip Tastes Like Retired 2025_Manual_KW_farewell gifts for coworkers_p_Up & Down,Delivering,US,NewEleven,B0F18CMJ3L_WHISKEY GLASS_EVERY SIP TASTES LIKE RETIRED 2025_Linh,manual,$10.00,$0.00,Dynamic bids and down,NOT_SET,--,,117,0,0,0,--,0,0,0,--,--,--,0,0,0,0,--,0,--
sponsoredProducts,"SP_B0DVSKXLS5_Bible Jar_Mom_Manual_KW_gifts for mom birthday_b,p_Up & Dow",Delivering,US,NewEleven,B0DVSKXLS5_BIBLE JAR_MOM_Linh,manual,$10.00,$0.00,Dynamic bids and down,NOT_SET,--,,2,0,0,0,--,0,0,0,--,--,--,0,0,0,0,--,0,--
sponsoredProducts,"SP_B0DVSKXLS5_Bible Jar_Mom_Manual_KW_mom birthday gift_b,p_Up & Down",Delivering,US,NewEleven,B0DVSKXLS5_BIBLE JAR_MOM_Linh,manual,$5.00,$0.00,Dynamic bids and down,NOT_SET,--,,1,0,0,0,--,0,0,0,--,--,--,0,0,0,0,--,0,--
sponsoredProducts,"B0F18PVLJ1_20oz_Every sip tastes_retirement party decorations_b,p 10h50",Delivering,US,NewEleven,B0F18PVLJ1_TUMBLER 20_EVERY SIP TASTES LIKE RETIRED 2025 BLACK_Linh,manual,$20.00,$0.00,Dynamic bids and down,NOT_SET,--,,152,0,0,0,--,0,0,0,--,--,--,0,0,0,0,--,0,--
sponsoredProducts,B0DH7X6R1J_20oz_50 fabulous + making 1975_50th birthday decorations for women_ex,Delivering,US,NewEleven,B0DH7X6R1J_TUMBLER 20_50 & FABULOUS + MAKING 1975_NGAN,manual,$5.00,$0.00,Dynamic bids down only,NOT_SET,--,,55,0,0,0,--,0,0,0,--,--,--,0,0,0,0,--,0,--
sponsoredProducts,B0DGGDX9P5_CF_Vintage 1985 + back in 1985_1985 birthday gifts for women_ex 9h57,Delivering,US,NewEleven,B0DGGDX9P5_COFFEE GLASS_VINTAGE 1985 + BACK IN 1985_NGAN,manual,$10.00,$0.00,Dynamic bids down only,NOT_SET,--,,20,0,0,0,--,0,0,0,--,--,--,0,0,0,0,--,0,--
sponsoredProducts,B0FC5TBFWB_Card_Happy Burfday To Dog Dad_auto 1,Paused,US,NewEleven,B0FC5TBFWB_CARD_HAPPY BURFDAY TO DOG DAD_NGAN,auto,$5.00,$0.00,Dynamic bids down only,NOT_SET,--,,11,0,0,0,--,0,0,0,--,--,--,0,0,0,0,--,0,--
sponsoredProducts,"B0F18PVLJ1_20oz_Every sip tastes_retirement decorations_b,p 15h10",Delivering,US,NewEleven,B0F18PVLJ1_TUMBLER 20_EVERY SIP TASTES LIKE RETIRED 2025 BLACK_Linh,manual,$20.00,$0.00,Dynamic bids and down,NOT_SET,--,,3,0,0,0,--,0,0,0,--,--,--,0,0,0,0,--,0,--
sponsoredProducts,B0F18PVLJ1_20oz_Every sip tastes_retirement gift for men_ex 15h10,Paused,US,NewEleven,B0F18PVLJ1_TUMBLER 20_EVERY SIP TASTES LIKE RETIRED 2025 BLACK_Linh,manual,$10.00,$0.00,Dynamic bids and down,NOT_SET,--,,6,0,0,0,--,0,0,0,--,--,--,0,0,0,0,--,0,--
sponsoredProducts,"B08ZRWW1W4_12oz_Wise women rose_retirement gifts_b,p",Paused,US,NewEleven,B08ZRWW1W4_TUMBLER 12_WISE WOMEN ROSE GOLD_Linh,manual,$10.00,$0.00,Dynamic bids and down,NOT_SET,--,,163,0,0,0,--,0,0,0,--,--,--,0,0,0,0,--,0,--
sponsoredProducts,B08ZRWW1W4_12oz_Wise women rose_retirement decorations_ex,Delivering,US,NewEleven,B08ZRWW1W4_TUMBLER 12_WISE WOMEN ROSE GOLD_Linh,manual,$10.00,$0.00,Dynamic bids and down,NOT_SET,--,,21,0,0,0,--,0,0,0,--,--,--,0,0,0,0,--,0,--
sponsoredProducts,B08ZRWW1W4_12oz_Wise women rose_retirement party decorations_ex,Delivering,US,NewEleven,B08ZRWW1W4_TUMBLER 12_WISE WOMEN ROSE GOLD_Linh,manual,$10.00,$0.00,Dynamic bids and down,NOT_SET,--,,115,0,0,0,--,0,0,0,--,--,--,0,0,0,0,--,0,--
sponsoredProducts,B08ZRWW1W4_12oz_Wise women rose_retirement gifts for women_ex 14h,Delivering,US,NewEleven,B08ZRWW1W4_TUMBLER 12_WISE WOMEN ROSE GOLD_Linh,manual,$20.00,$0.00,Dynamic bids and down,NOT_SET,--,,110,0,0,0,--,0,0,0,--,--,--,0,0,0,0,--,0,--
sponsoredProducts,B08ZRWW1W4_12oz_Wise women rose_retirement gifts for women_ex,Delivering,US,NewEleven,B08ZRWW1W4_TUMBLER 12_WISE WOMEN ROSE GOLD_Linh,manual,$10.00,$0.00,Dynamic bids and down,NOT_SET,--,,58,0,0,0,--,0,0,0,--,--,--,0,0,0,0,--,0,--
sponsoredProducts,B0DHC932W2_Hat_Trucker hat 1985_40th birthday gifts women ex_12h,Delivering,US,NewEleven,B0DHC932W2_HAT_TRUCKER HAT 1985_THILE,manual,$10.00,$0.00,Dynamic bids down only,MINIMIZE_SPEND,--,,178,0,0,0,--,0,0,0,--,--,--,0,0,0,0,--,0,--
sponsoredProducts,B0DH7YGD9Q_20oz_Vintage 1975 + weird navy_all key search term,Delivering,US,NewEleven,B0DH7YGD9Q_TUMBLER 20_VINTAGE 1975 + WEIRD BEING OLD PEOPLE NAVY_Linh,manual,$30.00,$0.00,Dynamic bids and down,NOT_SET,--,,367,0,0,0,--,0,0,0,--,--,--,0,0,0,0,--,0,--
sponsoredProducts,B0CRVTN11L_CF_Boy mom_gifts for pregnant women_ex 17h45,Delivering,US,NewEleven,B0CRVTN11L_COFFEE GLASS_IN MY BOY MOM ERA_Linh,manual,$10.00,$0.00,Dynamic bids down only,NOT_SET,--,,2,0,0,0,--,0,0,0,--,--,--,0,0,0,0,--,0,--
sponsoredProducts,"B0DH88L44J_Wine glass_Not my problem 2025_retired gifts for women_b,p 16h50",Delivering,US,NewEleven,B0DH88L44J_WINE GLASS_RETIRED 2025 NOT MY PROBLEM ANYMORE_Linh,manual,$10.00,$0.00,Dynamic bids down only,NOT_SET,--,,53,0,0,0,--,0,0,0,--,--,--,0,0,0,0,--,0,--
sponsoredProducts,B0DH88L44J_Wine glass_Not my problem 2025_retirement gifts for women 2025_ex 16h50,Delivering,US,NewEleven,B0DH88L44J_WINE GLASS_RETIRED 2025 NOT MY PROBLEM ANYMORE_Linh,manual,$15.00,$0.00,Dynamic bids down only,NOT_SET,--,,1,0,0,0,--,0,0,0,--,--,--,0,0,0,0,--,0,--
sponsoredProducts,B089QFYLFB_12oz_Fifty fabulous rose_50th birthday gifts for women_br,Delivering,US,NewEleven,B089QFYLFB_TUMBLER 12_FIFTY FABULOUS ROSE GOLD_NGAN,manual,$5.00,$0.00,Dynamic bids down only,NOT_SET,--,,331,0,0,0,--,0,0,0,--,--,--,0,0,0,0,--,0,--
sponsoredProducts,B0BYCT1SRJ_CF_cool aunt club_gifts for aunt_br,Delivering,US,NewEleven,B0BYCT1SRJ_COFFEE GLASS_COOL AUNT CLUB_NGAN,manual,$10.00,$0.00,Dynamic bids down only,NOT_SET,--,,190,0,0,0,--,0,0,0,--,--,--,0,0,0,0,--,0,--
sponsoredProducts,B08R8PXYL6_12oz_Sixty fabulous rose_60th birthday decorations for women_ex,Delivering,US,NewEleven,B08R8PXYL6_TUMBLER 12_SIXTY FABULOUS ROSE GOLD_NGAN,manual,$5.00,$0.00,Dynamic bids and down,NOT_SET,--,,3,0,0,0,--,0,0,0,--,--,--,0,0,0,0,--,0,--
sponsoredProducts,B08R8PXYL6_12oz_Sixty fabulous rose_60th birthday decorations for woman_ex,Delivering,US,NewEleven,B08R8PXYL6_TUMBLER 12_SIXTY FABULOUS ROSE GOLD_NGAN,manual,$5.00,$0.00,Dynamic bids down only,NOT_SET,--,,165,0,0,0,--,0,0,0,--,--,--,0,0,0,0,--,0,--
sponsoredProducts,"B0DVSKXLS5_Bible Jar_Mom_birthday gifts for mom_b,p 14h20",Paused,US,NewEleven,B0DVSKXLS5_BIBLE JAR_MOM_Linh,manual,$10.00,$0.00,Dynamic bids and down,NOT_SET,--,,95,0,0,0,--,0,0,0,--,--,--,0,0,0,0,--,0,--
sponsoredProducts,B0DVSKXLS5_Bible Jar_Mom_ mom birthday gifts_ex 14h20 ros900,Delivering,US,NewEleven,B0DVSKXLS5_BIBLE JAR_MOM_Linh,manual,$10.00,$0.00,Dynamic bids and down,NOT_SET,--,,1,0,0,0,--,0,0,0,--,--,--,0,0,0,0,--,0,--
sponsoredProducts,B0DH7YGD9Q_20oz_Vintage 1975 + weird navy_50th birthday gifts for him_ex 11h50 ros900,Delivering,US,NewEleven,B0DH7YGD9Q_TUMBLER 20_VINTAGE 1975 + WEIRD BEING OLD PEOPLE NAVY_Linh,manual,$35.00,$0.00,Dynamic bids and down,NOT_SET,--,,350,0,0,0,--,0,0,0,--,--,--,0,0,0,0,--,0,--
sponsoredProducts,"B0F3C9BMFZ_Candles_Smell like_retirement card for woman_b,p 11h50",Delivering,US,NewEleven,B0F3C9BMFZ_CANDLE_SMELLS LIKE IT'S NOT MY PROBLEM ANYMORE_Linh,manual,$5.00,$0.00,Dynamic bids down only,NOT_SET,--,,12,0,0,0,--,0,0,0,--,--,--,0,0,0,0,--,0,--
sponsoredProducts,"B0F3C9BMFZ_Candles_Smell like_retirement decorations_b,p 11h50",Paused,US,NewEleven,B0F3C9BMFZ_CANDLE_SMELLS LIKE IT'S NOT MY PROBLEM ANYMORE_Linh,manual,$5.00,$0.00,Dynamic bids down only,NOT_SET,--,,19,0,0,0,--,0,0,0,--,--,--,0,0,0,0,--,0,--
sponsoredProducts,B0F18PVLJ1_20oz_Every sip tastes_all key search term 17h,Delivering,US,NewEleven,B0F18PVLJ1_TUMBLER 20_EVERY SIP TASTES LIKE RETIRED 2025 BLACK_Linh,manual,$20.00,$0.00,Dynamic bids and down,NOT_SET,--,,82,0,0,0,--,0,0,0,--,--,--,0,0,0,0,--,0,--
sponsoredProducts,"B0DH7YGD9Q_20oz_Vintage 1975 + weird navy_50th birthday decorations_b,p 14h20 (TOS bid 900%)",Delivering,US,NewEleven,B0DH7YGD9Q_TUMBLER 20_VINTAGE 1975 + WEIRD BEING OLD PEOPLE NAVY_Linh,manual,$20.00,$0.00,Dynamic bids and down,MINIMIZE_SPEND,--,,77,0,0,0,--,0,0,0,--,--,--,0,0,0,0,--,0,--
sponsoredProducts,"B0F3C9BMFZ_Candles_Smell like_retirement gifts for men b,p_14h30",Delivering,US,NewEleven,B0F3C9BMFZ_CANDLE_SMELLS LIKE IT'S NOT MY PROBLEM ANYMORE_Linh,manual,$5.00,$0.00,Dynamic bids down only,MINIMIZE_SPEND,--,,2,0,0,0,--,0,0,0,--,--,--,0,0,0,0,--,0,--
sponsoredProducts,"B0C9BZRC4K_CF_Cool mom club_gifts for new mom_b,p 12h10",Delivering,US,NewEleven,B0C9BZRC4K_COFFEE GLASS_COOL MOM CLUB_NGUYEN,manual,$5.00,$0.00,Dynamic bids and down,MINIMIZE_SPEND,--,,5,0,0,0,--,0,0,0,--,--,--,0,0,0,0,--,0,--
sponsoredProducts,"B0C9BZRC4K_CF_Cool mom club_new mom_b,p 12h10",Delivering,US,NewEleven,B0C9BZRC4K_COFFEE GLASS_COOL MOM CLUB_NGUYEN,manual,$10.00,$0.00,Dynamic bids and down,MINIMIZE_SPEND,--,,239,0,0,0,--,0,0,0,--,--,--,0,0,0,0,--,0,--
sponsoredProducts,"B08ZYGT8SH_Apron_What happens_bbq gifts for men_b,p 12h45",Delivering,US,NewEleven,B08ZYGT8SH_APRON_WHATEVER HAPPENS_Linh,manual,$10.00,$0.00,Dynamic bids down only,NOT_SET,--,,7,0,0,0,--,0,0,0,--,--,--,0,0,0,0,--,0,--
sponsoredProducts,B0DH7YGD9Q_20oz_Vintage 1975 + weird navy_50th birthday gifts_b 15h10,Delivering,US,NewEleven,B0DH7YGD9Q_TUMBLER 20_VINTAGE 1975 + WEIRD BEING OLD PEOPLE NAVY_Linh,manual,$10.00,$0.00,Dynamic bids and down,MINIMIZE_SPEND,--,,448,0,0,0,--,0,0,0,--,--,--,0,0,0,0,--,0,--
sponsoredProducts,B0DH7YGD9Q_20oz_Vintage 1975 + weird navy_50th birthday gifts for her_b 15h10 tos/ros900,Paused,US,NewEleven,B0DH7YGD9Q_TUMBLER 20_VINTAGE 1975 + WEIRD BEING OLD PEOPLE NAVY_Linh,manual,$20.00,$0.00,Dynamic bids and down,MINIMIZE_SPEND,--,,15,0,0,0,--,0,0,0,--,--,--,0,0,0,0,--,0,--
sponsoredProducts,B0DLV9CFVS_Orna_In my auntie era ceramic_auto 3,Delivering,US,NewEleven,x B0DLV9CFVS_ORNAMENT_IN MY AUNTIE ERA CERAMIC_Linh,auto,$2.00,$0.00,Dynamic bids and down,NOT_SET,--,,15,0,0,0,--,0,0,0,--,--,--,0,0,0,0,--,0,--
sponsoredProducts,B0DLV9CFVS_Orna_In my auntie era ceramic_auto,Delivering,US,NewEleven,x B0DLV9CFVS_ORNAMENT_IN MY AUNTIE ERA CERAMIC_Linh,auto,$2.00,$0.00,Dynamic bids and down,NOT_SET,--,,2,0,0,0,--,0,0,0,--,--,--,0,0,0,0,--,0,--
sponsoredProducts,"B0DH87FYNN_20oz_vintage 1965 weird navy_60th birthday gifts for men b,p",Paused,US,NewEleven,B0DH87FYNN_TUMBLER 20_VINTAGE 1965 WEIRD BEING OLD PEOPLE NAVY_TRINH,manual,$10.00,$0.00,Dynamic bids down only,NOT_SET,--,,45,0,0,0,--,0,0,0,--,--,--,0,0,0,0,--,0,--
sponsoredProducts,B08R8R2LQF_20oz_May the forties black_40th birthday decorations for men ex,Delivering,US,NewEleven,B08R8R2LQF_TUMBLER 20_MAY THE FORTIES BE WITH YOU BLACK_TRINH,manual,$10.00,$0.00,Dynamic bids down only,NOT_SET,--,,701,0,0,0,--,0,0,0,--,--,--,0,0,0,0,--,0,--
sponsoredProducts,"B0CRKR75LJ_20oz_Grandmasaurus+Grandma nutri white_gifts from grandkids b,p",Delivering,US,NewEleven,B0CRKR75LJ_TUMBLER 20_GRANDMASAURUS + GRANDMA NUTRITION  WHITE_Linh,manual,$5.00,$0.00,Dynamic bids and down,MINIMIZE_SPEND,--,,5,0,0,0,--,0,0,0,--,--,--,0,0,0,0,--,0,--
sponsoredProducts,"B0DJZ5B6YZ_Orna_Love you dad glass_gifts for dad from kids b,p",Paused,US,NewEleven,B0DJZ5B6YZ_ORNAMENT_LOVE YOU DAD GLASS_NGAN,manual,$5.00,$0.00,Dynamic bids and down,NOT_SET,--,,8,0,0,0,--,0,0,0,--,--,--,0,0,0,0,--,0,--
sponsoredProducts,"B0DJZ5B6YZ_Orna_Love you dad glass_gifts for dad from daughter b,p 1",Paused,US,NewEleven,B0DJZ5B6YZ_ORNAMENT_LOVE YOU DAD GLASS_NGAN,manual,$5.00,$0.00,Dynamic bids down only,NOT_SET,--,,48,0,0,0,--,0,0,0,--,--,--,0,0,0,0,--,0,--
sponsoredProducts,B0DJZ5B6YZ_Orna_Love you dad glass_auto 16h,Paused,US,NewEleven,B0DJZ5B6YZ_ORNAMENT_LOVE YOU DAD GLASS_NGAN,auto,$5.00,$0.00,Dynamic bids down only,NOT_SET,--,,7,0,0,0,--,0,0,0,--,--,--,0,0,0,0,--,0,--
sponsoredProducts,B0DLV9CFVS_Orna_In my auntie era ceramic_all key,Delivering,US,NewEleven,x B0DLV9CFVS_ORNAMENT_IN MY AUNTIE ERA CERAMIC_Linh,manual,$2.00,$0.00,Dynamic bids and down,NOT_SET,--,,10,0,0,0,--,0,0,0,--,--,--,0,0,0,0,--,0,--
sponsoredProducts,Brand_neweleven_all,Delivering,US,NewEleven,BRAND KEYWORD,manual,$25.00,$0.00,Dynamic bids and down,NOT_SET,--,,64,0,0,0,--,0,0,0,--,--,--,0,0,0,0,--,0,--
sponsoredProducts,SP_B08R8R2LQF_Tumbler 20_May The Forties Be With You Black_Manual_KW_40th birthday gifts for men_b_Down,Delivering,US,NewEleven,B08R8R2LQF_TUMBLER 20_MAY THE FORTIES BE WITH YOU BLACK_TRINH,manual,$17.00,$0.00,Dynamic bids down only,NOT_SET,--,,66,0,0,0,--,0,0,0,--,--,--,0,0,0,0,--,0,--
sponsoredProducts,[Wise women 12oz] [retirement gift for woman] [ex] 2,Delivering,US,NewEleven,B08ZRWW1W4_TUMBLER 12_WISE WOMEN ROSE GOLD_Linh,manual,$10.00,$0.00,Dynamic bids and down,MINIMIZE_SPEND,--,,74,0,0,0,--,0,0,0,--,--,--,0,0,0,0,--,0,--
sponsoredProducts,[Wise women 12oz] [auto] 16h,Delivering,US,NewEleven,B08ZRWW1W4_TUMBLER 12_WISE WOMEN ROSE GOLD_Linh,auto,$10.00,$0.00,Dynamic bids and down,MINIMIZE_SPEND,--,,259,0,0,0,--,0,0,0,--,--,--,0,0,0,0,--,0,--
sponsoredDisplay,SD_B0CQJZP6TK_Coffee Glass_In My Auntie Era + Auntie Nutrition_Page Visits_PDP_Remarketing_Contextual,Delivering,US,NewEleven,B0CQJZP6TK_COFFEE GLASS_IN MY AUNTIE ERA + AUNTIE NUTRITION_THILE,manual,$10.00,$0.00,,,--,,78,0,0,0,--,0,0,0,--,--,--,0,0,0,0,--,0,--
