Campaign type,Campaign,Status,Country,Profile,Portfolio,Target type,Daily Budget,Current Budget,Bidding Strategy,SP Off-site Ads Strategy,Labels,Budget group,Top-of-search IS,Avg.time in Budget,Impressions,Clicks,CTR,Spend,CPC,Orders,Sales,Units,CVR,ACOS,ROAS,CPA,Sales Same SKU,Sales Other SKU,Orders Same SKU,Orders Other SKU,Units Same SKU,Units Other SKU
sponsoredProducts,B0F18PVLJ1_20oz_Every sip tastes_asin high CR 17h30,Out Of Budget,US,NewEleven,B0F18PVLJ1_TUMBLER 20_EVERY SIP TASTES LIKE RETIRED 2025 BLACK_Linh,manual,$30.00,$0.00,Dynamic bids and down,MINIMIZE_SPEND,--,,0.0336,80%,3026,22,0.0073,35.36,1.61,2,45.96,2,0.0909,0.7694,1.3,17.68,45.96,0,2,--,2,--
sponsoredProducts,B0DH7YGD9Q_20oz_Vintage 1975 + weird navy_all key 2,Out Of Budget,US,NewEleven,B0DH7YGD9Q_TUMBLER 20_VINTAGE 1975 + WEIRD BEING OLD PEOPLE NAVY_Linh,manual,$30.00,$0.00,Dynamic bids down only,NOT_SET,--,,0.0026,30%,860,13,0.0151,31.97,2.46,4,79.92,4,0.3077,0.4,2.5,7.99,79.92,0,4,--,4,--
sponsoredProducts,"SP_B0DH7YGD9Q_Tumbler 20_Vintage 1975 + Weird Being Old People Navy_Manual_KW_50th birthday_b,p_Up & Down",Delivering,US,NewEleven,B0DH7YGD9Q_TUMBLER 20_VINTAGE 1975 + WEIRD BEING OLD PEOPLE NAVY_Linh,manual,$20.00,$0.00,Dynamic bids and down,NOT_SET,--,,0.0122,100%,1304,15,0.0115,27.03,1.8,3,63.94,3,0.2,0.4227,2.37,9.01,39.96,23.98,2,1,2,1
sponsoredProducts,"B0CQJZP6TK_CF_In my auntie era_gifts for aunt b,p_17h10",Delivering,US,NewEleven,B0CQJZP6TK_COFFEE GLASS_IN MY AUNTIE ERA + AUNTIE NUTRITION_THILE,manual,$30.00,$0.00,Dynamic bids down only,MINIMIZE_SPEND,--,,0.0501,100%,2386,19,0.008,26.43,1.39,3,63.92,4,0.1579,0.4135,2.42,8.81,63.92,0,3,--,4,--
sponsoredProducts,SP_B0DGGDN9WS_Coffee Glass_Vintage 1995 + Back In 1995_Manual_PT_ex_Down_2,Delivering,US,NewEleven,B0DGGDN9WS_COFFEE GLASS_VINTAGE 1995 + BACK IN 1995_THILE,manual,$35.00,$0.00,Dynamic bids down only,MINIMIZE_SPEND,--,,0.0338,80%,2238,25,0.0112,26,1.04,1,15.98,1,0.04,1.627,0.61,26,15.98,0,1,--,1,--
sponsoredProducts,"B0DM63J16N_20oz_60 fabulous + making 1965_60th birthday b,p_17h35",Delivering,US,NewEleven,B0DM63J16N_TUMBLER 20_60 & FABULOUS + MAKING 1965_THILE,manual,$35.00,$0.00,Dynamic bids down only,MINIMIZE_SPEND,--,,0.0019,90%,2849,18,0.0063,25.98,1.44,1,21.98,1,0.0556,1.182,0.85,25.98,21.98,0,1,--,1,--
sponsoredProducts,B0F18PVLJ1_20oz_Every sip tastes_retirement gifts for men_ex,Out Of Budget,US,NewEleven,B0F18PVLJ1_TUMBLER 20_EVERY SIP TASTES LIKE RETIRED 2025 BLACK_Linh,manual,$20.00,$0.00,Dynamic bids and down,MINIMIZE_SPEND,--,,0.0882,90%,1247,12,0.0096,25.26,2.11,2,45.96,2,0.1667,0.5496,1.82,12.63,45.96,0,2,--,2,--
sponsoredProducts,B0F18CMJ3L_Whiskey_Every Sip Tastes_retirement_p,Delivering,US,NewEleven,B0F18CMJ3L_WHISKEY GLASS_EVERY SIP TASTES LIKE RETIRED 2025_Linh,manual,$25.00,$0.00,Dynamic bids and down,NOT_SET,--,,0.0127,70%,1342,15,0.0112,24.87,1.66,3,68.94,3,0.2,0.3607,2.77,8.29,68.94,0,3,--,3,--
sponsoredProducts,"B0F18CMJ3L_Whiskey_Every Sip Tastes_retirement gift_b,p 17h15",Out Of Budget,US,NewEleven,B0F18CMJ3L_WHISKEY GLASS_EVERY SIP TASTES LIKE RETIRED 2025_Linh,manual,$25.00,$0.00,Dynamic bids and down,NOT_SET,--,,0.0207,50%,1044,12,0.0115,22.85,1.9,2,45.96,2,0.1667,0.4972,2.01,11.43,45.96,0,2,--,2,--
sponsoredProducts,SP_B0DGGDX9P5_Coffee Glass_Vintage 1985 + Back In 1985_Manual_KW_40th birthday gifts for women_ex_Up & Down,Out Of Budget,US,NewEleven,B0DGGDX9P5_COFFEE GLASS_VINTAGE 1985 + BACK IN 1985_NGAN,manual,$25.00,$0.00,Dynamic bids down only,NOT_SET,--,,0,70%,578,16,0.0277,22.72,1.42,5,81.9,5,0.3125,0.2774,3.6,4.54,50.94,30.96,3,2,3,2
sponsoredProducts,"SP_B0F13S4HSG_Bible Jar_Sister_Manual_PT_exp, ex_Up & Down_search term",Out Of Budget,US,NewEleven,B0F13S4HSG_BIBLE JAR_SISTER_Linh,manual,$20.00,$0.00,Dynamic bids and down,NOT_SET,--,,0.0068,50%,3826,22,0.0058,22.67,1.03,3,51.94,3,0.1364,0.4365,2.29,7.56,0,51.94,0,3,0,3
sponsoredProducts,B0DGGDX9P5_CF_Vintage 1985 + back in 1985_all key 14h45,Delivering,US,NewEleven,B0DGGDX9P5_COFFEE GLASS_VINTAGE 1985 + BACK IN 1985_NGAN,manual,$20.00,$0.00,Dynamic bids down only,MINIMIZE_SPEND,--,,0.0007,70%,531,16,0.0301,21.68,1.36,6,101.88,6,0.375,0.2128,4.7,3.61,101.88,0,6,--,6,--
sponsoredProducts,B089QFYLFB_12oz_Fifty fabulous rose_asin ex,Out Of Budget,US,NewEleven,B089QFYLFB_TUMBLER 12_FIFTY FABULOUS ROSE GOLD_NGAN,manual,$20.00,$0.00,Dynamic bids down only,NOT_SET,--,,0.0006,0%,1781,14,0.0079,21.36,1.53,2,35.96,2,0.1429,0.594,1.68,10.68,35.96,0,2,--,2,--
sponsoredProducts,"SP_B0CRVTN11L_Coffee Glass_In My Boy Mom Era_Manual_KW_mom to be_b,p_Up & Down",Out Of Budget,US,NewEleven,B0CRVTN11L_COFFEE GLASS_IN MY BOY MOM ERA_Linh,manual,$20.00,$0.00,Dynamic bids and down,NOT_SET,--,,0.0067,40%,1300,16,0.0123,20.26,1.27,5,79.9,5,0.3125,0.2536,3.94,4.05,63.92,15.98,4,1,4,1
sponsoredProducts,SP_B0F18CMJ3L_Whiskey Glass_Every Sip Tastes Like Retired 2025_Auto_All_Up & Down,Out Of Budget,US,NewEleven,B0F18CMJ3L_WHISKEY GLASS_EVERY SIP TASTES LIKE RETIRED 2025_Linh,auto,$20.00,$0.00,Dynamic bids and down,NOT_SET,--,,0.0042,0%,2404,16,0.0067,19.68,1.23,1,22.98,1,0.0625,0.8564,1.17,19.68,22.98,0,1,--,1,--
sponsoredProducts,B0FC69GZW9_Card_We Wouldn'T Be The Team_asin exact_15h,Delivering,US,NewEleven,B0FC69GZW9_CARD_MAY YOU BE PROUD OF THE WORK_THILE,manual,$20.00,$0.00,Dynamic bids down only,MINIMIZE_SPEND,--,,0.053,100%,836,26,0.0311,19.27,0.74,3,23.97,3,0.1154,0.8039,1.24,6.42,23.97,0,3,--,3,--
sponsoredProducts,SP_B0FC69XTZ9_Card_Leaving Your Job_Manual_PT_ex_Up & Down,Out Of Budget,US,NewEleven,B0FC69XTZ9_CARD_CONGRATULATIONS ON LEAVING YOUR JOB_NGAN,manual,$15.00,$0.00,Dynamic bids down only,NOT_SET,--,,0.0916,70%,351,22,0.0627,19.19,0.87,6,48.93,7,0.2727,0.3922,2.55,3.2,48.93,0,6,--,7,--
sponsoredProducts,"SP_B0F2TDMHFC_Card_Mamasaurus_Manual_PT_exp, ex_Up & Down_asin search term",Out Of Budget,US,NewEleven,B0F2TDMHFC_CARD_MAMASAURUS_Linh,manual,$15.00,$0.00,Dynamic bids and down,NOT_SET,--,,0.0631,0%,860,19,0.0221,19.05,1,2,19.98,2,0.1053,0.9535,1.05,9.53,19.98,0,2,--,2,--
sponsoredProducts,"SP_B0F18PVLJ1_Tumbler 20_Every Sip Tastes Like Retired 2025 + Card Black_Manual_KW_retirement gift for woman_b,p_Up & Down",Delivering,US,NewEleven,B0F18PVLJ1_TUMBLER 20_EVERY SIP TASTES LIKE RETIRED 2025 BLACK_Linh,manual,$20.00,$0.00,Dynamic bids and down,NOT_SET,--,,0.0096,100%,1818,11,0.0061,18.99,1.73,3,68.94,3,0.2727,0.2755,3.63,6.33,68.94,0,3,--,3,--
sponsoredProducts,"B0CQJZP6TK_CF_In my auntie era_auntie b,p_13h",Delivering,US,NewEleven,B0CQJZP6TK_COFFEE GLASS_IN MY AUNTIE ERA + AUNTIE NUTRITION_THILE,manual,$25.00,$0.00,Dynamic bids and down,MINIMIZE_SPEND,--,,0.0562,100%,844,17,0.0201,18.93,1.11,4,63.92,4,0.2353,0.2962,3.38,4.73,63.92,0,4,--,4,--
sponsoredProducts,"B0DH7YGD9Q_20oz_Vintage 1975 + weird navy_50th birthday decorations b,p",Out Of Budget,US,NewEleven,B0DH7YGD9Q_TUMBLER 20_VINTAGE 1975 + WEIRD BEING OLD PEOPLE NAVY_Linh,manual,$20.00,$0.00,Dynamic bids and down,NOT_SET,--,,0.0029,80%,1332,10,0.0075,18.73,1.87,1,19.98,1,0.1,0.9374,1.07,18.73,19.98,0,1,--,1,--
sponsoredProducts,"SP_B0DH7YGD9Q_Tumbler 20_Vintage 1975 + Weird Being Old People Navy_Manual_PT_exp, ex_Up & Down_asin decoration",Delivering,US,NewEleven,B0DH7YGD9Q_TUMBLER 20_VINTAGE 1975 + WEIRD BEING OLD PEOPLE NAVY_Linh,manual,$30.00,$0.00,Dynamic bids and down,NOT_SET,--,,0.0231,100%,4380,11,0.0025,18.1,1.65,3,59.94,3,0.2727,0.302,3.31,6.03,59.94,0,3,--,3,--
sponsoredProducts,B0DH7YGD9Q_20oz_Vintage 1975 + weird navy_asin_ex,Out Of Budget,US,NewEleven,B0DH7YGD9Q_TUMBLER 20_VINTAGE 1975 + WEIRD BEING OLD PEOPLE NAVY_Linh,manual,$15.00,$0.00,Dynamic bids down only,NOT_SET,--,,0,65%,1351,9,0.0067,18,2,1,79.92,4,0.1111,0.2252,4.44,18,79.92,0,1,--,4,--
sponsoredProducts,B0C9BZRC4K_CF_Cool mom club_gifts for new mom_b 15h30,Out Of Budget,US,NewEleven,B0C9BZRC4K_COFFEE GLASS_COOL MOM CLUB_NGUYEN,manual,$10.00,$0.00,Dynamic bids and down,MINIMIZE_SPEND,--,,0.037,90%,843,9,0.0107,17.36,1.93,1,16.98,1,0.1111,1.0224,0.98,17.36,16.98,0,1,--,1,--
sponsoredProducts,"B0F18CMJ3L_Whiskey_Every Sip Tastes_retirement gifts_b,p 10h",Delivering,US,NewEleven,B0F18CMJ3L_WHISKEY GLASS_EVERY SIP TASTES LIKE RETIRED 2025_Linh,manual,$30.00,$0.00,Dynamic bids and down,NOT_SET,--,,0.0106,90%,1031,10,0.0097,16.33,1.63,1,22.98,1,0.1,0.7106,1.41,16.33,22.98,0,1,--,1,--
sponsoredProducts,SP_B089QFYLFB_Tumbler 12_Fifty Fabulous Rose Gold_Manual_KW_all key_b_Up & Down,Delivering,US,NewEleven,B089QFYLFB_TUMBLER 12_FIFTY FABULOUS ROSE GOLD_NGAN,manual,$30.00,$0.00,Dynamic bids down only,NOT_SET,--,,0.0002,100%,1030,10,0.0097,16.26,1.63,4,71.92,4,0.4,0.2261,4.42,4.07,71.92,0,4,--,4,--
sponsoredProducts,B0DHCGTL3R_20oz_Vintage 1955 + weird navy_asin exp_11h10,Delivering,US,NewEleven,B0DHCGTL3R_TUMBLER 20_VINTAGE 1955 + WEIRD BEING NAVY_THILE,manual,$20.00,$0.00,Dynamic bids down only,MINIMIZE_SPEND,--,,0.0018,100%,1783,12,0.0067,15.45,1.29,1,19.98,1,0.0833,0.7733,1.29,15.45,19.98,0,1,--,1,--
sponsoredProducts,B0DKDWHJ2P_SP_AUTO 4b71b0,Out Of Budget,US,NewEleven,B0CRVTN11L_COFFEE GLASS_IN MY BOY MOM ERA_Linh,auto,$15.00,$0.00,Dynamic bids and down,NOT_SET,--,,0.0005,60%,2085,20,0.0096,14.48,0.72,1,15.98,1,0.05,0.9061,1.1,14.48,15.98,0,1,--,1,--
sponsoredProducts,"SP_B0DH7YGD9Q_Tumbler 20_Vintage 1975 + Weird Being Old People Navy_Manual_PT_exp, ex_Up & Down_asin card",Out Of Budget,US,NewEleven,B0DH7YGD9Q_TUMBLER 20_VINTAGE 1975 + WEIRD BEING OLD PEOPLE NAVY_Linh,manual,$20.00,$0.00,Dynamic bids and down,NOT_SET,--,,0.0033,100%,2161,10,0.0046,14.21,1.42,0,0,0,0,--,0,0,0,0,0,--,0,--
sponsoredProducts,SP_B0F18CMJ3L_Whiskey Glass_Every Sip Tastes Like Retired 2025_Manual_KW_retirement gifts for men_ex_Up & Down,Out Of Budget,US,NewEleven,B0F18CMJ3L_WHISKEY GLASS_EVERY SIP TASTES LIKE RETIRED 2025_Linh,manual,$15.00,$0.00,Dynamic bids and down,NOT_SET,--,,0.0196,30%,144,7,0.0486,13.77,1.97,0,0,0,0,--,0,0,0,0,0,--,0,--
sponsoredProducts,B08R8R2LQF_20oz_May the forties black_40th birthday decorations for men ex,Delivering,US,NewEleven,B08R8R2LQF_TUMBLER 20_MAY THE FORTIES BE WITH YOU BLACK_TRINH,manual,$10.00,$0.00,Dynamic bids down only,NOT_SET,--,,0.0006,100%,870,7,0.008,13.7,1.96,1,22.98,1,0.1429,0.5962,1.68,13.7,22.98,0,1,--,1,--
sponsoredProducts,"B0F18CMJ3L_Whiskey_Every Sip Tastes_retirement gifts_b,p 17h15",Delivering,US,NewEleven,B0F18CMJ3L_WHISKEY GLASS_EVERY SIP TASTES LIKE RETIRED 2025_Linh,manual,$10.00,$0.00,Dynamic bids and down,NOT_SET,--,,0.0112,90%,500,8,0.016,13.63,1.7,3,68.94,3,0.375,0.1977,5.06,4.54,68.94,0,3,--,3,--
sponsoredProducts,"SP_B0CG8N67SJ_Tumbler 20_My Favorite Child + Dad Nutrition Navy_Manual_KW_dad birthday_b,p_Up & Down",Out Of Budget,US,NewEleven,B0CG8N67SJ_TUMBLER 20_MY FAVORITE CHILD + DAD NUTRITION NAVY_Linh,manual,$15.00,$0.00,Dynamic bids and down,NOT_SET,--,,0.006,40%,453,8,0.0177,13.5,1.69,2,39.96,2,0.25,0.3378,2.96,6.75,39.96,0,2,--,2,--
sponsoredProducts,"SP_B0CG8N67SJ_Tumbler 20_My Favorite Child + Dad Nutrition Navy_Manual_KW_gift for dad_b,p_Up & Down",Delivering,US,NewEleven,B0CG8N67SJ_TUMBLER 20_MY FAVORITE CHILD + DAD NUTRITION NAVY_Linh,manual,$15.00,$0.00,Dynamic bids and down,NOT_SET,--,,0.0096,90%,1315,11,0.0084,13.1,1.19,0,0,0,0,--,0,0,0,0,0,--,0,--
sponsoredProducts,SP_B092HNBJT6_TUMBLER 20_COWORKER BLACK_Manual_PT_Down Only,Delivering,US,NewEleven,B092HNBJT6_TUMBLER 20_COWORKER BLACK_TRINH,manual,$15.00,$0.00,Dynamic bids down only,NOT_SET,--,,0.0063,90%,2331,15,0.0064,12.9,0.86,3,55.94,3,0.2,0.2306,4.34,4.3,39.96,15.98,2,1,2,1
sponsoredProducts,"B08ZYGT8SH_Apron_What happens_aprons for men_b,p 12h45",Out Of Budget,US,NewEleven,B08ZYGT8SH_APRON_WHATEVER HAPPENS_Linh,manual,$10.00,$0.00,Dynamic bids down only,NOT_SET,--,,0,0%,1472,12,0.0082,12.76,1.06,3,38.94,3,0.25,0.3277,3.05,4.25,25.96,12.98,2,1,2,1
sponsoredProducts,"B0F18CMJ3L_Whiskey_Every Sip Tastes_gift for retirement_b,p 17h15",Out Of Budget,US,NewEleven,B0F18CMJ3L_WHISKEY GLASS_EVERY SIP TASTES LIKE RETIRED 2025_Linh,manual,$10.00,$0.00,Dynamic bids and down,NOT_SET,--,,0.0074,85%,486,7,0.0144,12.74,1.82,1,22.98,1,0.1429,0.5544,1.8,12.74,22.98,0,1,--,1,--
sponsoredProducts,B0DGGDX9P5_CF_Vintage 1985 + back in 1985_asin exp 14h46,Delivering,US,NewEleven,B0DGGDX9P5_COFFEE GLASS_VINTAGE 1985 + BACK IN 1985_NGAN,manual,$35.00,$0.00,Dynamic bids down only,MINIMIZE_SPEND,--,,0.0004,80%,954,10,0.0105,12.68,1.27,1,16.98,1,0.1,0.7468,1.34,12.68,16.98,0,1,--,1,--
sponsoredProducts,B0F18PVLJ1_20oz_Every sip tastes_auto 2,Delivering,US,NewEleven,B0F18PVLJ1_TUMBLER 20_EVERY SIP TASTES LIKE RETIRED 2025 BLACK_Linh,auto,$15.00,$0.00,Dynamic bids and down,MINIMIZE_SPEND,--,,0.0018,90%,3508,11,0.0031,12.56,1.14,1,22.98,1,0.0909,0.5466,1.83,12.56,22.98,0,1,--,1,--
sponsoredProducts,[Wise women 12oz] [auto] 16h,Out Of Budget,US,NewEleven,B08ZRWW1W4_TUMBLER 12_WISE WOMEN ROSE GOLD_Linh,auto,$10.00,$0.00,Dynamic bids and down,MINIMIZE_SPEND,--,,0.001,100%,2896,11,0.0038,12.56,1.14,2,39.96,2,0.1818,0.3143,3.18,6.28,39.96,0,2,--,2,--
sponsoredProducts,B08ZRWW1W4_12oz_Wise women rose_auto 13h (minimize reach),Delivering,US,NewEleven,B08ZRWW1W4_TUMBLER 12_WISE WOMEN ROSE GOLD_Linh,auto,$15.00,$0.00,Dynamic bids and down,MINIMIZE_SPEND,--,,0.0002,90%,2185,12,0.0055,12.37,1.03,0,0,0,0,--,0,0,0,0,0,--,0,--
sponsoredProducts,B0F18PVLJ1_20oz_Every sip tastes_retirement gifts for men_ex 10h50,Delivering,US,NewEleven,B0F18PVLJ1_TUMBLER 20_EVERY SIP TASTES LIKE RETIRED 2025 BLACK_Linh,manual,$20.00,$0.00,Dynamic bids and down,NOT_SET,--,,0.0393,80%,427,5,0.0117,11.95,2.39,1,22.98,1,0.2,0.52,1.92,11.95,22.98,0,1,--,1,--
sponsoredProducts,B0DH7YGD9Q_20oz_Vintage 1975 + weird navy_50th birthday gifts for him_ex 11h50 ros900,Delivering,US,NewEleven,B0DH7YGD9Q_TUMBLER 20_VINTAGE 1975 + WEIRD BEING OLD PEOPLE NAVY_Linh,manual,$35.00,$0.00,Dynamic bids and down,NOT_SET,--,,0.0481,100%,1493,6,0.004,11.8,1.97,2,39.96,2,0.3333,0.2953,3.39,5.9,39.96,0,2,--,2,--
sponsoredProducts,"B0F18PVLJ1_20oz_Every sip tastes_retirement gifts_b,p 10h50",Out Of Budget,US,NewEleven,B0F18PVLJ1_TUMBLER 20_EVERY SIP TASTES LIKE RETIRED 2025 BLACK_Linh,manual,$10.00,$0.00,Dynamic bids and down,NOT_SET,--,,0.0092,40%,333,6,0.018,11.49,1.92,1,22.98,1,0.1667,0.5,2,11.49,22.98,0,1,--,1,--
sponsoredProducts,B0DH7X6R1J_20oz_50 fabulous + making 1975_50th birthday_broad,Delivering,US,NewEleven,B0DH7X6R1J_TUMBLER 20_50 & FABULOUS + MAKING 1975_NGAN,manual,$35.00,$0.00,Dynamic bids down only,NOT_SET,--,,0,100%,1317,7,0.0053,11.2,1.6,2,47.96,2,0.2857,0.2335,4.28,5.6,47.96,0,2,--,2,--
sponsoredProducts,SP_B08R8R2LQF_Tumbler 20_May The Forties Be With You Black_Manual_KW_40th birthday gifts men_ex_Down,Delivering,US,NewEleven,B08R8R2LQF_TUMBLER 20_MAY THE FORTIES BE WITH YOU BLACK_TRINH,manual,$20.00,$0.00,Dynamic bids down only,NOT_SET,--,,0.0094,90%,1175,5,0.0043,11,2.2,0,0,0,0,--,0,0,0,0,0,--,0,--
sponsoredProducts,"B08ZRWW1W4_12oz_Wise women rose_retirement gift_b,p 13h (maximize spend)",Out Of Budget,US,NewEleven,B08ZRWW1W4_TUMBLER 12_WISE WOMEN ROSE GOLD_Linh,manual,$10.00,$0.00,Dynamic bids and down,MINIMIZE_SPEND,--,,0.0082,70%,2043,7,0.0034,10.78,1.54,1,19.98,1,0.1429,0.5395,1.85,10.78,19.98,0,1,--,1,--
sponsoredProducts,"B0CJLF7CW6_20oz_Awesome like daughter navy_birthday gifts for dad_b,p 14h40",Out Of Budget,US,NewEleven,B0CJLF7CW6_TUMBLER 20_AWESOME LIKE MY DAUGHTER NAVY_NGUYEN,manual,$10.00,$0.00,Dynamic bids and down,MINIMIZE_SPEND,--,,0.0089,90%,1016,6,0.0059,10.64,1.77,0,0,0,0,--,0,0,0,0,0,--,0,--
sponsoredProducts,B0BYCT1SRJ_CF_cool aunt club_all key 10h37,Delivering,US,NewEleven,B0BYCT1SRJ_COFFEE GLASS_COOL AUNT CLUB_NGAN,manual,$20.00,$0.00,Dynamic bids down only,NOT_SET,--,,0.0028,90%,2070,9,0.0043,10.6,1.18,3,71.92,4,0.3333,0.1474,6.78,3.53,71.92,0,3,--,4,--
sponsoredProducts,"B0DVSKXLS5_Bible Jar_Mom_gifts for mom birthday_b,p 11h31",Out Of Budget,US,NewEleven,B0DVSKXLS5_BIBLE JAR_MOM_Linh,manual,$10.00,$0.00,Dynamic bids and down,NOT_SET,--,,0.0029,90%,883,9,0.0102,10.54,1.17,2,33.96,2,0.2222,0.3104,3.22,5.27,33.96,0,2,--,2,--
sponsoredProducts,"SP_B0F13S4HSG_Bible Jar_Sister_Manual_PT_exp, ex_Up & Down",Out Of Budget,US,NewEleven,B0F13S4HSG_BIBLE JAR_SISTER_Linh,manual,$10.00,$0.00,Dynamic bids and down,NOT_SET,--,,0,40%,2511,11,0.0044,10.43,0.95,1,18.98,1,0.0909,0.5495,1.82,10.43,18.98,0,1,--,1,--
sponsoredProducts,"B0FC5SSDXK_Card_Hear's another year_anniversary cards for wife_b,p",Out Of Budget,US,NewEleven,B0FC5SSDXK_CARD_HERE'S TO ANOTHER YEAR Linh,manual,$10.00,$0.00,Dynamic bids and down,NOT_SET,--,,0.0255,30%,129,12,0.093,10.28,0.86,0,0,0,0,--,0,0,0,0,0,--,0,--
sponsoredProducts,"SP_B0DH88L44J_Wine Glass_Retired 2025 Not My Problem Anymore_Manual_KW_gifts for retirement_b,p_Up & Down",Out Of Budget,US,NewEleven,B0DH88L44J_WINE GLASS_RETIRED 2025 NOT MY PROBLEM ANYMORE_Linh,manual,$10.00,$0.00,Dynamic bids and down,NOT_SET,--,,0.0018,80%,273,6,0.022,10.25,1.71,3,59.94,3,0.5,0.171,5.85,3.42,59.94,0,3,--,3,--
sponsoredProducts,B0DH88L44J_Wine glass_Not my problem 2025_asin_exp,Out Of Budget,US,NewEleven,B0DH88L44J_WINE GLASS_RETIRED 2025 NOT MY PROBLEM ANYMORE_Linh,manual,$10.00,$0.00,Dynamic bids and down,NOT_SET,--,,0.0017,60%,1811,7,0.0039,10.23,1.46,1,23.98,1,0.1429,0.4266,2.34,10.23,0,23.98,0,1,0,1
sponsoredProducts,SP_B0F18CMJ3L_Whiskey Glass_Every Sip Tastes Like Retired 2025_Auto_Substitutes_Up & Down,Out Of Budget,US,NewEleven,B0F18CMJ3L_WHISKEY GLASS_EVERY SIP TASTES LIKE RETIRED 2025_Linh,auto,$10.00,$0.00,Dynamic bids and down,NOT_SET,--,,0.0046,45%,1585,9,0.0057,10.08,1.12,2,42.96,2,0.2222,0.2346,4.26,5.04,22.98,19.98,1,1,1,1
sponsoredProducts,SP_B0DH88L44J_Wine Glass_Retired 2025 Not My Problem Anymore_Auto_All_Up & Down,Out Of Budget,US,NewEleven,B0DH88L44J_WINE GLASS_RETIRED 2025 NOT MY PROBLEM ANYMORE_Linh,auto,$10.00,$0.00,Dynamic bids and down,NOT_SET,--,,0.0013,80%,2664,10,0.0038,10.03,1,7,208.8,10,0.7,0.048,20.82,1.43,139.86,68.94,6,1,7,3
sponsoredProducts,B0BYCT1SRJ_CF_cool aunt club_aunt gifts_broad,Delivering,US,NewEleven,B0BYCT1SRJ_COFFEE GLASS_COOL AUNT CLUB_NGAN,manual,$15.00,$0.00,Dynamic bids down only,NOT_SET,--,,0.0003,80%,1710,5,0.0029,10,2,0,0,0,0,--,0,0,0,0,0,--,0,--
sponsoredProducts,"SP_B0DH88L44J_Wine Glass_Retired 2025 Not My Problem Anymore_Manual_KW_retirement gifts_b,p_Up & Down",Out Of Budget,US,NewEleven,B0DH88L44J_WINE GLASS_RETIRED 2025 NOT MY PROBLEM ANYMORE_Linh,manual,$10.00,$0.00,Dynamic bids and down,NOT_SET,--,,0.0018,80%,1203,7,0.0058,9.9,1.41,1,19.98,1,0.1429,0.4955,2.02,9.9,19.98,0,1,--,1,--
sponsoredProducts,"B0F6M3X7LG_Bible jar_Read me when_birthday gifts for women_b,p 17h50",Out Of Budget,US,NewEleven,B0F6M3X7LG_BIBLE JAR_READ THIS WHEN_Linh,manual,$10.00,$0.00,Dynamic bids and down,NOT_SET,--,,0.0007,80%,430,9,0.0209,9.8,1.09,2,33.96,2,0.2222,0.2886,3.47,4.9,0,33.96,0,2,0,2
sponsoredProducts,B0DYDZFRZD_20oz_Big heart + teacher nutri_auto 12h15,Out Of Budget,US,NewEleven,B0DYDZFRZD_TUMBLER 20_BIG HEART LITTLE MINDS + TEACHER NUTRITION_NGAN,auto,$10.00,$0.00,Dynamic bids down only,NOT_SET,--,,0.0001,0%,1395,7,0.005,9.8,1.4,2,41.94,3,0.2857,0.2337,4.28,4.9,41.94,0,2,--,3,--
sponsoredProducts,B0DH7X6R1J_20oz_50 fabulous + making 1975_all key 11h29,Delivering,US,NewEleven,B0DH7X6R1J_TUMBLER 20_50 & FABULOUS + MAKING 1975_NGAN,manual,$15.00,$0.00,Dynamic bids down only,NOT_SET,--,,0,70%,1004,7,0.007,9.77,1.4,0,0,0,0,--,0,0,0,0,0,--,0,--
sponsoredProducts,"SP_B0DH88L44J_Wine Glass_Retired 2025 Not My Problem Anymore_Manual_KW_retirement gifts_b,p_Up & Down 16h",Delivering,US,NewEleven,B0DH88L44J_WINE GLASS_RETIRED 2025 NOT MY PROBLEM ANYMORE_Linh,manual,$10.00,$0.00,Dynamic bids and down,NOT_SET,--,,0.0047,80%,2243,7,0.0031,9.75,1.39,1,15.98,1,0.1429,0.6101,1.64,9.75,0,15.98,0,1,0,1
sponsoredProducts,SP_B0DH87FYNN_Tumbler 20_Vintage 1965 Weird Being Old People Navy_Manual_KW_60th birthday gifts for men_ex_Down,Delivering,US,NewEleven,B0DH87FYNN_TUMBLER 20_VINTAGE 1965 WEIRD BEING OLD PEOPLE NAVY_TRINH,manual,$14.00,$0.00,Dynamic bids down only,NOT_SET,--,,0.0052,90%,821,6,0.0073,9.64,1.61,0,0,0,0,--,0,0,0,0,0,--,0,--
sponsoredProducts,SP_B0DH7YGD9Q_Tumbler 20_Vintage 1975 + Weird Being Old People Navy_Auto_Substitutes_Up & Down,Out Of Budget,US,NewEleven,B0DH7YGD9Q_TUMBLER 20_VINTAGE 1975 + WEIRD BEING OLD PEOPLE NAVY_Linh,auto,$10.00,$0.00,Dynamic bids and down,NOT_SET,--,,0.0006,100%,2032,9,0.0044,9.58,1.06,0,0,0,0,--,0,0,0,0,0,--,0,--
sponsoredProducts,SP_B0CY4MC1GJ_Tumbler 20_Don'T Be A Dumb Bass Black_Auto_All_Up & Down,Out Of Budget,US,NewEleven,B0CY4MC1GJ_TUMBLER 20_DON'T BE A DUMB BASS BLACK_Linh,auto,$10.00,$0.00,Dynamic bids and down,NOT_SET,--,,0.0014,90%,2390,11,0.0046,9.02,0.82,3,53.94,3,0.2727,0.1672,5.98,3.01,53.94,0,3,--,3,--
sponsoredProducts,SP_B089QFYLFB_Tumbler 12_Fifty Fabulous Rose Gold_Manual_happy 50th birthday gifts for women_ex_Up & Down,Delivering,US,NewEleven,B089QFYLFB_TUMBLER 12_FIFTY FABULOUS ROSE GOLD_NGAN,manual,$10.00,$0.00,Dynamic bids and down,NOT_SET,--,,0,100%,683,3,0.0044,9,3,0,0,0,0,--,0,0,0,0,0,--,0,--
sponsoredProducts,"B0CG8N67SJ_20oz_Favorite child + dad nutri navy_gift for dad_b,p 12h",Out Of Budget,US,NewEleven,B0CG8N67SJ_TUMBLER 20_MY FAVORITE CHILD + DAD NUTRITION NAVY_Linh,manual,$10.00,$0.00,Dynamic bids and down,NOT_SET,--,,0.006,50%,1078,6,0.0056,9,1.5,1,19.98,1,0.1667,0.4505,2.22,9,0,19.98,0,1,0,1
sponsoredProducts,B0DH7X6R1J_20oz_50 fabulous + making 1975_50th birthday gifts for her_ex 10h41,Out Of Budget,US,NewEleven,B0DH7X6R1J_TUMBLER 20_50 & FABULOUS + MAKING 1975_NGAN,manual,$10.00,$0.00,Dynamic bids down only,NOT_SET,--,,0,90%,816,6,0.0074,9,1.5,1,23.98,1,0.1667,0.3753,2.66,9,23.98,0,1,--,1,--
sponsoredProducts,B0F18CMJ3L_Whiskey_Every Sip Tastes_asin_exp,Out Of Budget,US,NewEleven,B0F18CMJ3L_WHISKEY GLASS_EVERY SIP TASTES LIKE RETIRED 2025_Linh,manual,$15.00,$0.00,Dynamic bids and down,NOT_SET,--,,0,0%,1189,8,0.0067,8.77,1.1,1,22.98,1,0.125,0.3816,2.62,8.77,22.98,0,1,--,1,--
sponsoredProducts,"B08ZRWW1W4_12oz_Wise women rose_retirement gift for woman b,p",Out Of Budget,US,NewEleven,B08ZRWW1W4_TUMBLER 12_WISE WOMEN ROSE GOLD_Linh,manual,$10.00,$0.00,Dynamic bids and down,MINIMIZE_SPEND,--,,0.0023,60%,928,6,0.0065,8.7,1.45,2,39.96,2,0.3333,0.2177,4.59,4.35,19.98,19.98,1,1,1,1
sponsoredProducts,"B0C9BZRC4K_CF_Cool mom club_new mom_b,p 12h10",Delivering,US,NewEleven,B0C9BZRC4K_COFFEE GLASS_COOL MOM CLUB_NGUYEN,manual,$10.00,$0.00,Dynamic bids and down,MINIMIZE_SPEND,--,,0.0076,100%,357,5,0.014,8.5,1.7,0,0,0,0,--,0,0,0,0,0,--,0,--
sponsoredProducts,B0DHC932W2_Hat_Trucker hat 1985_auto 12h30,Delivering,US,NewEleven,B0DHC932W2_HAT_TRUCKER HAT 1985_THILE,auto,$10.00,$0.00,Dynamic bids and down,MINIMIZE_SPEND,--,,0.0002,100%,1380,11,0.008,7.76,0.71,0,0,0,0,--,0,0,0,0,0,--,0,--
sponsoredProducts,B08R8PXYL6_12oz_Sixty fabulous rose_asin ex,Delivering,US,NewEleven,B08R8PXYL6_TUMBLER 12_SIXTY FABULOUS ROSE GOLD_NGAN,manual,$25.00,$0.00,Dynamic bids down only,NOT_SET,--,,0,100%,302,4,0.0132,7.6,1.9,1,17.98,1,0.25,0.4227,2.37,7.6,17.98,0,1,--,1,--
sponsoredProducts,"SP_B0F18CMJ3L_Whiskey Glass_Every Sip Tastes Like Retired 2025_Manual_KW_military retirement_b,p_Up & Down",Delivering,US,NewEleven,B0F18CMJ3L_WHISKEY GLASS_EVERY SIP TASTES LIKE RETIRED 2025_Linh,manual,$10.00,$0.00,Dynamic bids and down,NOT_SET,--,,0.1735,100%,65,4,0.0615,7.5,1.88,0,0,0,0,--,0,0,0,0,0,--,0,--
sponsoredProducts,"B0DHC932W2_Hat_Trucker hat 1985_1985 b,p_15h25",Delivering,US,NewEleven,B0DHC932W2_HAT_TRUCKER HAT 1985_THILE,manual,$15.00,$0.00,Dynamic bids and down,MINIMIZE_SPEND,--,,0.05,100%,389,4,0.0103,7.31,1.83,0,0,0,0,--,0,0,0,0,0,--,0,--
sponsoredProducts,B0DM63J16N_20oz_60 fabulous + making 1965_auto 11h,Delivering,US,NewEleven,B0DM63J16N_TUMBLER 20_60 & FABULOUS + MAKING 1965_THILE,auto,$20.00,$0.00,Dynamic bids and down,NOT_SET,--,,0.0012,100%,2241,7,0.0031,7.26,1.04,1,21.98,1,0.1429,0.3303,3.03,7.26,21.98,0,1,--,1,--
sponsoredProducts,SP_B0DGGDX9P5_Coffee Glass_Vintage 1985 + Back In 1985_Manual_KW_funny 40th birthday gifts for women_ex_Up & Down,Out Of Budget,US,NewEleven,B0DGGDX9P5_COFFEE GLASS_VINTAGE 1985 + BACK IN 1985_NGAN,manual,$5.00,$0.00,Dynamic bids and down,NOT_SET,--,,0.0476,100%,29,2,0.069,7.19,3.6,0,0,0,0,--,0,0,0,0,0,--,0,--
sponsoredProducts,B0DGGDX9P5_CF_Vintage 1985 + back in 1985_40th birthday decorations for women_ex,Delivering,US,NewEleven,B0DGGDX9P5_COFFEE GLASS_VINTAGE 1985 + BACK IN 1985_NGAN,manual,$5.00,$0.00,Dynamic bids down only,NOT_SET,--,,0,70%,101,6,0.0594,7.1,1.18,0,0,0,0,--,0,0,0,0,0,--,0,--
sponsoredProducts,B0CYS94K31_12oz_In my forties era rose_40th birthday gifts women_ex,Delivering,US,NewEleven,B0CYS94K31_TUMBLER 12_IN MY FORTIES ERA ROSE GOLD_NGAN,manual,$15.00,$0.00,Dynamic bids down only,NOT_SET,--,,0,80%,504,4,0.0079,7,1.75,0,0,0,0,--,0,0,0,0,0,--,0,--
sponsoredProducts,"B0DYDZFRZD_20oz_Big heart + teacher nutri_teacher gifts_b,p 11h40",Out Of Budget,US,NewEleven,B0DYDZFRZD_TUMBLER 20_BIG HEART LITTLE MINDS + TEACHER NUTRITION_NGAN,manual,$5.00,$0.00,Dynamic bids down only,NOT_SET,--,,0,100%,401,5,0.0125,7,1.4,1,13.98,1,0.2,0.5007,2,7,13.98,0,1,--,1,--
sponsoredProducts,B0DM63J16N_20oz_60 fabulous + making 1965_60th birthday gifts for women TOS_17h45,Delivering,US,NewEleven,B0DM63J16N_TUMBLER 20_60 & FABULOUS + MAKING 1965_THILE,manual,$30.00,$0.00,Dynamic bids down only,MINIMIZE_SPEND,--,,0,100%,1332,5,0.0038,7,1.4,1,21.98,1,0.2,0.3185,3.14,7,21.98,0,1,--,1,--
sponsoredProducts,B0DHC2C1S4_Hat_Trucker hat 1975_all key phrase,Delivering,US,NewEleven,B0DHC2C1S4_HAT_TRUCKER HAT 1975_NGUYEN,manual,$20.00,$0.00,Dynamic bids down only,NOT_SET,--,,0.0014,100%,1497,4,0.0027,6.9,1.73,1,17.98,1,0.25,0.3838,2.61,6.9,17.98,0,1,--,1,--
sponsoredBrands,SB_Drive PV_Video_Custom_KW_B0DGGDN9WS_ex,Delivering,US,NewEleven,B0DGGDN9WS_COFFEE GLASS_VINTAGE 1995 + BACK IN 1995_THILE,manual,$10.00,$0.00,Automated bidding,,--,,0.0155,0%,495,7,0.0141,6.82,0.97,2,31.96,0,0.2857,0.2134,4.69,3.41,31.96,0,2,--,0,--
sponsoredProducts,SP_B0DH7YGD9Q_Tumbler 20_Vintage 1975 + Weird Being Old People Navy_Manual_KW_50th birthday decorations_ex_Up & Down,Delivering,US,NewEleven,B0DH7YGD9Q_TUMBLER 20_VINTAGE 1975 + WEIRD BEING OLD PEOPLE NAVY_Linh,manual,$10.00,$0.00,Dynamic bids and down,NOT_SET,--,,0.0008,100%,413,4,0.0097,6.64,1.66,0,0,0,0,--,0,0,0,0,0,--,0,--
sponsoredProducts,"SP_B0DVSKXLS5_Bible Jar_Mom_Manual_KW_moms birthday gift ideas_b,p_Up & Down",Delivering,US,NewEleven,B0DVSKXLS5_BIBLE JAR_MOM_Linh,manual,$10.00,$0.00,Dynamic bids and down,NOT_SET,--,,0.0674,100%,174,4,0.023,6.64,1.66,0,0,0,0,--,0,0,0,0,0,--,0,--
sponsoredProducts,"SP_B08ZYGT8SH_Apron_Whatever Happens_Manual_KW_kitchen apron_b,p_Up & Down",Out Of Budget,US,NewEleven,B08ZYGT8SH_APRON_WHATEVER HAPPENS_Linh,manual,$5.00,$0.00,Dynamic bids and down,NOT_SET,--,,0.0078,100%,446,7,0.0157,6.52,0.93,0,0,0,0,--,0,0,0,0,0,--,0,--
sponsoredProducts,B0DH88L44J_Wine glass_Not my problem 2025_auto 4,Delivering,US,NewEleven,B0DH88L44J_WINE GLASS_RETIRED 2025 NOT MY PROBLEM ANYMORE_Linh,auto,$10.00,$0.00,Dynamic bids and down,NOT_SET,--,,0.0016,100%,3080,7,0.0023,6.42,0.92,0,0,0,0,--,0,0,0,0,0,--,0,--
sponsoredProducts,B0F18PVLJ1_20oz_Every sip tastes_all key search term 17h,Delivering,US,NewEleven,B0F18PVLJ1_TUMBLER 20_EVERY SIP TASTES LIKE RETIRED 2025 BLACK_Linh,manual,$20.00,$0.00,Dynamic bids and down,NOT_SET,--,,0.0116,100%,310,4,0.0129,6.3,1.58,1,22.98,1,0.25,0.2742,3.65,6.3,22.98,0,1,--,1,--
sponsoredProducts,SP_B09XDFF8FF_Tumbler 20_You Are Dead To Us Black_Manual_KW_farewell gifts for coworkers_ex_Up & Down,Out Of Budget,US,NewEleven,B09XDFF8FF_TUMBLER 20_YOU ARE DEAD TO US BLACK_NGAN,manual,$5.00,$0.00,Dynamic bids down only,NOT_SET,--,,0,0%,308,5,0.0162,6.27,1.25,0,0,0,0,--,0,0,0,0,0,--,0,--
sponsoredProducts,"SP_B0CG8N67SJ_Tumbler 20_My Favorite Child + Dad Nutrition Navy_Manual_KW_birthday for dad_b,p_Up & Down",Delivering,US,NewEleven,B0CG8N67SJ_TUMBLER 20_MY FAVORITE CHILD + DAD NUTRITION NAVY_Linh,manual,$10.00,$0.00,Dynamic bids and down,NOT_SET,--,,0.1099,60%,298,4,0.0134,6.18,1.55,1,19.98,1,0.25,0.3093,3.23,6.18,19.98,0,1,--,1,--
sponsoredBrands,SB_Drive PV_Video_Custom_KW_B08R8PXYL6_ex,Delivering,US,NewEleven,B08R8PXYL6_TUMBLER 12_SIXTY FABULOUS ROSE GOLD_NGAN,manual,$15.00,$0.00,Automated bidding,,--,,0.0416,0%,643,4,0.0062,6.1,1.53,0,0,0,0,--,0,0,0,0,0,--,0,--
sponsoredProducts,"SP_B0F18CMJ3L_Whiskey Glass_Every Sip Tastes Like Retired 2025_Manual_KW_retirement gag gifts_b,p_Up & Down",Delivering,US,NewEleven,B0F18CMJ3L_WHISKEY GLASS_EVERY SIP TASTES LIKE RETIRED 2025_Linh,manual,$10.00,$0.00,Dynamic bids and down,NOT_SET,--,,0.0013,90%,1024,4,0.0039,6,1.5,0,0,0,0,--,0,0,0,0,0,--,0,--
sponsoredProducts,SP_B0DGGDX9P5_Coffee Glass_Vintage 1985 + Back In 1985_Auto_Up & Down,Out Of Budget,US,NewEleven,B0DGGDX9P5_COFFEE GLASS_VINTAGE 1985 + BACK IN 1985_NGAN,auto,$5.00,$0.00,Dynamic bids down only,NOT_SET,--,,0,60%,841,9,0.0107,5.94,0.66,1,16.98,1,0.1111,0.3498,2.86,5.94,16.98,0,1,--,1,--
sponsoredProducts,"B0DHCGTL3R_20oz_Vintage 1955 + weird navy_70 year old man b,p_12h",Delivering,US,NewEleven,B0DHCGTL3R_TUMBLER 20_VINTAGE 1955 + WEIRD BEING NAVY_THILE,manual,$20.00,$0.00,Dynamic bids and down,MINIMIZE_SPEND,--,,0.056,100%,508,3,0.0059,5.9,1.97,0,0,0,0,--,0,0,0,0,0,--,0,--
sponsoredProducts,B0DH86X93V_20oz_vintage 1985 weird navy_asin exp_Down Only,Delivering,US,NewEleven,B0DH86X93V_TUMBLER 20_VINTAGE 1985 WEIRD BEING OLD PEOPLE NAVY_TRINH,manual,$15.00,$0.00,Dynamic bids down only,NOT_SET,--,,0.0039,100%,545,4,0.0073,5.76,1.44,0,0,0,0,--,0,0,0,0,0,--,0,--
sponsoredProducts,B0DH7YGD9Q_20oz_Vintage 1975 + weird navy_50th birthday_ex 12h30 (TOS bid 900),Delivering,US,NewEleven,B0DH7YGD9Q_TUMBLER 20_VINTAGE 1975 + WEIRD BEING OLD PEOPLE NAVY_Linh,manual,$20.00,$0.00,Dynamic bids and down,MINIMIZE_SPEND,--,,0.0745,100%,570,3,0.0053,5.74,1.91,0,0,0,0,--,0,0,0,0,0,--,0,--
sponsoredProducts,"B08ZRWW1W4_12oz_Wise women rose_retirement_b,p",Out Of Budget,US,NewEleven,B08ZRWW1W4_TUMBLER 12_WISE WOMEN ROSE GOLD_Linh,manual,$10.00,$0.00,Dynamic bids and down,NOT_SET,--,,0.0036,80%,1138,4,0.0035,5.72,1.43,0,0,0,0,--,0,0,0,0,0,--,0,--
sponsoredProducts,B0FBRBL1CQ_Bible Jar_Aunt_all key 10h12,Out Of Budget,US,NewEleven,B0FBRBL1CQ_BIBLE JAR_AUNT_NGAN,manual,$5.00,$0.00,Dynamic bids down only,NOT_SET,--,,0,90%,71,4,0.0563,5.7,1.43,0,0,0,0,--,0,0,0,0,0,--,0,--
sponsoredProducts,B0FC69XTZ9_Card_Leaving Your Job_all key 11h35,Delivering,US,NewEleven,B0FC69XTZ9_CARD_CONGRATULATIONS ON LEAVING YOUR JOB_NGAN,manual,$5.00,$0.00,Dynamic bids down only,NOT_SET,--,,0.0021,90%,291,5,0.0172,5.6,1.12,3,29.96,3,0.6,0.1869,5.35,1.87,13.98,15.98,2,1,2,1
sponsoredProducts,SP_B0FC69XTZ9_Card_Leaving Your Job_Auto_Up & Down_10h56,Delivering,US,NewEleven,B0FC69XTZ9_CARD_CONGRATULATIONS ON LEAVING YOUR JOB_NGAN,auto,$5.00,$0.00,Dynamic bids and down,NOT_SET,--,,0.0026,90%,1295,11,0.0085,5.56,0.51,1,22.98,1,0.0909,0.2419,4.13,5.56,0,22.98,0,1,0,1
sponsoredProducts,SP_B0CYS94K31_Tumbler 12_In My Forties Era Rose Gold_Manual_PT_ex_Up & Down_12h39,Delivering,US,NewEleven,B0CYS94K31_TUMBLER 12_IN MY FORTIES ERA ROSE GOLD_NGAN,manual,$5.00,$0.00,Dynamic bids and down,NOT_SET,--,,0.0553,80%,176,3,0.017,5.5,1.83,2,35.96,2,0.6667,0.1529,6.54,2.75,35.96,0,2,--,2,--
sponsoredProducts,"B0CY4MC1GJ_20oz_Dumb bass black_fishing gifts b,p 2",Out Of Budget,US,NewEleven,B0CY4MC1GJ_TUMBLER 20_DON'T BE A DUMB BASS BLACK_Linh,manual,$5.00,$0.00,Dynamic bids and down,NOT_SET,--,,0.0151,40%,358,3,0.0084,5.3,1.77,1,17.98,1,0.3333,0.2948,3.39,5.3,0,17.98,0,1,0,1
sponsoredProducts,B0DH7YGD9Q_20oz_Vintage 1975 + weird navy_all key search term 14h20 (TOS bid 900%),Delivering,US,NewEleven,B0DH7YGD9Q_TUMBLER 20_VINTAGE 1975 + WEIRD BEING OLD PEOPLE NAVY_Linh,manual,$30.00,$0.00,Dynamic bids and down,MINIMIZE_SPEND,--,,0.0032,100%,749,3,0.004,5.15,1.72,1,19.98,1,0.3333,0.2578,3.88,5.15,19.98,0,1,--,1,--
sponsoredProducts,SP_B0FC5TBFWB_Card_Happy Burfday To Dog Dad_Auto_Up & Down,Out Of Budget,US,NewEleven,B0FC5TBFWB_CARD_HAPPY BURFDAY TO DOG DAD_NGAN,auto,$5.00,$0.00,Dynamic bids and down,NOT_SET,--,,0.0069,0%,163,6,0.0368,5.09,0.85,0,0,0,0,--,0,0,0,0,0,--,0,--
sponsoredProducts,"SP_B08ZYGT8SH_Apron_Whatever Happens_Manual_KW_aprons for men_b,p_Up & Down",Out Of Budget,US,NewEleven,B08ZYGT8SH_APRON_WHATEVER HAPPENS_Linh,manual,$5.00,$0.00,Dynamic bids and down,NOT_SET,--,,0.0085,60%,221,5,0.0226,5.07,1.01,0,0,0,0,--,0,0,0,0,0,--,0,--
sponsoredBrands,SB_B0DH7YGD9Q_Vintage 1975+Weird navy_Drive Page_Video,Delivering,US,NewEleven,B0DH7YGD9Q_TUMBLER 20_VINTAGE 1975 + WEIRD BEING OLD PEOPLE NAVY_Linh,manual,$10.00,$0.00,Automated bidding,,--,,0.0001,0%,2119,6,0.0028,5.07,0.85,0,0,0,0,--,0,0,0,0,0,--,0,--
sponsoredProducts,B0F18PVLJ1_20oz_Every sip tastes_retirement gift_ex 15h10,Delivering,US,NewEleven,B0F18PVLJ1_TUMBLER 20_EVERY SIP TASTES LIKE RETIRED 2025 BLACK_Linh,manual,$15.00,$0.00,Dynamic bids and down,NOT_SET,--,,0.0615,100%,199,3,0.0151,5,1.67,0,0,0,0,--,0,0,0,0,0,--,0,--
sponsoredBrands,SB_B0F18CMJ3L_Whiskey_Every Sip Tastes_Drive PV_Video_Detail page_KW_Video,Out Of Budget,US,NewEleven,B0F18CMJ3L_WHISKEY GLASS_EVERY SIP TASTES LIKE RETIRED 2025_Linh,manual,$5.00,$0.00,Automated bidding,,--,,0.0003,0%,193,6,0.0311,4.92,0.82,0,0,0,0,--,0,0,0,0,0,--,0,--
sponsoredProducts,"B0DGGDX9P5_CF_Vintage 1985 + back in 1985_40th birthday_b,p 15h09",Out Of Budget,US,NewEleven,B0DGGDX9P5_COFFEE GLASS_VINTAGE 1985 + BACK IN 1985_NGAN,manual,$5.00,$0.00,Dynamic bids down only,MINIMIZE_SPEND,--,,0.0193,0%,156,4,0.0256,4.9,1.23,0,0,0,0,--,0,0,0,0,0,--,0,--
sponsoredProducts,B08ZRWW1W4_12oz_Wise women rose_all key,Delivering,US,NewEleven,B08ZRWW1W4_TUMBLER 12_WISE WOMEN ROSE GOLD_Linh,manual,$10.00,$0.00,Dynamic bids and down,MINIMIZE_SPEND,--,,0.0008,50%,1234,4,0.0032,4.8,1.2,2,35.96,2,0.5,0.1335,7.49,2.4,19.98,15.98,1,1,1,1
sponsoredProducts,"B0CXXJ751C_CF_Work bestie nutrition_friend b,p",Out Of Budget,US,NewEleven,B0CXXJ751C_COFFEE GLASS_WORK BESTIE + WORK BESTIE NUTRITION WHITE_Linh,manual,$5.00,$0.00,Dynamic bids and down,NOT_SET,--,,0.0051,80%,885,6,0.0068,4.75,0.79,0,0,0,0,--,0,0,0,0,0,--,0,--
sponsoredProducts,"SP_B0F2TDMHFC_Card_Mamasaurus_Manual_KW_mom birthday card_b,p_Up & Down",Delivering,US,NewEleven,B0F2TDMHFC_CARD_MAMASAURUS_Linh,manual,$20.00,$0.00,Dynamic bids and down,NOT_SET,--,,0.033,100%,368,6,0.0163,4.71,0.79,2,19.98,2,0.3333,0.2357,4.24,2.36,19.98,0,2,--,2,--
sponsoredProducts,"B097H6PJCN_20oz_Unclesaurus black_uncle gifts_b,p 17h45",Delivering,US,NewEleven,B097H6PJCN_TUMBLER 20_UNCLESAURUS BLACK_NGUYEN,manual,$3.00,$0.00,Dynamic bids and down,NOT_SET,--,,0.0047,95%,132,4,0.0303,4.65,1.16,1,19.98,1,0.25,0.2327,4.3,4.65,19.98,0,1,--,1,--
sponsoredProducts,B0DVSKXLS5_Bible Jar_Mom_ mom birthday gifts_ex 14h20 ros900,Delivering,US,NewEleven,B0DVSKXLS5_BIBLE JAR_MOM_Linh,manual,$10.00,$0.00,Dynamic bids and down,NOT_SET,--,,0.0022,100%,139,4,0.0288,4.55,1.14,0,0,0,0,--,0,0,0,0,0,--,0,--
sponsoredProducts,B08ZRWW1W4_12oz_Wise women rose_retirement party decorations_ex,Delivering,US,NewEleven,B08ZRWW1W4_TUMBLER 12_WISE WOMEN ROSE GOLD_Linh,manual,$10.00,$0.00,Dynamic bids and down,NOT_SET,--,,0.0014,100%,180,3,0.0167,4.26,1.42,1,19.98,1,0.3333,0.2132,4.69,4.26,19.98,0,1,--,1,--
sponsoredProducts,B0DGGDN9WS_CF_vintage 1995 + back in 1995_asin exact_11h50,Delivering,US,NewEleven,B0DGGDN9WS_COFFEE GLASS_VINTAGE 1995 + BACK IN 1995_THILE,manual,$10.00,$0.00,Dynamic bids down only,MINIMIZE_SPEND,--,,0.0642,100%,136,5,0.0368,4.25,0.85,0,0,0,0,--,0,0,0,0,0,--,0,--
sponsoredProducts,SP_B0F18PVLJ1_Tumbler 20_Every Sip Tastes Like Retired 2025 + Card Black_Auto_All_Up & Down 11h,Delivering,US,NewEleven,B0F18PVLJ1_TUMBLER 20_EVERY SIP TASTES LIKE RETIRED 2025 BLACK_Linh,auto,$10.00,$0.00,Dynamic bids and down,NOT_SET,--,,0.0009,100%,888,3,0.0034,4.2,1.4,0,0,0,0,--,0,0,0,0,0,--,0,--
sponsoredProducts,SP_B0F13S4HSG_Bible Jar_Sister_Manual_KW_birthday gift for sister adult_ex_Up & Down,Delivering,US,NewEleven,B0F13S4HSG_BIBLE JAR_SISTER_Linh,manual,$10.00,$0.00,Dynamic bids and down,NOT_SET,--,,0.1975,100%,27,3,0.1111,4.06,1.35,1,18.98,1,0.3333,0.2139,4.67,4.06,18.98,0,1,--,1,--
sponsoredProducts,SP_B0CG8N67SJ_Tumbler 20_My Favorite Child + Dad Nutrition Navy_Manual_KW_dad gifts for birthday_ex_Up & Down,Delivering,US,NewEleven,B0CG8N67SJ_TUMBLER 20_MY FAVORITE CHILD + DAD NUTRITION NAVY_Linh,manual,$10.00,$0.00,Dynamic bids and down,NOT_SET,--,,0.1222,100%,141,2,0.0142,4,2,0,0,0,0,--,0,0,0,0,0,--,0,--
sponsoredProducts,B08R8PXYL6_12oz_Sixty fabulous rose_60th birthday decorations for woman_ex,Delivering,US,NewEleven,B08R8PXYL6_TUMBLER 12_SIXTY FABULOUS ROSE GOLD_NGAN,manual,$10.00,$0.00,Dynamic bids down only,NOT_SET,--,,0,100%,590,2,0.0034,4,2,1,17.98,1,0.5,0.2225,4.5,4,17.98,0,1,--,1,--
sponsoredProducts,"B0CJLF7CW6_20oz_Awesome like daughter navy_gift for dad_b,p 14h40",Delivering,US,NewEleven,B0CJLF7CW6_TUMBLER 20_AWESOME LIKE MY DAUGHTER NAVY_NGUYEN,manual,$10.00,$0.00,Dynamic bids and down,MINIMIZE_SPEND,--,,0.0015,100%,425,3,0.0071,4,1.33,1,17.98,1,0.3333,0.2225,4.5,4,17.98,0,1,--,1,--
sponsoredProducts,B0DYDZFRZD_20oz_Big heart + teacher nutri_auto 11h40,Delivering,US,NewEleven,B0DYDZFRZD_TUMBLER 20_BIG HEART LITTLE MINDS + TEACHER NUTRITION_NGAN,auto,$5.00,$0.00,Dynamic bids down only,NOT_SET,--,,0.0001,70%,660,4,0.0061,4,1,0,0,0,0,--,0,0,0,0,0,--,0,--
sponsoredProducts,"B0F18PVLJ1_20oz_Every sip tastes_retirement decorations_b,p 15h10",Delivering,US,NewEleven,B0F18PVLJ1_TUMBLER 20_EVERY SIP TASTES LIKE RETIRED 2025 BLACK_Linh,manual,$20.00,$0.00,Dynamic bids and down,NOT_SET,--,,0.0205,100%,149,2,0.0134,3.99,2,0,0,0,0,--,0,0,0,0,0,--,0,--
sponsoredProducts,B0FC5SSDXK_Card_Hear's another year_anniversary card for husband_ex,Out Of Budget,US,NewEleven,B0FC5SSDXK_CARD_HERE'S TO ANOTHER YEAR Linh,manual,$5.00,$0.00,Dynamic bids and down,NOT_SET,--,,0.0045,30%,102,5,0.049,3.85,0.77,0,0,0,0,--,0,0,0,0,0,--,0,--
sponsoredProducts,SP_B0DH86X93V_Tumbler 20_Vintage 1985 Weird Being Old People Navy_Manual_KW_40th birthday gifts women_ex_Down,Delivering,US,NewEleven,B0DH86X93V_TUMBLER 20_VINTAGE 1985 WEIRD BEING OLD PEOPLE NAVY_TRINH,manual,$5.00,$0.00,Dynamic bids down only,NOT_SET,--,,0,90%,120,2,0.0167,3.8,1.9,1,19.98,1,0.5,0.1902,5.26,3.8,19.98,0,1,--,1,--
sponsoredProducts,"B0F18PVLJ1_20oz_Every sip tastes_retirement gift for men_b,p 10h20",Delivering,US,NewEleven,B0F18PVLJ1_TUMBLER 20_EVERY SIP TASTES LIKE RETIRED 2025 BLACK_Linh,manual,$10.00,$0.00,Dynamic bids and down,MINIMIZE_SPEND,--,,0.016,100%,235,2,0.0085,3.67,1.84,1,22.98,1,0.5,0.1597,6.26,3.67,22.98,0,1,--,1,--
sponsoredProducts,"B0DPM5JXP7_Orna_New home 2025 glass_new home ornament 2025_b,p 10h10",Delivering,US,NewEleven,B0DPM5JXP7_ORNAMENT_NEW HOME NEW BEGINNINGS NEW MEMORIES 2025 GLASS_TRINH,manual,$10.00,$0.00,Dynamic bids down only,NOT_SET,--,,0.0202,100%,932,4,0.0043,3.6,0.9,2,19.98,2,0.5,0.1802,5.55,1.8,19.98,0,2,--,2,--
sponsoredProducts,"SP_B0F18PVLJ1_Tumbler 20_Every Sip Tastes Like Retired 2025 + Card Black_Manual_PT_exp, ex_Up & Down",Delivering,US,NewEleven,B0F18PVLJ1_TUMBLER 20_EVERY SIP TASTES LIKE RETIRED 2025 BLACK_Linh,manual,$10.00,$0.00,Dynamic bids and down,NOT_SET,--,,0.0066,100%,1030,3,0.0029,3.58,1.19,2,45.96,2,0.6667,0.0779,12.84,1.79,45.96,0,2,--,2,--
sponsoredProducts,SP_B0FC5TBFWB_Card_Happy Burfday To Dog Dad_Manual_KW_birthday card from dogs to dad_ex_Up & Down,Delivering,US,NewEleven,B0FC5TBFWB_CARD_HAPPY BURFDAY TO DOG DAD_NGAN,manual,$5.00,$0.00,Dynamic bids down only,NOT_SET,--,,0.4615,100%,17,4,0.2353,3.49,0.87,2,11.98,2,0.5,0.2913,3.43,1.75,11.98,0,2,--,2,--
sponsoredProducts,SP_B0DH86X93V_Tumbler 20_Vintage 1985 Weird Being Old People Navy_Manual_KW_mens 40th birthday gifts_b_Down,Delivering,US,NewEleven,B0DH86X93V_TUMBLER 20_VINTAGE 1985 WEIRD BEING OLD PEOPLE NAVY_TRINH,manual,$8.00,$0.00,Dynamic bids down only,NOT_SET,--,,0.0014,100%,301,2,0.0066,3.4,1.7,1,21.98,1,0.5,0.1547,6.46,3.4,0,21.98,0,1,0,1
sponsoredProducts,B0DH86X93V_20oz_vintage 1985 weird navy_40th birthday men b,Delivering,US,NewEleven,B0DH86X93V_TUMBLER 20_VINTAGE 1985 WEIRD BEING OLD PEOPLE NAVY_TRINH,manual,$10.00,$0.00,Dynamic bids down only,NOT_SET,--,,0.008,100%,299,2,0.0067,3.4,1.7,0,0,0,0,--,0,0,0,0,0,--,0,--
sponsoredProducts,SP_B0FC69XTZ9_Card_Leaving Your Job_Manual_KW_funny retirement gifts for women_ex_Up & Down,Delivering,US,NewEleven,B0FC69XTZ9_CARD_CONGRATULATIONS ON LEAVING YOUR JOB_NGAN,manual,$5.00,$0.00,Dynamic bids and down,NOT_SET,--,,0.0753,100%,216,4,0.0185,3.24,0.81,0,0,0,0,--,0,0,0,0,0,--,0,--
sponsoredProducts,B0BYCT1SRJ_CF_cool aunt club_auto 16h21,Delivering,US,NewEleven,B0BYCT1SRJ_COFFEE GLASS_COOL AUNT CLUB_NGAN,auto,$10.00,$0.00,Dynamic bids down only,NOT_SET,--,,0,100%,673,4,0.0059,3.2,0.8,0,0,0,0,--,0,0,0,0,0,--,0,--
sponsoredProducts,"B0DH87FYNN_20oz_Vintage 1965 weird navy_60th birthday decorations for men b,p",Delivering,US,NewEleven,B0DH87FYNN_TUMBLER 20_VINTAGE 1965 WEIRD BEING OLD PEOPLE NAVY_TRINH,manual,$12.00,$0.00,Dynamic bids down only,NOT_SET,--,,0,100%,399,2,0.005,3.2,1.6,0,0,0,0,--,0,0,0,0,0,--,0,--
sponsoredProducts,B0DGGDX9P5_CF_Vintage 1985 + back in 1985_40th birthday gifts women_ex 9h55,Delivering,US,NewEleven,B0DGGDX9P5_COFFEE GLASS_VINTAGE 1985 + BACK IN 1985_NGAN,manual,$15.00,$0.00,Dynamic bids down only,NOT_SET,--,,0,100%,192,3,0.0156,3,1,0,0,0,0,--,0,0,0,0,0,--,0,--
sponsoredProducts,"B0F3C9BMFZ_Candles_Smell like_retirement gift for woman b,p_12h50",Delivering,US,NewEleven,B0F3C9BMFZ_CANDLE_SMELLS LIKE IT'S NOT MY PROBLEM ANYMORE_Linh,manual,$5.00,$0.00,Dynamic bids down only,MINIMIZE_SPEND,--,,0,100%,81,2,0.0247,3,1.5,0,0,0,0,--,0,0,0,0,0,--,0,--
sponsoredProducts,"B0CKYJ8WLN_20oz_Favorite grandpa child_grandpa birthday_b,p 11h30",Delivering,US,NewEleven,B0CKYJ8WLN_TUMBLER 20_MY FAVORITE GRANDCHILD + GRANDPA NUTRITION NAVY_NGUYEN,manual,$10.00,$0.00,Dynamic bids and down,MINIMIZE_SPEND,--,,0.0572,100%,166,2,0.012,2.94,1.47,0,0,0,0,--,0,0,0,0,0,--,0,--
sponsoredProducts,SP_B0DYDZFRZD_Tumbler 20_Big Heart Little Minds + Teacher Nutrition + Card_Manual_KW_all key_b_Up & Down,Delivering,US,NewEleven,B0DYDZFRZD_TUMBLER 20_BIG HEART LITTLE MINDS + TEACHER NUTRITION_NGAN,manual,$5.00,$0.00,Dynamic bids down only,NOT_SET,--,,0.0011,100%,281,4,0.0142,2.93,0.73,0,0,0,0,--,0,0,0,0,0,--,0,--
sponsoredProducts,B0DM61B4F2_20oz_40 fabulous + making 1985_all key search term 16h30,Delivering,US,NewEleven,B0DM61B4F2_TUMBLER 20_40 & FABULOUS + MAKING 1985_Linh,manual,$5.00,$0.00,Dynamic bids and down,NOT_SET,--,,0.0004,100%,152,3,0.0197,2.91,0.97,1,21.98,1,0.3333,0.1324,7.55,2.91,21.98,0,1,--,1,--
sponsoredProducts,SP_B08R8R2LQF_Tumbler 20_May The Forties Be With You Black_Manual_PT_ex_Down_T-Shirt,Delivering,US,NewEleven,B08R8R2LQF_TUMBLER 20_MAY THE FORTIES BE WITH YOU BLACK_TRINH,manual,$10.00,$0.00,Dynamic bids down only,MINIMIZE_SPEND,--,,0.004,80%,1090,2,0.0018,2.8,1.4,1,22.98,1,0.5,0.1218,8.21,2.8,22.98,0,1,--,1,--
sponsoredProducts,"SP_B0DPM5JXP7_Ornament_New Home New Beginnings New Memories 2025 Glass_Manual_KW_new home christmas ornament 2025_b,p_Up & Down",Delivering,US,NewEleven,B0DPM5JXP7_ORNAMENT_NEW HOME NEW BEGINNINGS NEW MEMORIES 2025 GLASS_TRINH,manual,$5.00,$0.00,Dynamic bids down only,NOT_SET,--,,0.0758,100%,212,2,0.0094,2.76,1.38,0,0,0,0,--,0,0,0,0,0,--,0,--
sponsoredProducts,B0FBRBL1CQ_Bible Jar_Aunt_aunt birthday gifts from niece_broad,Delivering,US,NewEleven,B0FBRBL1CQ_BIBLE JAR_AUNT_NGAN,manual,$5.00,$0.00,Dynamic bids and down,NOT_SET,--,,0.037,100%,88,2,0.0227,2.75,1.38,0,0,0,0,--,0,0,0,0,0,--,0,--
sponsoredProducts,"SP_B0CY4MC1GJ_Tumbler 20_Don'T Be A Dumb Bass Black_Manual_KW_gifts for fisherman_b,p_Up & Down",Delivering,US,NewEleven,B0CY4MC1GJ_TUMBLER 20_DON'T BE A DUMB BASS BLACK_Linh,manual,$5.00,$0.00,Dynamic bids and down,NOT_SET,--,,0.0139,90%,124,2,0.0161,2.59,1.3,1,17.98,1,0.5,0.144,6.94,2.59,0,17.98,0,1,0,1
sponsoredProducts,B0F18CMJ3L_Whiskey_Every Sip Tastes_all key search term,Delivering,US,NewEleven,B0F18CMJ3L_WHISKEY GLASS_EVERY SIP TASTES LIKE RETIRED 2025_Linh,manual,$15.00,$0.00,Dynamic bids and down,NOT_SET,--,,0.0002,100%,380,2,0.0053,2.56,1.28,1,22.98,1,0.5,0.1114,8.98,2.56,22.98,0,1,--,1,--
sponsoredProducts,"B0DGGDN9WS_CF_vintage 1995 + back in 1995_30th birthday gifts for women b,p_14h35",Delivering,US,NewEleven,B0DGGDN9WS_COFFEE GLASS_VINTAGE 1995 + BACK IN 1995_THILE,manual,$15.00,$0.00,Dynamic bids down only,MINIMIZE_SPEND,--,,0,100%,442,3,0.0068,2.55,0.85,0,0,0,0,--,0,0,0,0,0,--,0,--
sponsoredProducts,SP_B0CJ2CKDR8_Coffee Glass_Godmother_Manual_KW_all key_b_Up & Down_14h33,Delivering,US,NewEleven,B0CJ2CKDR8_COFFEE GLASS_GODMOTHER_NGAN,manual,$5.00,$0.00,Dynamic bids and down,NOT_SET,--,,0.092,90%,163,2,0.0123,2.53,1.27,1,16.98,1,0.5,0.149,6.71,2.53,16.98,0,1,--,1,--
sponsoredProducts,B0DH7YGD9Q_20oz_Vintage 1975 + weird navy_50 year old gifts for men_p 15h10 (TOS bid 900%),Delivering,US,NewEleven,B0DH7YGD9Q_TUMBLER 20_VINTAGE 1975 + WEIRD BEING OLD PEOPLE NAVY_Linh,manual,$10.00,$0.00,Dynamic bids and down,MINIMIZE_SPEND,--,,0.1429,100%,113,1,0.0088,2.46,2.46,0,0,0,0,--,0,0,0,0,0,--,0,--
sponsoredProducts,SP_B089QFYLFB_Tumbler 12_Fifty Fabulous Rose Gold_Auto_All_Up & Down,Delivering,US,NewEleven,B089QFYLFB_TUMBLER 12_FIFTY FABULOUS ROSE GOLD_NGAN,auto,$5.00,$0.00,Dynamic bids down only,NOT_SET,--,,0,100%,1368,5,0.0037,2.4,0.48,1,17.98,1,0.2,0.1335,7.49,2.4,0,17.98,0,1,0,1
sponsoredProducts,B0DH7YGD9Q_20oz_Vintage 1975 + weird navy_all key search term,Delivering,US,NewEleven,B0DH7YGD9Q_TUMBLER 20_VINTAGE 1975 + WEIRD BEING OLD PEOPLE NAVY_Linh,manual,$30.00,$0.00,Dynamic bids and down,NOT_SET,--,,0.0063,100%,565,2,0.0035,2.4,1.2,0,0,0,0,--,0,0,0,0,0,--,0,--
sponsoredProducts,"B0DYDZFRZD_20oz_Big heart + teacher nutri_teacher_b,p 11h40",Delivering,US,NewEleven,B0DYDZFRZD_TUMBLER 20_BIG HEART LITTLE MINDS + TEACHER NUTRITION_NGAN,manual,$5.00,$0.00,Dynamic bids down only,NOT_SET,--,,0,80%,486,3,0.0062,2.4,0.8,0,0,0,0,--,0,0,0,0,0,--,0,--
sponsoredProducts,B0F18PVLJ1_20oz_Every sip tastes_funny retirement gifts for men_ex 15h10,Delivering,US,NewEleven,B0F18PVLJ1_TUMBLER 20_EVERY SIP TASTES LIKE RETIRED 2025 BLACK_Linh,manual,$10.00,$0.00,Dynamic bids and down,NOT_SET,--,,0.1359,100%,307,1,0.0033,2.3,2.3,0,0,0,0,--,0,0,0,0,0,--,0,--
sponsoredProducts,"SP_B0CRVTN11L_Coffee Glass_In My Boy Mom Era_Manual_KW_pregnant mom_b,p_Up & Down",Delivering,US,NewEleven,B0CRVTN11L_COFFEE GLASS_IN MY BOY MOM ERA_Linh,manual,$10.00,$0.00,Dynamic bids and down,NOT_SET,--,,0.0175,100%,165,2,0.0121,2.24,1.12,0,0,0,0,--,0,0,0,0,0,--,0,--
sponsoredProducts,"SP_B0CY4MC1GJ_Tumbler 20_Don'T Be A Dumb Bass Black_Manual_KW_fishing birthday_b,p_Up & Down",Delivering,US,NewEleven,B0CY4MC1GJ_TUMBLER 20_DON'T BE A DUMB BASS BLACK_Linh,manual,$5.00,$0.00,Dynamic bids and down,NOT_SET,--,,0.0311,100%,34,2,0.0588,2.22,1.11,0,0,0,0,--,0,0,0,0,0,--,0,--
sponsoredProducts,"SP_B0CY4MC1GJ_Tumbler 20_Don'T Be A Dumb Bass Black_Manual_KW_funny fishing_b,p_Up & Down",Delivering,US,NewEleven,B0CY4MC1GJ_TUMBLER 20_DON'T BE A DUMB BASS BLACK_Linh,manual,$5.00,$0.00,Dynamic bids and down,NOT_SET,--,,0.028,100%,80,2,0.025,2.22,1.11,0,0,0,0,--,0,0,0,0,0,--,0,--
sponsoredProducts,B0DGGDN9WS_CF_vintage 1995 + back in 1995_auto 9h50,Delivering,US,NewEleven,B0DGGDN9WS_COFFEE GLASS_VINTAGE 1995 + BACK IN 1995_THILE,auto,$15.00,$0.00,Dynamic bids and down,MINIMIZE_SPEND,--,,0.0012,100%,518,4,0.0077,2.08,0.52,0,0,0,0,--,0,0,0,0,0,--,0,--
sponsoredProducts,SP_B0BYCT1SRJ_Coffee Glass_Cool Aunt Club_Manual_KW_aunt announcement gifts_ex_Up & Down,Delivering,US,NewEleven,B0BYCT1SRJ_COFFEE GLASS_COOL AUNT CLUB_NGAN,manual,$5.00,$0.00,Dynamic bids and down,NOT_SET,--,,0.3415,100%,37,1,0.027,2,2,2,25.96,2,2,0.077,12.98,1,0,25.96,0,2,0,2
sponsoredProducts,B089QFYLFB_12oz_Fifty fabulous rose_50th birthday decorations for women_ex,Delivering,US,NewEleven,B089QFYLFB_TUMBLER 12_FIFTY FABULOUS ROSE GOLD_NGAN,manual,$5.00,$0.00,Dynamic bids down only,NOT_SET,--,,0,90%,416,1,0.0024,2,2,0,0,0,0,--,0,0,0,0,0,--,0,--
sponsoredProducts,"SP_B0F2T4JDF7_Card_You'Re An Awesome Mom_Manual_KW_wife card_b,p_Down",Delivering,US,NewEleven,B0F2T4JDF7_CARD_YOU'RE AN AWESOME MOM_TRINH,manual,$7.00,$0.00,Dynamic bids down only,NOT_SET,--,,0.001,100%,208,2,0.0096,1.92,0.96,0,0,0,0,--,0,0,0,0,0,--,0,--
sponsoredProducts,SP_B0BYCT1SRJ_Coffee Glass_Cool Aunt Club_Manual_KW_auntie gift ideas_ex_Up & Down,Delivering,US,NewEleven,B0BYCT1SRJ_COFFEE GLASS_COOL AUNT CLUB_NGAN,manual,$5.00,$0.00,Dynamic bids down only,NOT_SET,--,,0.0612,100%,811,1,0.0012,1.8,1.8,0,0,0,0,--,0,0,0,0,0,--,0,--
sponsoredProducts,"B0F18PVLJ1_20oz_Every sip tastes_retirement party decorations_b,p 10h50",Delivering,US,NewEleven,B0F18PVLJ1_TUMBLER 20_EVERY SIP TASTES LIKE RETIRED 2025 BLACK_Linh,manual,$20.00,$0.00,Dynamic bids and down,NOT_SET,--,,0,100%,136,1,0.0074,1.71,1.71,2,41.96,2,2,0.0408,24.54,0.86,22.98,18.98,1,1,1,1
sponsoredProducts,"SP_B0DH7YGD9Q_Tumbler 20_Vintage 1975 + Weird Being Old People Navy_Manual_KW_50th birthday decorations for women_b,p_Up & Down",Delivering,US,NewEleven,B0DH7YGD9Q_TUMBLER 20_VINTAGE 1975 + WEIRD BEING OLD PEOPLE NAVY_Linh,manual,$10.00,$0.00,Dynamic bids and down,NOT_SET,--,,0,100%,118,1,0.0085,1.68,1.68,0,0,0,0,--,0,0,0,0,0,--,0,--
sponsoredProducts,SP_B0DH7YGD9Q_Tumbler 20_Vintage 1975 + Weird Being Old People Navy_Manual_KW_50th birthday gifts for him_p_Up & Down,Delivering,US,NewEleven,B0DH7YGD9Q_TUMBLER 20_VINTAGE 1975 + WEIRD BEING OLD PEOPLE NAVY_Linh,manual,$15.00,$0.00,Dynamic bids and down,NOT_SET,--,,0,100%,275,1,0.0036,1.68,1.68,0,0,0,0,--,0,0,0,0,0,--,0,--
sponsoredDisplay,SD_B0DHC932W2_Hat_Trucker Hat 1985_Page Visits_PDP_Remarketing_Contextual,Paused,US,NewEleven,B0DHC932W2_HAT_TRUCKER HAT 1985_THILE,manual,$10.00,$0.00,,,--,,--,0%,82,2,0.0244,1.66,0.83,0,0,0,0,--,0,0,0,0,0,--,0,--
sponsoredProducts,SP_B092HNBJT6_Tumbler 20_Coworker Black_Manual_KW_we will miss you gifts_ex_Down,Delivering,US,NewEleven,B092HNBJT6_TUMBLER 20_COWORKER BLACK_TRINH,manual,$5.00,$0.00,Dynamic bids down only,NOT_SET,--,,0.0417,100%,60,1,0.0167,1.5,1.5,0,0,0,0,--,0,0,0,0,0,--,0,--
sponsoredProducts,B0BYCT1SRJ_CF_cool aunt club_gifts for aunt_ex,Delivering,US,NewEleven,B0BYCT1SRJ_COFFEE GLASS_COOL AUNT CLUB_NGAN,manual,$5.00,$0.00,Dynamic bids down only,NOT_SET,--,,0.0137,100%,254,1,0.0039,1.5,1.5,0,0,0,0,--,0,0,0,0,0,--,0,--
sponsoredProducts,B08R8PXYL6_12oz_Sixty fabulous rose_60th birthday decorations for women_ex,Delivering,US,NewEleven,B08R8PXYL6_TUMBLER 12_SIXTY FABULOUS ROSE GOLD_NGAN,manual,$5.00,$0.00,Dynamic bids and down,NOT_SET,--,,0.0019,100%,387,1,0.0026,1.5,1.5,1,17.98,1,1,0.0834,11.99,1.5,17.98,0,1,--,1,--
sponsoredProducts,"B0CXXJ751C_CF_Work bestie nutrition_work besties gifts for women_b,p 12h",Delivering,US,NewEleven,B0CXXJ751C_COFFEE GLASS_WORK BESTIE + WORK BESTIE NUTRITION WHITE_Linh,manual,$5.00,$0.00,Dynamic bids and down,NOT_SET,--,,0.0263,100%,29,2,0.069,1.5,0.75,0,0,0,0,--,0,0,0,0,0,--,0,--
sponsoredProducts,"SP_B0F18CMJ3L_Whiskey Glass_Every Sip Tastes Like Retired 2025_Manual_KW_army retirement_b,p_Up & Down",Delivering,US,NewEleven,B0F18CMJ3L_WHISKEY GLASS_EVERY SIP TASTES LIKE RETIRED 2025_Linh,manual,$10.00,$0.00,Dynamic bids and down,NOT_SET,--,,0.0769,100%,31,1,0.0323,1.44,1.44,1,22.98,1,1,0.0627,15.96,1.44,22.98,0,1,--,1,--
sponsoredProducts,SP_B0FC5TBFWB_Card_Happy Burfday To Dog Dad_Manual_KW_birthday card for dad from dog_ex_Up & Down,Delivering,US,NewEleven,B0FC5TBFWB_CARD_HAPPY BURFDAY TO DOG DAD_NGAN,manual,$5.00,$0.00,Dynamic bids and down,NOT_SET,--,,0.25,100%,8,1,0.125,1.43,1.43,0,0,0,0,--,0,0,0,0,0,--,0,--
sponsoredProducts,SP_B0DM63J16N_Tumbler 20_60 & Fabulous + Making The World 1965 White White_Manual_PT_ex_Down,Delivering,US,NewEleven,B0DM63J16N_TUMBLER 20_60 & FABULOUS + MAKING 1965_THILE,manual,$10.00,$0.00,Dynamic bids down only,MINIMIZE_SPEND,--,,0.1,100%,78,1,0.0128,1.4,1.4,0,0,0,0,--,0,0,0,0,0,--,0,--
sponsoredProducts,SP_B08R8R2LQF_Tumbler 20_May The Forties Be With You Black_Manual_PT_ex_Down_Other,Delivering,US,NewEleven,B08R8R2LQF_TUMBLER 20_MAY THE FORTIES BE WITH YOU BLACK_TRINH,manual,$5.00,$0.00,Dynamic bids down only,MINIMIZE_SPEND,--,,0.0121,100%,282,1,0.0035,1.4,1.4,0,0,0,0,--,0,0,0,0,0,--,0,--
sponsoredProducts,SP_B08R8R2LQF_Tumbler 20_May The Forties Be With You Black_Manual_PT_ex_Down_Tumbler+Mug+Glass,Delivering,US,NewEleven,B08R8R2LQF_TUMBLER 20_MAY THE FORTIES BE WITH YOU BLACK_TRINH,manual,$10.00,$0.00,Dynamic bids down only,MINIMIZE_SPEND,--,,0.001,100%,482,1,0.0021,1.4,1.4,0,0,0,0,--,0,0,0,0,0,--,0,--
sponsoredProducts,B0DGGDX9P5_CF_Vintage 1985 + back in 1985_1985 birthday gifts for women_ex 9h57,Delivering,US,NewEleven,B0DGGDX9P5_COFFEE GLASS_VINTAGE 1985 + BACK IN 1985_NGAN,manual,$10.00,$0.00,Dynamic bids down only,NOT_SET,--,,0.1171,100%,15,1,0.0667,1.4,1.4,0,0,0,0,--,0,0,0,0,0,--,0,--
sponsoredProducts,"SP_B0DH88L44J_Wine Glass_Retired 2025 Not My Problem Anymore_Manual_KW_retirement decorations for women_b,p_Up & Down",Delivering,US,NewEleven,B0DH88L44J_WINE GLASS_RETIRED 2025 NOT MY PROBLEM ANYMORE_Linh,manual,$10.00,$0.00,Dynamic bids and down,NOT_SET,--,,0.0004,100%,86,1,0.0116,1.35,1.35,0,0,0,0,--,0,0,0,0,0,--,0,--
sponsoredProducts,SP_B0F18CMJ3L_Whiskey Glass_Every Sip Tastes Like Retired 2025_Manual_KW_farewell gifts for coworkers_p_Up & Down,Delivering,US,NewEleven,B0F18CMJ3L_WHISKEY GLASS_EVERY SIP TASTES LIKE RETIRED 2025_Linh,manual,$10.00,$0.00,Dynamic bids and down,NOT_SET,--,,0.0047,100%,127,1,0.0079,1.35,1.35,0,0,0,0,--,0,0,0,0,0,--,0,--
sponsoredProducts,"SP_B0DH88L44J_Wine Glass_Retired 2025 Not My Problem Anymore_Manual_KW_retirement gift_b,p_Up & Down 16h",Delivering,US,NewEleven,B0DH88L44J_WINE GLASS_RETIRED 2025 NOT MY PROBLEM ANYMORE_Linh,manual,$10.00,$0.00,Dynamic bids and down,NOT_SET,--,,0.0006,100%,321,1,0.0031,1.26,1.26,0,0,0,0,--,0,0,0,0,0,--,0,--
sponsoredProducts,SP_B0DGGDX9P5_Coffee Glass_Vintage 1985 + Back In 1985_Manual_KW_gifts for 40th birthday woman_ex_Up & Down,Delivering,US,NewEleven,B0DGGDX9P5_COFFEE GLASS_VINTAGE 1985 + BACK IN 1985_NGAN,manual,$5.00,$0.00,Dynamic bids and down,NOT_SET,--,,0.2821,100%,240,1,0.0042,1.2,1.2,1,16.98,1,1,0.0707,14.15,1.2,16.98,0,1,--,1,--
sponsoredProducts,SP_B0F2T4JDF7_Card_You'Re An Awesome Mom_Manual_KW_funny birthday card for wife_ex_Down,Delivering,US,NewEleven,B0F2T4JDF7_CARD_YOU'RE AN AWESOME MOM_TRINH,manual,$5.00,$0.00,Dynamic bids down only,NOT_SET,--,,0.0085,100%,107,1,0.0093,1.2,1.2,0,0,0,0,--,0,0,0,0,0,--,0,--
sponsoredProducts,B089QFYLFB_12oz_Fifty fabulous rose_50th birthday gifts for women_br,Delivering,US,NewEleven,B089QFYLFB_TUMBLER 12_FIFTY FABULOUS ROSE GOLD_NGAN,manual,$5.00,$0.00,Dynamic bids down only,NOT_SET,--,,0,100%,225,1,0.0044,1.2,1.2,0,0,0,0,--,0,0,0,0,0,--,0,--
sponsoredProducts,B0DGGDX9P5_CF_Vintage 1985 + back in 1985_40 year old birthday gifts for women_ex,Delivering,US,NewEleven,B0DGGDX9P5_COFFEE GLASS_VINTAGE 1985 + BACK IN 1985_NGAN,manual,$5.00,$0.00,Dynamic bids down only,NOT_SET,--,,0,100%,55,1,0.0182,1.2,1.2,1,16.98,1,1,0.0707,14.15,1.2,16.98,0,1,--,1,--
sponsoredProducts,"B0F18PVLJ1_20oz_Every sip tastes_retirement gift for men_b,p 12h35",Delivering,US,NewEleven,B0F18PVLJ1_TUMBLER 20_EVERY SIP TASTES LIKE RETIRED 2025 BLACK_Linh,manual,$15.00,$0.00,Dynamic bids and down,NOT_SET,--,,0.0004,100%,148,1,0.0068,1.2,1.2,0,0,0,0,--,0,0,0,0,0,--,0,--
sponsoredProducts,"B0F6M3X7LG_Bible jar_Read me when_birthday presents for women_b,p 14h10",Delivering,US,NewEleven,B0F6M3X7LG_BIBLE JAR_READ THIS WHEN_Linh,manual,$10.00,$0.00,Dynamic bids and down,NOT_SET,--,,0.0579,100%,105,1,0.0095,1.2,1.2,0,0,0,0,--,0,0,0,0,0,--,0,--
sponsoredProducts,SP_B0F18CMJ3L_Whiskey Glass_Every Sip Tastes Like Retired 2025_Auto_Close_Up & Down,Delivering,US,NewEleven,B0F18CMJ3L_WHISKEY GLASS_EVERY SIP TASTES LIKE RETIRED 2025_Linh,auto,$10.00,$0.00,Dynamic bids and down,NOT_SET,--,,0.0006,100%,65,1,0.0154,1.12,1.12,0,0,0,0,--,0,0,0,0,0,--,0,--
sponsoredProducts,"SP_B0CRVTN11L_Coffee Glass_In My Boy Mom Era_Manual_KW_self care for new moms_b,p_Up & Down",Delivering,US,NewEleven,B0CRVTN11L_COFFEE GLASS_IN MY BOY MOM ERA_Linh,manual,$10.00,$0.00,Dynamic bids and down,NOT_SET,--,,0,100%,21,1,0.0476,1.12,1.12,1,15.98,1,1,0.0701,14.27,1.12,15.98,0,1,--,1,--
sponsoredProducts,[Wise women 12oz] [auto] [loose match] 23h,Delivering,US,NewEleven,B08ZRWW1W4_TUMBLER 12_WISE WOMEN ROSE GOLD_Linh,auto,$10.00,$0.00,Dynamic bids and down,NOT_SET,--,,0.0018,90%,173,1,0.0058,1.06,1.06,1,19.98,1,1,0.0531,18.85,1.06,19.98,0,1,--,1,--
sponsoredProducts,SP_B0CJ2CKDR8_Coffee Glass_Godmother_Manual_KW_god mother proposal gift_ex_Up & Down,Delivering,US,NewEleven,B0CJ2CKDR8_COFFEE GLASS_GODMOTHER_NGAN,manual,$5.00,$0.00,Dynamic bids and down,NOT_SET,--,,0.0714,100%,155,1,0.0065,1.05,1.05,0,0,0,0,--,0,0,0,0,0,--,0,--
sponsoredProducts,B0CJ2CKDR8_CF_Godmother_auto 17h11,Delivering,US,NewEleven,B0CJ2CKDR8_COFFEE GLASS_GODMOTHER_NGAN,auto,$10.00,$0.00,Dynamic bids down only,NOT_SET,--,,0,90%,584,2,0.0034,1.05,0.53,0,0,0,0,--,0,0,0,0,0,--,0,--
sponsoredProducts,"SP_B0CRVTN11L_Coffee Glass_In My Boy Mom Era_Manual_KW_pregnant gifts for women_b,p_Up & Down",Delivering,US,NewEleven,B0CRVTN11L_COFFEE GLASS_IN MY BOY MOM ERA_Linh,manual,$10.00,$0.00,Dynamic bids and down,NOT_SET,--,,0.0121,100%,119,1,0.0084,1.05,1.05,0,0,0,0,--,0,0,0,0,0,--,0,--
sponsoredBrands,SB_Drive PV_Video_Custom_KW_B0DHCGTL3R_ex,Delivering,US,NewEleven,B0DHCGTL3R_TUMBLER 20_VINTAGE 1955 + WEIRD BEING NAVY_THILE,manual,$10.00,$0.00,Automated bidding,,--,,0.0014,0%,31,1,0.0323,1,1,0,0,0,0,--,0,0,0,0,0,--,0,--
sponsoredBrands,SB_Drive PV_Video_Custom_KW_B0CQJZP6TK_ex,Delivering,US,NewEleven,B0CQJZP6TK_COFFEE GLASS_IN MY AUNTIE ERA + AUNTIE NUTRITION_THILE,manual,$10.00,$0.00,Automated bidding,,--,,0.0643,0%,163,1,0.0061,1,1,0,0,0,0,--,0,0,0,0,0,--,0,--
sponsoredProducts,SP_B0DHC932W2_Hat_Trucker Hat 1985_Manual_PT_ex_Down,Delivering,US,NewEleven,B0DHC932W2_HAT_TRUCKER HAT 1985_THILE,manual,$10.00,$0.00,Dynamic bids down only,MINIMIZE_SPEND,--,,0.0714,100%,378,1,0.0026,1,1,0,0,0,0,--,0,0,0,0,0,--,0,--
sponsoredProducts,SP_B0DYDZFRZD_Tumbler 20_Big Heart Little Minds + Card_Manual_KW_first day of school teacher gift_ex_Up & Down,Delivering,US,NewEleven,B0DYDZFRZD_TUMBLER 20_BIG HEART LITTLE MINDS + TEACHER NUTRITION_NGAN,manual,$5.00,$0.00,Dynamic bids down only,NOT_SET,--,,0,100%,3,1,0.3333,1,1,0,0,0,0,--,0,0,0,0,0,--,0,--
sponsoredProducts,B0FC5TBFWB_Card_Happy Burfday To Dog Dad_all key 10h57,Delivering,US,NewEleven,B0FC5TBFWB_CARD_HAPPY BURFDAY TO DOG DAD_NGAN,manual,$5.00,$0.00,Dynamic bids down only,NOT_SET,--,,0.0947,80%,93,2,0.0215,1,0.5,0,0,0,0,--,0,0,0,0,0,--,0,--
sponsoredProducts,B0CJ2CKDR8_CF_Godmother_godmother proposal gift_ex 14h48,Delivering,US,NewEleven,B0CJ2CKDR8_COFFEE GLASS_GODMOTHER_NGAN,manual,$5.00,$0.00,Dynamic bids down only,NOT_SET,--,,0,100%,117,1,0.0085,1,1,0,0,0,0,--,0,0,0,0,0,--,0,--
sponsoredProducts,"SP_B0DVSKXLS5_Bible Jar_Mom_Manual_KW_gifts for mom birthday_b,p_Up & Dow",Delivering,US,NewEleven,B0DVSKXLS5_BIBLE JAR_MOM_Linh,manual,$10.00,$0.00,Dynamic bids and down,NOT_SET,--,,0.0004,100%,14,1,0.0714,0.96,0.96,0,0,0,0,--,0,0,0,0,0,--,0,--
sponsoredProducts,"B0FC5XQTBQ_Card_Thank You For Feeding Me_dog mom b,p",Delivering,US,NewEleven,B0FC5XQTBQ_CARD_HAPPY BIRTHDAY DOG MOM_THILE,manual,$15.00,$0.00,Dynamic bids down only,MINIMIZE_SPEND,--,,0.0253,100%,237,1,0.0042,0.9,0.9,1,6.99,1,1,0.1288,7.77,0.9,6.99,0,1,--,1,--
sponsoredProducts,B0F6M3X7LG_Bible jar_Read me when_gifts for women_ex 14h50 tos900,Delivering,US,NewEleven,B0F6M3X7LG_BIBLE JAR_READ THIS WHEN_Linh,manual,$10.00,$0.00,Dynamic bids and down,NOT_SET,--,,0.0001,100%,468,1,0.0021,0.9,0.9,0,0,0,0,--,0,0,0,0,0,--,0,--
sponsoredProducts,"B0CG8N67SJ_20oz_Favorite child + dad nutri navy_dad birthday_b,p 12h",Delivering,US,NewEleven,B0CG8N67SJ_TUMBLER 20_MY FAVORITE CHILD + DAD NUTRITION NAVY_Linh,manual,$20.00,$0.00,Dynamic bids down only,NOT_SET,--,,0.0003,100%,128,1,0.0078,0.87,0.87,0,0,0,0,--,0,0,0,0,0,--,0,--
sponsoredDisplay,SD_B0CQJZP6TK_Coffee Glass_In My Auntie Era + Auntie Nutrition_Page Visits_PDP_Remarketing_Contextual,Paused,US,NewEleven,B0CQJZP6TK_COFFEE GLASS_IN MY AUNTIE ERA + AUNTIE NUTRITION_THILE,manual,$10.00,$0.00,,,--,,--,0%,502,3,0.006,0.86,0.29,0,0,0,0,--,0,0,0,0,0,--,0,--
sponsoredProducts,"SP_B0DRT3MK34_Ornament_The Best Is Yet To Come Engaged 2025 Glass_Manual_KW_engaged_b,p_Down",Delivering,US,NewEleven,B0DRT3MK34_ORNAMENT_THE BEST IS YET TO COME ENGAGED 2025 GLASS_TRINH,manual,$10.00,$0.00,Dynamic bids down only,NOT_SET,--,,0.0006,100%,195,1,0.0051,0.8,0.8,0,0,0,0,--,0,0,0,0,0,--,0,--
sponsoredProducts,"SP_B0CRKQR2KF_Coffee Glass_Bestie + Besite Nutrition_Manual_PT_exp, ex_Down",Delivering,US,NewEleven,B0CRKQR2KF_COFFEE GLASS_BESTIE + BESITE NUTRITION_TRINH,manual,$10.00,$0.00,Dynamic bids down only,NOT_SET,--,,0,100%,92,1,0.0109,0.77,0.77,0,0,0,0,--,0,0,0,0,0,--,0,--
sponsoredProducts,"""SP_B0CY4MC1GJ_Tumbler 20_Don'T Be A Dumb Bass Black_Manual_KW_fishing gifts _b,p_Up & Down""",Delivering,US,NewEleven,B0CY4MC1GJ_TUMBLER 20_DON'T BE A DUMB BASS BLACK_Linh,manual,$5.00,$0.00,Dynamic bids and down,NOT_SET,--,,0.0037,100%,343,1,0.0029,0.76,0.76,0,0,0,0,--,0,0,0,0,0,--,0,--
sponsoredProducts,SP_B0DHCGTL3R_Tumbler 20_Vintage 1955 + Weird Being Navy_Auto_All_Down,Delivering,US,NewEleven,B0DHCGTL3R_TUMBLER 20_VINTAGE 1955 + WEIRD BEING NAVY_THILE,auto,$10.00,$0.00,Dynamic bids down only,MINIMIZE_SPEND,--,,0,100%,276,1,0.0036,0.7,0.7,0,0,0,0,--,0,0,0,0,0,--,0,--
sponsoredProducts,B0CJ2CKDR8_CF_Godmother_will you be my godmother_ex,Delivering,US,NewEleven,B0CJ2CKDR8_COFFEE GLASS_GODMOTHER_NGAN,manual,$5.00,$0.00,Dynamic bids down only,NOT_SET,--,,0,100%,131,1,0.0076,0.7,0.7,0,0,0,0,--,0,0,0,0,0,--,0,--
sponsoredProducts,"SP_B0F2TDMHFC_Card_Mamasaurus_Manual_KW_birthday card mom funny_b,p_Up & Down",Delivering,US,NewEleven,B0F2TDMHFC_CARD_MAMASAURUS_Linh,manual,$10.00,$0.00,Dynamic bids and down,NOT_SET,--,,0.0323,100%,2,1,0.5,0.63,0.63,0,0,0,0,--,0,0,0,0,0,--,0,--
sponsoredProducts,B0FC5XQTBQ_Card_Thank You For Feeding Me_asin exact_14h50,Delivering,US,NewEleven,B0FC5XQTBQ_CARD_HAPPY BIRTHDAY DOG MOM_THILE,manual,$10.00,$0.00,Dynamic bids down only,MINIMIZE_SPEND,--,,0.5424,100%,74,1,0.0135,0.63,0.63,0,0,0,0,--,0,0,0,0,0,--,0,--
sponsoredProducts,SP_B0FC5TBFWB_Card_Happy Burfday To Dog Dad_Manual_KW_dog dad birthday card_ex_Up & Down,Delivering,US,NewEleven,B0FC5TBFWB_CARD_HAPPY BURFDAY TO DOG DAD_NGAN,manual,$5.00,$0.00,Dynamic bids down only,NOT_SET,--,,0.5714,100%,5,1,0.2,0.6,0.6,0,0,0,0,--,0,0,0,0,0,--,0,--
sponsoredProducts,SP_B0DH7X6R1J_Tumbler 20_50 & Fabulous + Making The World 1975 White_Auto_Up & Down,Delivering,US,NewEleven,B0DH7X6R1J_TUMBLER 20_50 & FABULOUS + MAKING 1975_NGAN,auto,$5.00,$0.00,Dynamic bids and down,NOT_SET,--,,0,100%,772,1,0.0013,0.52,0.52,0,0,0,0,--,0,0,0,0,0,--,0,--
sponsoredProducts,SP_B0DH88L44J_Wine Glass_Retired 2025 Not My Problem Anymore_Auto_All_Up & Down 16h,Delivering,US,NewEleven,B0DH88L44J_WINE GLASS_RETIRED 2025 NOT MY PROBLEM ANYMORE_Linh,auto,$10.00,$0.00,Dynamic bids and down,NOT_SET,--,,0,100%,42,1,0.0238,0.4,0.4,0,0,0,0,--,0,0,0,0,0,--,0,--
sponsoredBrands,SB_Drive PV_Video_Custom_KW_B0DHC932W2_ex,Delivering,US,NewEleven,B0DHC932W2_HAT_TRUCKER HAT 1985_THILE,manual,$10.00,$0.00,Automated bidding,,--,,0.0065,0%,54,0,0,0,--,0,0,0,--,--,--,0,0,0,0,--,0,--
sponsoredProducts,SP_B0FBRBL1CQ_Bible Jar_Aunt_Auto_Up & Down,Delivering,US,NewEleven,B0FBRBL1CQ_BIBLE JAR_AUNT_NGAN,auto,$5.00,$0.00,Dynamic bids and down,NOT_SET,--,,0.0027,0%,56,0,0,0,--,0,0,0,--,--,--,0,0,0,0,--,0,--
sponsoredProducts,"SP_B08R8R2LQF_Tumbler 20_May The Forties Be With You Black_Manual_KW_gifts for 40th birthday man_b,p_Down",Delivering,US,NewEleven,B08R8R2LQF_TUMBLER 20_MAY THE FORTIES BE WITH YOU BLACK_TRINH,manual,$7.00,$0.00,Dynamic bids down only,NOT_SET,--,,0.0015,100%,127,0,0,0,--,0,0,0,--,--,--,0,0,0,0,--,0,--
sponsoredProducts,"SP_B0DRT3MK34_Ornament_The Best Is Yet To Come Engaged 2025 Glass_Manual_KW_engaged christmas ornament 2025_b,p_Down",Paused,US,NewEleven,B0DRT3MK34_ORNAMENT_THE BEST IS YET TO COME ENGAGED 2025 GLASS_TRINH,manual,$10.00,$0.00,Dynamic bids down only,NOT_SET,--,,0,100%,1,0,0,0,--,0,0,0,--,--,--,0,0,0,0,--,0,--
sponsoredProducts,"SP_B08ZYGT8SH_Apron_Whatever Happens_Manual_KW_grilling gifts for men_b,p_Up & Down",Delivering,US,NewEleven,B08ZYGT8SH_APRON_WHATEVER HAPPENS_Linh,manual,$5.00,$0.00,Dynamic bids and down,NOT_SET,--,,0,100%,258,0,0,0,--,0,0,0,--,--,--,0,0,0,0,--,0,--
sponsoredProducts,"SP_B0DH88L44J_Wine Glass_Retired 2025 Not My Problem Anymore_Manual_KW_retirement 2025_b,p_Up & Down 16h",Delivering,US,NewEleven,B0DH88L44J_WINE GLASS_RETIRED 2025 NOT MY PROBLEM ANYMORE_Linh,manual,$10.00,$0.00,Dynamic bids and down,NOT_SET,--,,0.0092,100%,160,0,0,0,--,0,0,0,--,--,--,0,0,0,0,--,0,--
sponsoredProducts,"SP_B0DH88L44J_Wine Glass_Retired 2025 Not My Problem Anymore_Manual_KW_retirement decorations_b,p_Up & Down",Delivering,US,NewEleven,B0DH88L44J_WINE GLASS_RETIRED 2025 NOT MY PROBLEM ANYMORE_Linh,manual,$10.00,$0.00,Dynamic bids and down,NOT_SET,--,,0.0003,100%,67,0,0,0,--,0,0,0,--,--,--,0,0,0,0,--,0,--
sponsoredProducts,"SP_B0DH88L44J_Wine Glass_Retired 2025 Not My Problem Anymore_Manual_KW_retirement gift for woman_b,p_Up & Down",Delivering,US,NewEleven,B0DH88L44J_WINE GLASS_RETIRED 2025 NOT MY PROBLEM ANYMORE_Linh,manual,$10.00,$0.00,Dynamic bids and down,NOT_SET,--,,0,100%,53,0,0,0,--,0,0,0,--,--,--,0,0,0,0,--,0,--
sponsoredProducts,SP_B0DH7YGD9Q_Tumbler 20_Vintage 1975 + Weird Being Old People Navy_Auto_Close_Up & Down,Delivering,US,NewEleven,B0DH7YGD9Q_TUMBLER 20_VINTAGE 1975 + WEIRD BEING OLD PEOPLE NAVY_Linh,auto,$10.00,$0.00,Dynamic bids and down,NOT_SET,--,,0.0002,100%,277,0,0,0,--,0,0,0,--,--,--,0,0,0,0,--,0,--
sponsoredProducts,"SP_B0DH7YGD9Q_Tumbler 20_Vintage 1975 + Weird Being Old People Navy_Manual_KW_50th birthday decorations for him_b,p_Up & Down",Delivering,US,NewEleven,B0DH7YGD9Q_TUMBLER 20_VINTAGE 1975 + WEIRD BEING OLD PEOPLE NAVY_Linh,manual,$10.00,$0.00,Dynamic bids and down,NOT_SET,--,,0,0%,1,0,0,0,--,0,0,0,--,--,--,0,0,0,0,--,0,--
sponsoredProducts,"SP_B0DH7YGD9Q_Tumbler 20_Vintage 1975 + Weird Being Old People Navy_Manual_KW_50 year old gifts for women_b,p_Up & Down",Delivering,US,NewEleven,B0DH7YGD9Q_TUMBLER 20_VINTAGE 1975 + WEIRD BEING OLD PEOPLE NAVY_Linh,manual,$10.00,$0.00,Dynamic bids and down,NOT_SET,--,,0,100%,1,0,0,0,--,0,0,0,--,--,--,0,0,0,0,--,0,--
sponsoredProducts,"SP_B0DH7YGD9Q_Tumbler 20_Vintage 1975 + Weird Being Old People Navy_Manual_KW_50th birthday_b,p_Up & Down 14h",Delivering,US,NewEleven,B0DH7YGD9Q_TUMBLER 20_VINTAGE 1975 + WEIRD BEING OLD PEOPLE NAVY_Linh,manual,$10.00,$0.00,Dynamic bids and down,NOT_SET,--,,0.0002,100%,23,0,0,0,--,0,0,0,--,--,--,0,0,0,0,--,0,--
sponsoredProducts,SP_B0DH7YGD9Q_Tumbler 20_Vintage 1975 + Weird Being Old People Navy_Manual_KW_50th birthday gifts for her_ex_Up & Down,Delivering,US,NewEleven,B0DH7YGD9Q_TUMBLER 20_VINTAGE 1975 + WEIRD BEING OLD PEOPLE NAVY_Linh,manual,$10.00,$0.00,Dynamic bids and down,NOT_SET,--,,0,100%,51,0,0,0,--,0,0,0,--,--,--,0,0,0,0,--,0,--
sponsoredProducts,"SP_B0DH7YGD9Q_Tumbler 20_Vintage 1975 + Weird Being Old People Navy_Manual_KW_50th birthday gifts for him_b,p_Up & Down",Delivering,US,NewEleven,B0DH7YGD9Q_TUMBLER 20_VINTAGE 1975 + WEIRD BEING OLD PEOPLE NAVY_Linh,manual,$10.00,$0.00,Dynamic bids and down,NOT_SET,--,,0,100%,12,0,0,0,--,0,0,0,--,--,--,0,0,0,0,--,0,--
sponsoredProducts,SP_B0DH7YGD9Q_Tumbler 20_Vintage 1975 + Weird Being Old People Navy_Manual_KW_50th birthday gifts for him_ex_Up & Down,Delivering,US,NewEleven,B0DH7YGD9Q_TUMBLER 20_VINTAGE 1975 + WEIRD BEING OLD PEOPLE NAVY_Linh,manual,$10.00,$0.00,Dynamic bids and down,NOT_SET,--,,0,100%,6,0,0,0,--,0,0,0,--,--,--,0,0,0,0,--,0,--
sponsoredProducts,"SP_B0DH7YGD9Q_Tumbler 20_Vintage 1975 + Weird Being Old People Navy_Manual_KW_50th birthday gifts for her_b,p_Up & Down",Delivering,US,NewEleven,B0DH7YGD9Q_TUMBLER 20_VINTAGE 1975 + WEIRD BEING OLD PEOPLE NAVY_Linh,manual,$10.00,$0.00,Dynamic bids and down,NOT_SET,--,,0.001,100%,98,0,0,0,--,0,0,0,--,--,--,0,0,0,0,--,0,--
sponsoredProducts,"SP_B0F18CMJ3L_Whiskey Glass_Every Sip Tastes Like Retired 2025_Manual_KW_retirement 2025_b,p_Up & Down",Delivering,US,NewEleven,B0F18CMJ3L_WHISKEY GLASS_EVERY SIP TASTES LIKE RETIRED 2025_Linh,manual,$10.00,$0.00,Dynamic bids and down,NOT_SET,--,,0.039,100%,67,0,0,0,--,0,0,0,--,--,--,0,0,0,0,--,0,--
sponsoredProducts,"SP_B0F18CMJ3L_Whiskey Glass_Every Sip Tastes Like Retired 2025_Manual_KW_boss retirement_b,p_Up & Down",Delivering,US,NewEleven,B0F18CMJ3L_WHISKEY GLASS_EVERY SIP TASTES LIKE RETIRED 2025_Linh,manual,$10.00,$0.00,Dynamic bids and down,NOT_SET,--,,0.2,100%,8,0,0,0,--,0,0,0,--,--,--,0,0,0,0,--,0,--
sponsoredProducts,"SP_B0F18PVLJ1_Tumbler 20_Every Sip Tastes Like Retired 2025 + Card Black_Manual_KW_classy retirement_b,p_Up & Down",Delivering,US,NewEleven,B0F18PVLJ1_TUMBLER 20_EVERY SIP TASTES LIKE RETIRED 2025 BLACK_Linh,manual,$10.00,$0.00,Dynamic bids and down,NOT_SET,--,,0,100%,4,0,0,0,--,0,0,0,--,--,--,0,0,0,0,--,0,--
sponsoredProducts,SP_B0F18PVLJ1_Tumbler 20_Every Sip Tastes Like Retired 2025 + Card Black_Manual_KW_retirement gifts_ex_Up & Down,Delivering,US,NewEleven,B0F18PVLJ1_TUMBLER 20_EVERY SIP TASTES LIKE RETIRED 2025 BLACK_Linh,manual,$10.00,$0.00,Dynamic bids and down,NOT_SET,--,,0,100%,3,0,0,0,--,0,0,0,--,--,--,0,0,0,0,--,0,--
sponsoredProducts,"SP_B0F18PVLJ1_Tumbler 20_Every Sip Tastes Like Retired 2025 + Card Black_Manual_KW_retirement sash_b,p_Up & Down",Delivering,US,NewEleven,B0F18PVLJ1_TUMBLER 20_EVERY SIP TASTES LIKE RETIRED 2025 BLACK_Linh,manual,$10.00,$0.00,Dynamic bids and down,NOT_SET,--,,0,100%,1,0,0,0,--,0,0,0,--,--,--,0,0,0,0,--,0,--
sponsoredProducts,"SP_B0F18PVLJ1_Tumbler 20_Every Sip Tastes Like Retired 2025 + Card Black_Manual_KW_retirement basket_b,p_Up & Down",Delivering,US,NewEleven,B0F18PVLJ1_TUMBLER 20_EVERY SIP TASTES LIKE RETIRED 2025 BLACK_Linh,manual,$10.00,$0.00,Dynamic bids and down,NOT_SET,--,,0.25,100%,3,0,0,0,--,0,0,0,--,--,--,0,0,0,0,--,0,--
sponsoredProducts,"SP_B0F18PVLJ1_Tumbler 20_Every Sip Tastes Like Retired 2025 + Card Black_Manual_KW_women retirement gifts 2025_b,p_Up & Down",Delivering,US,NewEleven,B0F18PVLJ1_TUMBLER 20_EVERY SIP TASTES LIKE RETIRED 2025 BLACK_Linh,manual,$10.00,$0.00,Dynamic bids and down,NOT_SET,--,,0,0%,1,0,0,0,--,0,0,0,--,--,--,0,0,0,0,--,0,--
sponsoredProducts,"SP_B0F18PVLJ1_Tumbler 20_Every Sip Tastes Like Retired 2025 + Card Black_Manual_KW_top retirement gifts_b,p_Up & Down",Delivering,US,NewEleven,B0F18PVLJ1_TUMBLER 20_EVERY SIP TASTES LIKE RETIRED 2025 BLACK_Linh,manual,$10.00,$0.00,Dynamic bids and down,NOT_SET,--,,0,100%,197,0,0,0,--,0,0,0,--,--,--,0,0,0,0,--,0,--
sponsoredProducts,SP_B0CYS94K31_Tumbler 12_In My Forties Era Rose Gold_Auto_Up & Down,Delivering,US,NewEleven,B0CYS94K31_TUMBLER 12_IN MY FORTIES ERA ROSE GOLD_NGAN,auto,$5.00,$0.00,Dynamic bids and down,NOT_SET,--,,0.0044,100%,93,0,0,0,--,0,0,0,--,--,--,0,0,0,0,--,0,--
sponsoredProducts,SP_B0F18PVLJ1_Tumbler 20_Every Sip Tastes Like Retired 2025 + Card Black_Manual_KW_retirement gift for woman_b_Up & Down,Delivering,US,NewEleven,B0F18PVLJ1_TUMBLER 20_EVERY SIP TASTES LIKE RETIRED 2025 BLACK_Linh,manual,$10.00,$0.00,Dynamic bids and down,NOT_SET,--,,0,100%,82,0,0,0,--,0,0,0,--,--,--,0,0,0,0,--,0,--
sponsoredProducts,"SP_B0F18PVLJ1_Tumbler 20_Every Sip Tastes Like Retired 2025 + Card Black_Manual_KW_retirement gift for women_b,p_Up & Down",Delivering,US,NewEleven,B0F18PVLJ1_TUMBLER 20_EVERY SIP TASTES LIKE RETIRED 2025 BLACK_Linh,manual,$10.00,$0.00,Dynamic bids and down,NOT_SET,--,,0.0011,100%,243,0,0,0,--,0,0,0,--,--,--,0,0,0,0,--,0,--
sponsoredProducts,SP_B0DH87FYNN_Tumbler 20_Vintage 1965 Weird Being Old People Navy_Manual_KW_1965 birthday gifts_ex_Down,Delivering,US,NewEleven,B0DH87FYNN_TUMBLER 20_VINTAGE 1965 WEIRD BEING OLD PEOPLE NAVY_TRINH,manual,$5.00,$0.00,Dynamic bids down only,NOT_SET,--,,0,100%,2,0,0,0,--,0,0,0,--,--,--,0,0,0,0,--,0,--
sponsoredProducts,SP_B0DH87FYNN_Tumbler 20_Vintage 1965 Weird Being Old People Navy_Manual_KW_1965 birthday gifts for men_ex_Down,Delivering,US,NewEleven,B0DH87FYNN_TUMBLER 20_VINTAGE 1965 WEIRD BEING OLD PEOPLE NAVY_TRINH,manual,$5.00,$0.00,Dynamic bids down only,NOT_SET,--,,0.0112,100%,206,0,0,0,--,0,0,0,--,--,--,0,0,0,0,--,0,--
sponsoredProducts,SP_B092HNBJT6_Tumbler 20_Coworker Black_Manual_KW_gift for employee leaving for new job_ex_Down,Delivering,US,NewEleven,B092HNBJT6_TUMBLER 20_COWORKER BLACK_TRINH,manual,$5.00,$0.00,Dynamic bids down only,NOT_SET,--,,--,100%,1,0,0,0,--,0,0,0,--,--,--,0,0,0,0,--,0,--
sponsoredProducts,SP_B092HNBJT6_Tumbler 20_Coworker Black_Manual_KW_congratulations on new job_ex_Down,Delivering,US,NewEleven,B092HNBJT6_TUMBLER 20_COWORKER BLACK_TRINH,manual,$5.00,$0.00,Dynamic bids down only,NOT_SET,--,,0.2941,100%,18,0,0,0,--,0,0,0,--,--,--,0,0,0,0,--,0,--
sponsoredProducts,SP_B08R8R2LQF_Tumbler 20_May The Forties Be With You Black_Manual_KW_birthday presents for 40 year old men_ex_Down,Delivering,US,NewEleven,B08R8R2LQF_TUMBLER 20_MAY THE FORTIES BE WITH YOU BLACK_TRINH,manual,$5.00,$0.00,Dynamic bids down only,NOT_SET,--,,0,100%,25,0,0,0,--,0,0,0,--,--,--,0,0,0,0,--,0,--
sponsoredProducts,SP_B08R8PXYL6_Tumbler 12_Sixty Fabulous Rose Gold_all key_b_Up & Down,Delivering,US,NewEleven,B08R8PXYL6_TUMBLER 12_SIXTY FABULOUS ROSE GOLD_NGAN,manual,$5.00,$0.00,Dynamic bids and down,NOT_SET,--,,0,100%,143,0,0,0,--,0,0,0,--,--,--,0,0,0,0,--,0,--
sponsoredProducts,SP_B0DYDZFRZD_Tumbler 20_Big Heart Little Minds + Card_Manual_KW_kindergarten teacher gifts_ex_Up & Down,Delivering,US,NewEleven,B0DYDZFRZD_TUMBLER 20_BIG HEART LITTLE MINDS + TEACHER NUTRITION_NGAN,manual,$5.00,$0.00,Dynamic bids and down,NOT_SET,--,,0,100%,21,0,0,0,--,0,0,0,--,--,--,0,0,0,0,--,0,--
sponsoredProducts,SP_B0D6NQ8KL6_Tote Bag_Born To Read Forced To Work_Manual_KW_book lover gifts for women_ex_Down,Delivering,US,NewEleven,B0D6NQ8KL6_TOTE BAG_BORN TO READ FORCED TO WORK_THILE,manual,$5.00,$0.00,Dynamic bids down only,MINIMIZE_SPEND,--,,0,100%,140,0,0,0,--,0,0,0,--,--,--,0,0,0,0,--,0,--
sponsoredProducts,SP_B0D6NQ8KL6_Tote Bag_Born To Read Forced To Work_Manual_KW_gifts for book lovers_ex_Down,Delivering,US,NewEleven,B0D6NQ8KL6_TOTE BAG_BORN TO READ FORCED TO WORK_THILE,manual,$5.00,$0.00,Dynamic bids down only,MINIMIZE_SPEND,--,,0,100%,97,0,0,0,--,0,0,0,--,--,--,0,0,0,0,--,0,--
sponsoredProducts,SP_B0DRT3MK34_Ornament_The Best Is Yet To Come Engaged 2025 Glass_Manual_KW_engagement ornament 2025_ex_Down,Delivering,US,NewEleven,B0DRT3MK34_ORNAMENT_THE BEST IS YET TO COME ENGAGED 2025 GLASS_TRINH,manual,$10.00,$0.00,Dynamic bids down only,NOT_SET,--,,0,90%,293,0,0,0,--,0,0,0,--,--,--,0,0,0,0,--,0,--
sponsoredProducts,"SP_B0DRT3MK34_Ornament_The Best Is Yet To Come Engaged 2025 Glass_Manual_KW_engagement ornament 2025_b,p_Down",Delivering,US,NewEleven,B0DRT3MK34_ORNAMENT_THE BEST IS YET TO COME ENGAGED 2025 GLASS_TRINH,manual,$8.00,$0.00,Dynamic bids down only,NOT_SET,--,,0,100%,85,0,0,0,--,0,0,0,--,--,--,0,0,0,0,--,0,--
sponsoredProducts,SP_B0DPM5JXP7_Ornament_New Home New Beginnings New Memories 2025 Glass_Manual_KW_new home 2025 christmas ornament_ex_Down,Delivering,US,NewEleven,B0DPM5JXP7_ORNAMENT_NEW HOME NEW BEGINNINGS NEW MEMORIES 2025 GLASS_TRINH,manual,$5.00,$0.00,Dynamic bids down only,NOT_SET,--,,0.1667,100%,51,0,0,0,--,0,0,0,--,--,--,0,0,0,0,--,0,--
sponsoredProducts,SP_B0CJ2CKDR8_Coffee Glass_Godmother_Manual_PT_ex_Up & Down,Delivering,US,NewEleven,B0CJ2CKDR8_COFFEE GLASS_GODMOTHER_NGAN,manual,$5.00,$0.00,Dynamic bids and down,NOT_SET,--,,0.5,100%,45,0,0,0,--,0,0,0,--,--,--,0,0,0,0,--,0,--
sponsoredProducts,SP_B0DH86X93V_Tumbler 20_Vintage 1985 Weird Being Old People Navy_Manual_KW_40th birthday gifts men_b_Down,Delivering,US,NewEleven,B0DH86X93V_TUMBLER 20_VINTAGE 1985 WEIRD BEING OLD PEOPLE NAVY_TRINH,manual,$8.00,$0.00,Dynamic bids down only,NOT_SET,--,,0,100%,116,0,0,0,--,0,0,0,--,--,--,0,0,0,0,--,0,--
sponsoredProducts,SP_B092HNBJT6_Tumbler 20_Coworker Black_Manual_KW_you will be missed gift_ex_Down,Delivering,US,NewEleven,B092HNBJT6_TUMBLER 20_COWORKER BLACK_TRINH,manual,$5.00,$0.00,Dynamic bids down only,NOT_SET,--,,0.5,100%,16,0,0,0,--,0,0,0,--,--,--,0,0,0,0,--,0,--
sponsoredProducts,SP_B0DYDZFRZD_Tumbler 20_Big Heart Little Minds + Card_Manual_KW_gifts for teachers women_ex_Up & Down,Delivering,US,NewEleven,B0DYDZFRZD_TUMBLER 20_BIG HEART LITTLE MINDS + TEACHER NUTRITION_NGAN,manual,$5.00,$0.00,Dynamic bids down only,NOT_SET,--,,0.0188,100%,7,0,0,0,--,0,0,0,--,--,--,0,0,0,0,--,0,--
sponsoredProducts,SP_B0DYDZFRZD_Tumbler 20_Big Heart Little Minds + Card_Manual_KW_teacher gifts for women_ex_Up & Down,Delivering,US,NewEleven,B0DYDZFRZD_TUMBLER 20_BIG HEART LITTLE MINDS + TEACHER NUTRITION_NGAN,manual,$5.00,$0.00,Dynamic bids down only,NOT_SET,--,,0,100%,23,0,0,0,--,0,0,0,--,--,--,0,0,0,0,--,0,--
sponsoredProducts,SP_B0DYDZFRZD_Tumbler 20_Big Heart Little Minds + Teacher Nutrition + Card_Manual_PT_ex_Up & Down,Delivering,US,NewEleven,B0DYDZFRZD_TUMBLER 20_BIG HEART LITTLE MINDS + TEACHER NUTRITION_NGAN,manual,$5.00,$0.00,Dynamic bids down only,NOT_SET,--,,0,100%,16,0,0,0,--,0,0,0,--,--,--,0,0,0,0,--,0,--
sponsoredProducts,SP_B08R8PXYL6_Tumbler 12_Sixty Fabulous Rose Gold_Auto_Up & Down,Delivering,US,NewEleven,B08R8PXYL6_TUMBLER 12_SIXTY FABULOUS ROSE GOLD_NGAN,auto,$5.00,$0.00,Dynamic bids and down,NOT_SET,--,,0.0004,100%,978,0,0,0,--,0,0,0,--,--,--,0,0,0,0,--,0,--
sponsoredBrands,SB_Drive PV_Video_Custom_KW_ B089QFYLFB_ex,Delivering,US,NewEleven,B089QFYLFB_TUMBLER 12_FIFTY FABULOUS ROSE GOLD_NGAN,manual,$5.00,$0.00,Automated bidding,,--,,0.001,0%,38,0,0,0,--,0,0,0,--,--,--,0,0,0,0,--,0,--
sponsoredBrands,SB_Drive PV_Video_Custom_KW_ex,Delivering,US,NewEleven,B0DH7X6R1J_TUMBLER 20_50 & FABULOUS + MAKING 1975_NGAN,manual,$10.00,$0.00,Automated bidding,,--,,0.0031,0%,201,0,0,0,--,0,0,0,--,--,--,0,0,0,0,--,0,--
sponsoredBrands,SB_B0DGGDX9P5_Coffee Glass_Vintage 1985 + Back In 1985_Drive Page_PDP_KW_ex,Delivering,US,NewEleven,B0DGGDX9P5_COFFEE GLASS_VINTAGE 1985 + BACK IN 1985_NGAN,manual,$5.00,$0.00,Automated bidding,,--,,0.0021,0%,94,0,0,0,--,0,0,0,--,--,--,0,0,0,0,--,0,--
sponsoredProducts,"SP_B0DH7YGD9Q_Tumbler 20_Vintage 1975 + Weird Being Old People Navy_Manual_KW_50 year old_b,p_Up & Down",Delivering,US,NewEleven,B0DH7YGD9Q_TUMBLER 20_VINTAGE 1975 + WEIRD BEING OLD PEOPLE NAVY_Linh,manual,$15.00,$0.00,Dynamic bids and down,NOT_SET,--,,0.0789,100%,275,0,0,0,--,0,0,0,--,--,--,0,0,0,0,--,0,--
sponsoredProducts,SP_B0DH7YGD9Q_Tumbler 20_Vintage 1975 + Weird Being Old People Navy_Manual_KW_50th birthday gifts for him_b_Up & Down,Delivering,US,NewEleven,B0DH7YGD9Q_TUMBLER 20_VINTAGE 1975 + WEIRD BEING OLD PEOPLE NAVY_Linh,manual,$10.00,$0.00,Dynamic bids and down,NOT_SET,--,,0,90%,253,0,0,0,--,0,0,0,--,--,--,0,0,0,0,--,0,--
sponsoredProducts,"SP_B0CG8N67SJ_Tumbler 20_My Favorite Child + Dad Nutrition Navy_Manual_KW_dad birthday gifts_b,p_Up & Down",Delivering,US,NewEleven,B0CG8N67SJ_TUMBLER 20_MY FAVORITE CHILD + DAD NUTRITION NAVY_Linh,manual,$10.00,$0.00,Dynamic bids and down,NOT_SET,--,,0,100%,2,0,0,0,--,0,0,0,--,--,--,0,0,0,0,--,0,--
sponsoredProducts,"SP_B0CG8N67SJ_Tumbler 20_My Favorite Child + Dad Nutrition Navy_Manual_KW_gifts for dad birthday_b,p_Up & Down_11h",Delivering,US,NewEleven,B0CG8N67SJ_TUMBLER 20_MY FAVORITE CHILD + DAD NUTRITION NAVY_Linh,manual,$10.00,$0.00,Dynamic bids and down,NOT_SET,--,,0,100%,2,0,0,0,--,0,0,0,--,--,--,0,0,0,0,--,0,--
sponsoredProducts,"SP_B0CG8N67SJ_Tumbler 20_My Favorite Child + Dad Nutrition Navy_Manual_KW_birthday gifts for dad_b,p_Up & Down",Delivering,US,NewEleven,B0CG8N67SJ_TUMBLER 20_MY FAVORITE CHILD + DAD NUTRITION NAVY_Linh,manual,$10.00,$0.00,Dynamic bids and down,NOT_SET,--,,0.0004,100%,4,0,0,0,--,0,0,0,--,--,--,0,0,0,0,--,0,--
sponsoredProducts,"SP_B0CG8N67SJ_Tumbler 20_My Favorite Child + Dad Nutrition Navy_Manual_KW_dad birthday gift_b,p_Up & Down",Delivering,US,NewEleven,B0CG8N67SJ_TUMBLER 20_MY FAVORITE CHILD + DAD NUTRITION NAVY_Linh,manual,$10.00,$0.00,Dynamic bids and down,NOT_SET,--,,0,100%,13,0,0,0,--,0,0,0,--,--,--,0,0,0,0,--,0,--
sponsoredProducts,SP_B0F2T4JDF7_Card_You'Re An Awesome Mom_Manual_KW_birthday card for wife from husband_ex_Down,Delivering,US,NewEleven,B0F2T4JDF7_CARD_YOU'RE AN AWESOME MOM_TRINH,manual,$5.00,$0.00,Dynamic bids down only,NOT_SET,--,,0,100%,18,0,0,0,--,0,0,0,--,--,--,0,0,0,0,--,0,--
sponsoredProducts,SP_B0DH87FYNN_Tumbler 20_Vintage 1965 Weird Being Old People Navy_Manual_KW_funny 60th birthday gifts for men_ex_Down,Delivering,US,NewEleven,B0DH87FYNN_TUMBLER 20_VINTAGE 1965 WEIRD BEING OLD PEOPLE NAVY_TRINH,manual,$8.00,$0.00,Dynamic bids down only,NOT_SET,--,,0,100%,24,0,0,0,--,0,0,0,--,--,--,0,0,0,0,--,0,--
sponsoredProducts,SP_B0BYCT1SRJ_Coffee Glass_Cool Aunt Club_Manual_KW_titi gifts_ex_Up & Down,Delivering,US,NewEleven,B0BYCT1SRJ_COFFEE GLASS_COOL AUNT CLUB_NGAN,manual,$5.00,$0.00,Dynamic bids and down,NOT_SET,--,,0.0208,100%,29,0,0,0,--,0,0,0,--,--,--,0,0,0,0,--,0,--
sponsoredProducts,SP_B0F2T4JDF7_Card_You'Re An Awesome Mom_Manual_KW_happy birthday card for wife_ex_Down,Delivering,US,NewEleven,B0F2T4JDF7_CARD_YOU'RE AN AWESOME MOM_TRINH,manual,$5.00,$0.00,Dynamic bids down only,NOT_SET,--,,0,100%,92,0,0,0,--,0,0,0,--,--,--,0,0,0,0,--,0,--
sponsoredProducts,"SP_B0CY4MC1GJ_Tumbler 20_Don'T Be A Dumb Bass Black_Manual_KW_fishing gifts for men_b,p_Up & Down",Delivering,US,NewEleven,B0CY4MC1GJ_TUMBLER 20_DON'T BE A DUMB BASS BLACK_Linh,manual,$5.00,$0.00,Dynamic bids and down,NOT_SET,--,,0.0118,100%,105,0,0,0,--,0,0,0,--,--,--,0,0,0,0,--,0,--
sponsoredProducts,B0CYS94K31_12oz_In my forties era rose_all key 11h06,Delivering,US,NewEleven,B0CYS94K31_TUMBLER 12_IN MY FORTIES ERA ROSE GOLD_NGAN,manual,$10.00,$0.00,Dynamic bids down only,NOT_SET,--,,0.0118,100%,40,0,0,0,--,0,0,0,--,--,--,0,0,0,0,--,0,--
sponsoredProducts,SP_B0DH7X6R1J_Tumbler 20_50 & Fabulous + Making The World 1975 White_Manual_KW_50 year old gifts for women_ex_Up & Down,Delivering,US,NewEleven,B0DH7X6R1J_TUMBLER 20_50 & FABULOUS + MAKING 1975_NGAN,manual,$5.00,$0.00,Dynamic bids and down,NOT_SET,--,,0,100%,366,0,0,0,--,0,0,0,--,--,--,0,0,0,0,--,0,--
sponsoredProducts,SP_B08R8R2LQF_Tumbler 20_May The Forties Be With You Black_Manual_PT_ex_Down_Card,Delivering,US,NewEleven,B08R8R2LQF_TUMBLER 20_MAY THE FORTIES BE WITH YOU BLACK_TRINH,manual,$8.00,$0.00,Dynamic bids down only,MINIMIZE_SPEND,--,,0.0028,100%,48,0,0,0,--,0,0,0,--,--,--,0,0,0,0,--,0,--
sponsoredProducts,SP_B08R8R2LQF_Tumbler 20_May The Forties Be With You Black_Manual_PT_ex_Down_Hat,Delivering,US,NewEleven,B08R8R2LQF_TUMBLER 20_MAY THE FORTIES BE WITH YOU BLACK_TRINH,manual,$5.00,$0.00,Dynamic bids down only,MINIMIZE_SPEND,--,,0.0036,100%,74,0,0,0,--,0,0,0,--,--,--,0,0,0,0,--,0,--
sponsoredProducts,"SP_B0DPM5JXP7_Ornament_New Home New Beginnings New Memories 2025 Glass_Manual_KW_new home decor_b,p_Down",Delivering,US,NewEleven,B0DPM5JXP7_ORNAMENT_NEW HOME NEW BEGINNINGS NEW MEMORIES 2025 GLASS_TRINH,manual,$5.00,$0.00,Dynamic bids down only,NOT_SET,--,,0.0123,100%,72,0,0,0,--,0,0,0,--,--,--,0,0,0,0,--,0,--
sponsoredProducts,"SP_B0DRT3MK34_Ornament_The Best Is Yet To Come Engaged 2025 Glass_Manual_KW_newly engaged gifts for her_b,p_Up & Down",Delivering,US,NewEleven,B0DRT3MK34_ORNAMENT_THE BEST IS YET TO COME ENGAGED 2025 GLASS_TRINH,manual,$5.00,$0.00,Dynamic bids down only,NOT_SET,--,,0,100%,2,0,0,0,--,0,0,0,--,--,--,0,0,0,0,--,0,--
sponsoredProducts,"SP_B0DRT3MK34_Ornament_The Best Is Yet To Come Engaged 2025 Glass_Manual_KW_engagement gift for daughter_b,p_Up & Down",Delivering,US,NewEleven,B0DRT3MK34_ORNAMENT_THE BEST IS YET TO COME ENGAGED 2025 GLASS_TRINH,manual,$5.00,$0.00,Dynamic bids down only,NOT_SET,--,,0,100%,3,0,0,0,--,0,0,0,--,--,--,0,0,0,0,--,0,--
sponsoredProducts,"SP_B0CRVTN11L_Coffee Glass_In My Boy Mom Era_Manual_KW_birthday gift for new mom_b,p_Up & Down",Delivering,US,NewEleven,B0CRVTN11L_COFFEE GLASS_IN MY BOY MOM ERA_Linh,manual,$10.00,$0.00,Dynamic bids and down,NOT_SET,--,,0.0957,100%,15,0,0,0,--,0,0,0,--,--,--,0,0,0,0,--,0,--
sponsoredProducts,"SP_B0CRVTN11L_Coffee Glass_In My Boy Mom Era_Manual_KW_first time mom gifts_b,p_Up & Down",Delivering,US,NewEleven,B0CRVTN11L_COFFEE GLASS_IN MY BOY MOM ERA_Linh,manual,$10.00,$0.00,Dynamic bids and down,NOT_SET,--,,0.0423,100%,54,0,0,0,--,0,0,0,--,--,--,0,0,0,0,--,0,--
sponsoredProducts,"SP_B0F6M3X7LG_Bible Jar_Read This When_Manual_KW_50th birthday gifts for her_b,p_Up & Down",Delivering,US,NewEleven,B0F6M3X7LG_BIBLE JAR_READ THIS WHEN_Linh,manual,$10.00,$0.00,Dynamic bids and down,NOT_SET,--,,0,100%,33,0,0,0,--,0,0,0,--,--,--,0,0,0,0,--,0,--
sponsoredProducts,SP_B0F6M3X7LG_Bible Jar_Read This When_Manual_KW_20th birthday gifts for her_ex_Up & Down,Delivering,US,NewEleven,B0F6M3X7LG_BIBLE JAR_READ THIS WHEN_Linh,manual,$10.00,$0.00,Dynamic bids and down,NOT_SET,--,,0.011,100%,25,0,0,0,--,0,0,0,--,--,--,0,0,0,0,--,0,--
sponsoredProducts,SP_B0F6M3X7LG_Bible Jar_Read This When_Manual_KW_gift for best friends women_ex_Up & Down,Delivering,US,NewEleven,B0F6M3X7LG_BIBLE JAR_READ THIS WHEN_Linh,manual,$10.00,$0.00,Dynamic bids and down,NOT_SET,--,,0.0068,100%,21,0,0,0,--,0,0,0,--,--,--,0,0,0,0,--,0,--
sponsoredProducts,SP_B0F6M3X7LG_Bible Jar_Read This When_Manual_KW_birthday gifts for women friendship_ex_Up & Down,Delivering,US,NewEleven,B0F6M3X7LG_BIBLE JAR_READ THIS WHEN_Linh,manual,$10.00,$0.00,Dynamic bids and down,NOT_SET,--,,0,100%,33,0,0,0,--,0,0,0,--,--,--,0,0,0,0,--,0,--
sponsoredProducts,"SP_B0F6M3X7LG_Bible Jar_Read This When_Manual_KW_birthday gifts for women friendship_b,p_Up & Down",Delivering,US,NewEleven,B0F6M3X7LG_BIBLE JAR_READ THIS WHEN_Linh,manual,$10.00,$0.00,Dynamic bids and down,NOT_SET,--,,0,100%,6,0,0,0,--,0,0,0,--,--,--,0,0,0,0,--,0,--
sponsoredProducts,"SP_B0CG8N67SJ_Tumbler 20_My Favorite Child + Dad Nutrition Navy_Manual_KW_dad gifts for birthday_b,p_Up & Down",Delivering,US,NewEleven,B0CG8N67SJ_TUMBLER 20_MY FAVORITE CHILD + DAD NUTRITION NAVY_Linh,manual,$15.00,$0.00,Dynamic bids and down,NOT_SET,--,,0.0025,90%,61,0,0,0,--,0,0,0,--,--,--,0,0,0,0,--,0,--
sponsoredProducts,B09XDFF8FF_20oz_You are dead to us black_asin ex 10h06,Delivering,US,NewEleven,B09XDFF8FF_TUMBLER 20_YOU ARE DEAD TO US BLACK_NGAN,manual,$10.00,$0.00,Dynamic bids and down,NOT_SET,--,,1,100%,26,0,0,0,--,0,0,0,--,--,--,0,0,0,0,--,0,--
sponsoredProducts,SP_B0F18CMJ3L_Whiskey Glass_Every Sip Tastes Like Retired 2025_Manual_KW_retirement decorations_p_Up & Down,Delivering,US,NewEleven,B0F18CMJ3L_WHISKEY GLASS_EVERY SIP TASTES LIKE RETIRED 2025_Linh,manual,$15.00,$0.00,Dynamic bids and down,NOT_SET,--,,0.0088,100%,398,0,0,0,--,0,0,0,--,--,--,0,0,0,0,--,0,--
sponsoredProducts,"SP_B0DVSKXLS5_Bible Jar_Mom_Manual_KW_mom birthday gift_b,p_Up & Down",Delivering,US,NewEleven,B0DVSKXLS5_BIBLE JAR_MOM_Linh,manual,$5.00,$0.00,Dynamic bids and down,NOT_SET,--,,0.0008,100%,25,0,0,0,--,0,0,0,--,--,--,0,0,0,0,--,0,--
sponsoredProducts,B0F18PVLJ1_20oz_Every sip tastes_retirement gift for men_ex 10h50,Delivering,US,NewEleven,B0F18PVLJ1_TUMBLER 20_EVERY SIP TASTES LIKE RETIRED 2025 BLACK_Linh,manual,$30.00,$0.00,Dynamic bids and down,NOT_SET,--,,0,80%,127,0,0,0,--,0,0,0,--,--,--,0,0,0,0,--,0,--
sponsoredProducts,"B0F18PVLJ1_20oz_Every sip tastes_retirement gift_b,p 10h50",Delivering,US,NewEleven,B0F18PVLJ1_TUMBLER 20_EVERY SIP TASTES LIKE RETIRED 2025 BLACK_Linh,manual,$15.00,$0.00,Dynamic bids and down,NOT_SET,--,,0.0005,90%,50,0,0,0,--,0,0,0,--,--,--,0,0,0,0,--,0,--
sponsoredProducts,B0DH7X6R1J_20oz_50 fabulous + making 1975_50th birthday decorations for women_ex,Delivering,US,NewEleven,B0DH7X6R1J_TUMBLER 20_50 & FABULOUS + MAKING 1975_NGAN,manual,$5.00,$0.00,Dynamic bids down only,NOT_SET,--,,0,100%,27,0,0,0,--,0,0,0,--,--,--,0,0,0,0,--,0,--
sponsoredProducts,B08ZRWW1W4_12oz_Wise women rose_retirement gifts for women_ex 14h,Delivering,US,NewEleven,B08ZRWW1W4_TUMBLER 12_WISE WOMEN ROSE GOLD_Linh,manual,$20.00,$0.00,Dynamic bids and down,NOT_SET,--,,0,100%,2,0,0,0,--,0,0,0,--,--,--,0,0,0,0,--,0,--
sponsoredProducts,B08ZRWW1W4_12oz_Wise women rose_retirement gifts for women_ex,Delivering,US,NewEleven,B08ZRWW1W4_TUMBLER 12_WISE WOMEN ROSE GOLD_Linh,manual,$10.00,$0.00,Dynamic bids and down,NOT_SET,--,,0,100%,151,0,0,0,--,0,0,0,--,--,--,0,0,0,0,--,0,--
sponsoredProducts,B0DH7X6R1J_20oz_50 fabulous + making 1975_asin ex,Delivering,US,NewEleven,B0DH7X6R1J_TUMBLER 20_50 & FABULOUS + MAKING 1975_NGAN,manual,$20.00,$0.00,Dynamic bids down only,NOT_SET,--,,0.0811,100%,56,0,0,0,--,0,0,0,--,--,--,0,0,0,0,--,0,--
sponsoredProducts,B089QFYLFB_12oz_Fifty fabulous rose_50th birthday gifts for her_ex 12h39,Delivering,US,NewEleven,B089QFYLFB_TUMBLER 12_FIFTY FABULOUS ROSE GOLD_NGAN,manual,$10.00,$0.00,Dynamic bids down only,NOT_SET,--,,0,90%,115,0,0,0,--,0,0,0,--,--,--,0,0,0,0,--,0,--
sponsoredProducts,B0DHC932W2_Hat_Trucker hat 1985_40th birthday gifts women ex_12h,Delivering,US,NewEleven,B0DHC932W2_HAT_TRUCKER HAT 1985_THILE,manual,$10.00,$0.00,Dynamic bids down only,MINIMIZE_SPEND,--,,0,100%,120,0,0,0,--,0,0,0,--,--,--,0,0,0,0,--,0,--
sponsoredProducts,B0CQJZP6TK_CF_In my auntie era_auntie gift ideas ex_11h30,Delivering,US,NewEleven,B0CQJZP6TK_COFFEE GLASS_IN MY AUNTIE ERA + AUNTIE NUTRITION_THILE,manual,$10.00,$0.00,Dynamic bids down only,MINIMIZE_SPEND,--,,0,100%,62,0,0,0,--,0,0,0,--,--,--,0,0,0,0,--,0,--
sponsoredProducts,B0CQJZP6TK_CF_In my auntie era_aunt gifts ex_11h30,Delivering,US,NewEleven,B0CQJZP6TK_COFFEE GLASS_IN MY AUNTIE ERA + AUNTIE NUTRITION_THILE,manual,$10.00,$0.00,Dynamic bids down only,MINIMIZE_SPEND,--,,0,100%,28,0,0,0,--,0,0,0,--,--,--,0,0,0,0,--,0,--
sponsoredProducts,B0CYS94K31_12oz_In my forties era rose_40th birthday decorations for women_ex 12h48,Delivering,US,NewEleven,B0CYS94K31_TUMBLER 12_IN MY FORTIES ERA ROSE GOLD_NGAN,manual,$10.00,$0.00,Dynamic bids down only,NOT_SET,--,,0,100%,41,0,0,0,--,0,0,0,--,--,--,0,0,0,0,--,0,--
sponsoredProducts,"B0F18CMJ3L_Whiskey_Every Sip Tastes_retirement decorations_b,p 17h15",Delivering,US,NewEleven,B0F18CMJ3L_WHISKEY GLASS_EVERY SIP TASTES LIKE RETIRED 2025_Linh,manual,$20.00,$0.00,Dynamic bids and down,NOT_SET,--,,0,100%,4,0,0,0,--,0,0,0,--,--,--,0,0,0,0,--,0,--
sponsoredProducts,B0F18CMJ3L_Whiskey_Every Sip Tastes_retirement gifts for men 2025_ex 17h15,Delivering,US,NewEleven,B0F18CMJ3L_WHISKEY GLASS_EVERY SIP TASTES LIKE RETIRED 2025_Linh,manual,$10.00,$0.00,Dynamic bids and down,NOT_SET,--,,0.0784,100%,241,0,0,0,--,0,0,0,--,--,--,0,0,0,0,--,0,--
sponsoredProducts,"B0DH88L44J_Wine glass_Not my problem 2025_retired gifts for women_b,p 16h50",Delivering,US,NewEleven,B0DH88L44J_WINE GLASS_RETIRED 2025 NOT MY PROBLEM ANYMORE_Linh,manual,$10.00,$0.00,Dynamic bids down only,NOT_SET,--,,0.0096,100%,18,0,0,0,--,0,0,0,--,--,--,0,0,0,0,--,0,--
sponsoredProducts,B0DH88L44J_Wine glass_Not my problem 2025_retirement gifts for women 2025_ex 16h50,Delivering,US,NewEleven,B0DH88L44J_WINE GLASS_RETIRED 2025 NOT MY PROBLEM ANYMORE_Linh,manual,$10.00,$0.00,Dynamic bids down only,NOT_SET,--,,0,100%,36,0,0,0,--,0,0,0,--,--,--,0,0,0,0,--,0,--
sponsoredProducts,B0CJ2CKDR8_CF_Godmother_godmother gift_ex,Delivering,US,NewEleven,B0CJ2CKDR8_COFFEE GLASS_GODMOTHER_NGAN,manual,$5.00,$0.00,Dynamic bids down only,NOT_SET,--,,0,100%,80,0,0,0,--,0,0,0,--,--,--,0,0,0,0,--,0,--
sponsoredProducts,B0BYCT1SRJ_CF_cool aunt club_gifts for aunt_br,Delivering,US,NewEleven,B0BYCT1SRJ_COFFEE GLASS_COOL AUNT CLUB_NGAN,manual,$10.00,$0.00,Dynamic bids down only,NOT_SET,--,,0,100%,77,0,0,0,--,0,0,0,--,--,--,0,0,0,0,--,0,--
sponsoredProducts,B08R8PXYL6_12oz_Sixty fabulous rose_60th birthday gifts for women_broad,Delivering,US,NewEleven,B08R8PXYL6_TUMBLER 12_SIXTY FABULOUS ROSE GOLD_NGAN,manual,$5.00,$0.00,Dynamic bids down only,NOT_SET,--,,0,100%,26,0,0,0,--,0,0,0,--,--,--,0,0,0,0,--,0,--
sponsoredProducts,"B0F18PVLJ1_20oz_Every sip tastes_retirement decorations_b,p 17h",Delivering,US,NewEleven,B0F18PVLJ1_TUMBLER 20_EVERY SIP TASTES LIKE RETIRED 2025 BLACK_Linh,manual,$15.00,$0.00,Dynamic bids and down,NOT_SET,--,,0.0008,100%,16,0,0,0,--,0,0,0,--,--,--,0,0,0,0,--,0,--
sponsoredProducts,B0DH7YGD9Q_20oz_Vintage 1975 + weird navy_auto close 14h20,Delivering,US,NewEleven,B0DH7YGD9Q_TUMBLER 20_VINTAGE 1975 + WEIRD BEING OLD PEOPLE NAVY_Linh,auto,$25.00,$0.00,Dynamic bids down only,NOT_SET,--,,0,100%,6,0,0,0,--,0,0,0,--,--,--,0,0,0,0,--,0,--
sponsoredProducts,"B0DH7YGD9Q_20oz_Vintage 1975 + weird navy_50th birthday decorations_b,p 14h20 (TOS bid 900%)",Delivering,US,NewEleven,B0DH7YGD9Q_TUMBLER 20_VINTAGE 1975 + WEIRD BEING OLD PEOPLE NAVY_Linh,manual,$20.00,$0.00,Dynamic bids and down,MINIMIZE_SPEND,--,,0,100%,13,0,0,0,--,0,0,0,--,--,--,0,0,0,0,--,0,--
sponsoredProducts,B0F18CMJ3L_Whiskey_Every Sip Tastes_retirement_b 10h,Delivering,US,NewEleven,B0F18CMJ3L_WHISKEY GLASS_EVERY SIP TASTES LIKE RETIRED 2025_Linh,manual,$15.00,$0.00,Dynamic bids and down,NOT_SET,--,,0.0017,100%,185,0,0,0,--,0,0,0,--,--,--,0,0,0,0,--,0,--
sponsoredProducts,"B0F3C9BMFZ_Candles_Smell like_retirement gifts for men b,p_14h30",Delivering,US,NewEleven,B0F3C9BMFZ_CANDLE_SMELLS LIKE IT'S NOT MY PROBLEM ANYMORE_Linh,manual,$5.00,$0.00,Dynamic bids down only,MINIMIZE_SPEND,--,,0,100%,2,0,0,0,--,0,0,0,--,--,--,0,0,0,0,--,0,--
sponsoredProducts,B0DH87FYNN_20oz_vintage 1965 weird navy_asin 12h45,Delivering,US,NewEleven,B0DH87FYNN_TUMBLER 20_VINTAGE 1965 WEIRD BEING OLD PEOPLE NAVY_TRINH,manual,$12.00,$0.00,Dynamic bids down only,NOT_SET,--,,0.1333,100%,139,0,0,0,--,0,0,0,--,--,--,0,0,0,0,--,0,--
sponsoredProducts,"B0C9BZRC4K_CF_Cool mom club_gifts for new mom_b,p 12h10",Delivering,US,NewEleven,B0C9BZRC4K_COFFEE GLASS_COOL MOM CLUB_NGUYEN,manual,$5.00,$0.00,Dynamic bids and down,MINIMIZE_SPEND,--,,0,100%,4,0,0,0,--,0,0,0,--,--,--,0,0,0,0,--,0,--
sponsoredProducts,"B0F18PVLJ1_20oz_Every sip tastes_retired_b,p 11h",Delivering,US,NewEleven,B0F18PVLJ1_TUMBLER 20_EVERY SIP TASTES LIKE RETIRED 2025 BLACK_Linh,manual,$10.00,$0.00,Dynamic bids and down,NOT_SET,--,,0.0449,100%,82,0,0,0,--,0,0,0,--,--,--,0,0,0,0,--,0,--
sponsoredProducts,B08R8PXYL6_12oz_Sixty fabulous rose_60th birthday gifts for women_ex 11h,Delivering,US,NewEleven,B08R8PXYL6_TUMBLER 12_SIXTY FABULOUS ROSE GOLD_NGAN,manual,$5.00,$0.00,Dynamic bids down only,NOT_SET,--,,0,100%,116,0,0,0,--,0,0,0,--,--,--,0,0,0,0,--,0,--
sponsoredProducts,"B0DH7YGD9Q_20oz_Vintage 1975 + weird navy_50th birthday gifts for men_b,p 11h30 (TOS bid 900%)",Delivering,US,NewEleven,B0DH7YGD9Q_TUMBLER 20_VINTAGE 1975 + WEIRD BEING OLD PEOPLE NAVY_Linh,manual,$20.00,$0.00,Dynamic bids and down,MINIMIZE_SPEND,--,,0,100%,14,0,0,0,--,0,0,0,--,--,--,0,0,0,0,--,0,--
sponsoredProducts,B0BRB6NJCT_CF_You are dead to us_gift for coworker leaving for new job_p 10h25,Paused,US,NewEleven,B0BRB6NJCT_COFFEE GLASS_YOU ARE DEAD TO US_TRINH,manual,$5.00,$0.00,Dynamic bids down only,NOT_SET,--,,0,100%,4,0,0,0,--,0,0,0,--,--,--,0,0,0,0,--,0,--
sponsoredProducts,"B08ZYGT8SH_Apron_What happens_bbq gifts for men_b,p 12h45",Delivering,US,NewEleven,B08ZYGT8SH_APRON_WHATEVER HAPPENS_Linh,manual,$10.00,$0.00,Dynamic bids down only,NOT_SET,--,,0,100%,7,0,0,0,--,0,0,0,--,--,--,0,0,0,0,--,0,--
sponsoredProducts,B0DH7YGD9Q_20oz_Vintage 1975 + weird navy_50th birthday gifts_b 15h10,Delivering,US,NewEleven,B0DH7YGD9Q_TUMBLER 20_VINTAGE 1975 + WEIRD BEING OLD PEOPLE NAVY_Linh,manual,$10.00,$0.00,Dynamic bids and down,MINIMIZE_SPEND,--,,0,100%,309,0,0,0,--,0,0,0,--,--,--,0,0,0,0,--,0,--
sponsoredProducts,"B0DH7YGD9Q_20oz_Vintage 1975 + weird navy_50 year old gifts for men_b,p 12h40 (TOS bid 900%)",Delivering,US,NewEleven,B0DH7YGD9Q_TUMBLER 20_VINTAGE 1975 + WEIRD BEING OLD PEOPLE NAVY_Linh,manual,$20.00,$0.00,Dynamic bids and down,MINIMIZE_SPEND,--,,0,100%,9,0,0,0,--,0,0,0,--,--,--,0,0,0,0,--,0,--
sponsoredProducts,"B0DH87FYNN_20oz_vintage 1965 weird navy_1965 b,p",Delivering,US,NewEleven,B0DH87FYNN_TUMBLER 20_VINTAGE 1965 WEIRD BEING OLD PEOPLE NAVY_TRINH,manual,$8.00,$0.00,Dynamic bids down only,NOT_SET,--,,0.0196,100%,149,0,0,0,--,0,0,0,--,--,--,0,0,0,0,--,0,--
sponsoredProducts,"B0CRKR75LJ_20oz_Grandmasaurus+Grandma nutri white_gifts from grandkids b,p",Delivering,US,NewEleven,B0CRKR75LJ_TUMBLER 20_GRANDMASAURUS + GRANDMA NUTRITION  WHITE_Linh,manual,$5.00,$0.00,Dynamic bids and down,MINIMIZE_SPEND,--,,0,100%,1,0,0,0,--,0,0,0,--,--,--,0,0,0,0,--,0,--
sponsoredProducts,Brand_neweleven_all,Delivering,US,NewEleven,BRAND KEYWORD,manual,$25.00,$0.00,Dynamic bids and down,NOT_SET,--,,0,100%,52,0,0,0,--,0,0,0,--,--,--,0,0,0,0,--,0,--
sponsoredProducts,SP_B08R8R2LQF_Tumbler 20_May The Forties Be With You Black_Manual_KW_40th birthday gifts for men_b_Down,Delivering,US,NewEleven,B08R8R2LQF_TUMBLER 20_MAY THE FORTIES BE WITH YOU BLACK_TRINH,manual,$17.00,$0.00,Dynamic bids down only,NOT_SET,--,,0,100%,24,0,0,0,--,0,0,0,--,--,--,0,0,0,0,--,0,--
sponsoredProducts,[Fifty fabulous] [50th birthday gifts for women] [ex],Delivering,US,NewEleven,B089QFYLFB_TUMBLER 12_FIFTY FABULOUS ROSE GOLD_NGAN,manual,$5.00,$0.00,Dynamic bids and down,NOT_SET,--,,0,100%,176,0,0,0,--,0,0,0,--,--,--,0,0,0,0,--,0,--
sponsoredDisplay,SD_B0DGGDN9WS_Coffee Glass_Vintage 1995 + Back In 1995_Page Visits_PDP_Remarketing_Contextual,Delivering,US,NewEleven,B0DGGDN9WS_COFFEE GLASS_VINTAGE 1995 + BACK IN 1995_THILE,manual,$10.00,$0.00,,,--,,--,0%,132,0,0,0,--,0,0,0,--,--,--,0,0,0,0,--,0,--
sponsoredDisplay,SD_B0DHCGTL3R_Tumbler 20_Vintage 1955 + Weird Being Navy_Page Visits_PDP_Remarketing_Contextual,Paused,US,NewEleven,B0DHCGTL3R_TUMBLER 20_VINTAGE 1955 + WEIRD BEING NAVY_THILE,manual,$10.00,$0.00,,,--,,--,0%,298,0,0,0,--,0,0,0,--,--,--,0,0,0,0,--,0,--
