"Product";"ASIN";"SKU";"Units";"Refunds";"Sales";"Promo";"Ads";"Sponsored products (PPC)";"Sponsored Display";"Sponsored brands (HSA)";"Sponsored Brands Video";"Google ads";"Facebook ads";"% Refunds";"Sellable Quota";"Refund сost";"Amazon fees";"Cost of Goods";"Shipping";"Gross profit";"Net profit";"Estimated payout";"Expenses";"Margin";"ROI";"BSR";"Real ACOS";"Sessions";"Unit Session Percentage"
"NewEleven Retirement Gifts For Men 2025 - Coworker Leaving, Goodbye Gift, Farewell Gifts For Coworkers, Friends, Dad, Grandpa - Retirement Gift For Men From Friend, Family, Colleague - Whiskey Glass COG: 1,96 / Price: 22,98";"B0F18CMJ3L";"CU-4EWE-9UH1";"29";"";"666,42";"-5,75";"-93,81";"-93,81";"";"";"";"";"";"";"-";"";"-241,13";"-56,84";"";"268,89";"268,89";"325,73";"";"40,35";"473,06";"9 539";"14,08";"144";"20,14"
"NewEleven 50th Birthday Gifts For Men Women - 1975 50th Birthday Decorations For Him Her - Present For Men Women Turning 50 Year Old Gifts For Mom, Dad, Wife, Husband - 20 Oz Tumbler COG: 3,29 / Price: 19,98";"B0DH7YGD9Q";"EC-NYJH-0YZA";"26";"1";"519,48";"";"-127,7";"-127,7";"";"";"";"";"";"3,85";"100";"-10,58";"-193,69";"-85,54";"";"101,97";"101,97";"184,22";"";"19,63";"119,21";"3 009";"24,58";"129";"20,16"
"NewEleven Fathers Day Gift For Dad - Birthday Gifts For Dad From Daughter, Son, Kids - Husband Gift - Birthday Present Ideas For Father, New Papa, Bonus Father From Daughter, Son - 20 Oz Tumbler COG: 3,56 / Price: 19,98";"B0CG8N67SJ";"FQ-Q5JW-E8TK";"20";"";"399,6";"-19";"-77,34";"-77,34";"";"";"";"";"";"";"-";"";"-134,91";"-78,32";"";"90,03";"90,03";"168,35";"";"22,53";"114,95";"7 170";"19,35";"134";"14,93"
"NewEleven Gifts For Aunt - Aunt Gifts From Niece, Nephew - Birthday Gift For Auntie, New Aunts, Auntie, To Be Aunts - 16 Oz Coffee Glass COG: 2,58 / Price: 15,98";"B0CQJZP6TK";"FJ-K5JP-AWYT";"19";"";"287,64";"-3,2";"-40,7";"-40,7";"";"";"";"";"";"";"-";"";"-128,9";"-49,02";"";"65,82";"65,82";"114,84";"";"22,88";"134,27";"20 469";"14,15";"66";"28,79"
"NewEleven Gifts For Aunt From Niece, Nephew - Cool Gifts For Auntie, Sister - Aunty Birthday Gift - Announcement, Promoted To Aunt - 16 Oz Coffee Glass COG: 2,23 / Price: 15,98";"B0BYCT1SRJ";"LH-BSSY-KKX9";"17";"";"271,66";"-9,43";"-28,06";"-28,06";"";"";"";"";"";"";"-";"";"-128,12";"-37,91";"";"68,14";"68,14";"106,05";"";"25,08";"179,74";"30 673";"10,33";"28";"60,71"
"NewEleven Gifts For Mom, New Mother - Gifts For a Mom of Boys, Pregnant Mother, Expecting Momomy, Mama, Moms To Be, Mommy To Be - 16 Oz Coffee Glass COG: 2,8 / Price: 15,98";"B0CRVTN11L";"Y1-7KOS-V5KR";"14";"1";"223,72";"";"-64,04";"-64,04";"";"";"";"";"";"7,14";"-";"-13,18";"-106,82";"-39,2";"";"0,48";"0,48";"39,68";"";"0,21";"1,22";"9 228";"28,63";"81";"17,28"
"NewEleven 40th Birthday Gifts For Men Women - 1985 40th Birthday Decorations For Men Women - 40 Year Old Birthday Gifts For Dad, Mom, Friends Turning 40-20 Oz Tumbler COG: 4,21 / Price: 22,98";"B08R8R2LQF";"JC-JMFX-W7IY";"13";"";"298,74";"";"-40,88";"-40,88";"";"";"";"";"";"";"-";"";"-103,41";"-54,73";"";"99,72";"99,72";"154,45";"";"33,38";"182,20";"22 200";"13,68";"29";"44,83"
"NewEleven 60th Birthday Gifts For Women - 1965 60th Birthday Decorations For Woman - Turning 60-60 Year Old Gifts For Women, Mom, Wife - 20 Oz Tumbler COG: 3,26 / Price: 21,98";"B0DM63J16N";"CB-D2S7-7LAE";"13";"";"285,74";"";"-60,42";"-60,42";"";"";"";"";"";"";"-";"";"-101,11";"-42,38";"";"81,83";"81,83";"124,21";"";"28,64";"193,09";"3 011";"21,15";"76";"17,11"
"NewEleven Retirement Gift For Woman, Men 2025 - Goodbye Present, Going Away Gift, Farewell Gifts For Coworkers - Retirement Gifts For Men, Women From Colleague, Friend, Family - 20 Oz Tumbler COG: 3,5 / Price: 22,98";"B0F18PVLJ1";"WD-3UXP-TSPV";"13";"";"298,74";"";"-77,53";"-77,53";"";"";"";"";"";"";"-";"";"-108,55";"-45,5";"";"67,16";"67,16";"112,66";"";"22,48";"147,60";"12 580";"25,95";"94";"13,83"
"NewEleven Birthday Gifts For Women - Christian Gifts For Women, Her, Friends - Appreciation Present From Friend, Family - Decorative Glass Inspirational Scripture Jar With 92 Bible Verse COG: 2,62 / Price: 16,98";"B0F6M3X7LG";"9Y-C7LJ-8AVP";"11";"";"186,78";"";"-16,87";"-16,87";"";"";"";"";"";"";"-";"";"-73,81";"-28,82";"";"67,28";"67,28";"96,1";"";"36,02";"233,45";"15 307";"9,03";"49";"22,45"
"NewEleven Retirement Gifts For Woman 2025 - Funny Retirement Gifts For Coworker Leaving - Farewell, Leaving, Goodbye Gift For Coworkers, Friends - 12 Oz Tumbler COG: 4,14 / Price: 22,98";"B08ZRWW1W4";"A6-H1II-ZKFG";"10";"";"229,8";"";"-59,43";"-59,43";"";"";"";"";"";"";"-";"";"-79,53";"-41,4";"";"49,44";"49,44";"90,84";"";"21,51";"119,42";"20 451";"25,86";"57";"17,54"
"NewEleven Retirement Gift For Woman 2025 - Cool Retirement Gifts - Coworker Leaving Gifts, Farewell Presents, Retired Decorations, Farewell Goodbye Gift For Coworkers, Friends - 16 Oz Wine Glass COG: 4,48 / Price: 22,98";"B0DH88L44J";"3E-J0TV-6W9S";"10";"1";"206,82";"-2,3";"-90,08";"-90,08";"";"";"";"";"";"10,00";"50";"-15,46";"-638,35";"-44,8";"";"-584,17";"-584,17";"-543,85";"";"-282,45";"-1 303,95";"17 659";"43,55";"94";"10,64"
"NewEleven Retirement Gifts - Retirement Card For Women, Men, Boss - Coworker Leaving Gifts For Women, Happy Farewell Card, Meaningful Gift From Colleague - Greeting Card COG: 0,39 / Price: 7,99";"B0FC69GZW9";"W6-C0RK-V9ZB";"10";"";"69,9";"-1,82";"-25,69";"-25,69";"";"";"";"";"";"";"-";"";"-34,19";"-3,9";"";"4,30";"4,30";"8,2";"";"6,15";"110,26";"8 054";"36,75";"41";"24,39"
"NewEleven Funny Retirement Gifts For Men, Women - Going Away Gift, Coworker Leaving Gifts For Women, Farewell Gift For Coworkers, Boss, Colleague - Greeting Card COG: 0,39 / Price: 7,99";"B0FC69XTZ9";"B4-IRKZ-AKKE";"10";"";"79,9";"";"-39,95";"-39,95";"";"";"";"";"";"";"-";"";"-36,1";"-3,9";"";"-0,05";"-0,05";"3,85";"";"-0,06";"-1,28";"8 054";"50,00";"60";"16,67"
"NewEleven Retirement Gifts, Farewell Gift, Goodbye Present for Coworkers, New Beginnings Gifts for Women Men, Christmas Gift for Coworkers Friends Work Bestie Boss Leader - 8 Oz Candle COG: 4,99 / Price: 15,98";"B0D7HMXCSP";"UB-TA3P-4YBQ";"9";"1";"143,82";"";"";"";"";"";"";"";"";"11,11";"100";"6,09";"-68,67";"-44,91";"";"36,33";"36,33";"61,28";"";"25,26";"80,90";"70 936";"";"64";"14,06"
"NewEleven 40th Birthday Gifts For Women, Her - 1985 40th Birthday Decorations For Women - 40 Year Old Gifts For Her, Mom, Wife, Sister, Friends - 16 Oz Coffee Glass COG: 1,99 / Price: 16,98";"B0DGGDX9P5";"EI-6RN9-0Z0A";"9";"";"152,82";"";"-71,61";"-71,61";"";"";"";"";"";"";"66,67";"3,98";"-64,47";"-19,9";"";"0,82";"0,82";"16,74";"";"0,54";"4,12";"10 221";"46,86";"77";"11,69"
"NewEleven Sister Birthday Gifts - Gift For Sister, Soul Sis, Sisters In Law - Sisters Gifts From Sister, Brother, Friend, Family - Decorative Glass Scripture Jar With 92 Bible Verse COG: 2,59 / Price: 18,98";"B0F13S4HSG";"M7-LMCU-PTYK";"9";"";"170,82";"";"-84,87";"-84,87";"";"";"";"";"";"";"-";"";"-72,41";"-20,72";"";"-7,18";"-7,18";"13,54";"";"-4,20";"-34,65";"15 308";"49,68";"176";"5,11"
"NewEleven Gifts For Mom - Birthday Card For Mom From Daughter, Son, Kids, Husband - Wife Gift - Unique Present Ideas For Mother, Mother In Law, Wife, New Mama - Greeting Card COG: 0,46 / Price: 9,99";"B0F2TDMHFC";"LT-01MF-LZ2N";"9";"";"89,91";"";"-20,86";"-20,86";"";"";"";"";"";"";"-";"";"-39,58";"-3,68";"";"25,79";"25,79";"29,47";"";"28,68";"700,82";"12 101";"23,20";"24";"37,50"
"NewEleven Gifts For New Mom 2025 – Pregnancy Gifts For First Time Mom, Pregnant Mommy, Expecting Mother, Moms To Be, Mommy To Be, New Moms - 16 Oz Coffee Glass COG: 2,23 / Price: 12,99";"B0DCJM56W3";"SG-SV6L-3ILW";"8";"";"103,92";"";"-16,7";"-16,7";"";"";"";"";"";"";"-";"";"-57,12";"-17,84";"";"12,26";"12,26";"30,1";"";"11,80";"68,72";"9 228";"16,07";"34";"23,53"
"NewEleven Engagement Gifts for Couples 2025 - Gift for Newly Engaged Couples, Happy Engagement Gifts for Her, Women, Friends, Bride to Be Gift, Glass Ornament COG: 1,8 / Price: 9,99";"B0DRT3MK34";"87-ARXM-YV1I";"8";"";"79,92";"-2,1";"-20,2";"-20,2";"";"";"";"";"";"";"-";"";"-30,83";"-14,4";"";"12,39";"12,39";"26,79";"";"15,50";"86,04";"91 672";"25,28";"26";"30,77"
"NewEleven 60th Birthday Gifts For Women - 1965 Birthday Decorations For Women - Happy 60th Celebration Gifts - Gift for turning 60 For Mom, Wife, Aunt - 12 Oz Wine Tumbler COG: 3,31 / Price: 19,98";"B08R8PXYL6";"ZG-6MPB-F5JV";"7";"";"139,86";"-4,2";"-46,94";"-46,94";"";"";"";"";"";"";"100";"3,31";"-51,46";"-23,17";"";"17,40";"17,40";"37,26";"";"12,44";"75,10";"10 321";"33,56";"40";"17,50"
"NewEleven Gifts For Mom, Birthday Gifts For Mom From Daughters, Son - New Mom Gift, Mother In Law - Bible Jar For Mom - Decorative Glass Inspirational Scripture Jar with 92 Bible Verse COG: 1,99 / Price: 16,98";"B0DVSKXLS5";"UI-VXIT-1YW7";"7";"";"118,86";"";"-26,02";"-26,02";"";"";"";"";"";"";"-";"";"-48,72";"-13,93";"";"30,19";"30,19";"44,12";"";"25,40";"216,73";"15 307";"21,89";"79";"8,86"
"NewEleven Daughter Birthday Gifts - Gifts For Daughter, Daughters In Law - Daughters Birthday Gift Ideas From Mom, Dad - Decorative Glass Scripture Jar With 92 Bible Verse COG: 2,44 / Price: 17,98";"B0F13VCCMP";"CG-9LUS-K14G";"7";"";"125,86";"";"";"";"";"";"";"";"";"";"-";"";"-49,84";"-17,08";"";"58,94";"58,94";"76,02";"";"46,83";"345,08";"15 308";"";"54";"12,96"
"NewEleven Gifts For Women - Wedding Anniversary Card For Wife, Husband, Couple - Romanic Love Gifts For Boyfriend From Girlfriend, Her - Greeting Card COG: 0,42 / Price: 6,99";"B0FC5SSDXK";"D0-B6A7-C5GP";"7";"";"48,93";"";"-9,62";"-9,62";"";"";"";"";"";"";"-";"";"-24,15";"-2,94";"";"12,22";"12,22";"15,16";"";"24,97";"415,65";"23 707";"19,66";"46";"15,22"
"NewEleven 50th Birthday Gifts For Women, Her - 1975 50th Birthday Decorations - Gift For Women Turning 50-50 Year Old Gifts For Her, Mom, Wife, Friends - 12 Oz Wine Tumbler COG: 3,39 / Price: 16,98";"B089QFYLFB";"XH-ELQT-PEJ2";"6";"";"119,88";"";"-31,63";"-31,63";"";"";"";"";"";"";"-";"";"-44,69";"-20,34";"";"23,22";"23,22";"43,56";"";"19,37";"114,16";"10 321";"26,38";"38";"15,79"
"NewEleven Gifts For Him - Fishing Gifts For Men, Dad, Fisherman, Father - Practical Gift, Dad Birthday Present, Men, Husband - 20 Oz Tumbler COG: 3,66 / Price: 17,98";"B0CY4MC1GJ";"YJ-23CQ-KDB5";"6";"";"107,88";"";"-19,16";"-19,16";"";"";"";"";"";"";"-";"";"-45,12";"-21,96";"";"21,64";"21,64";"43,6";"";"20,06";"98,54";"16 144";"17,76";"33";"18,18"
"NewEleven 30th Birthday Gifts For Her Women - 1995 30th Birthday Decorations For Woman - 30 Year Old Gifts Idea For Friends, Sister - 16 Oz Coffee Glass COG: 2,11 / Price: 15,98";"B0DGGDN9WS";"SZ-GAM6-6BB0";"6";"";"95,88";"";"-27,45";"-27,45";"";"";"";"";"";"";"-";"";"-45,24";"-12,66";"";"10,53";"10,53";"23,19";"";"10,98";"83,18";"10 221";"28,63";"55";"10,91"
"NewEleven Birthday Gifts for Women - Thank You Present, Christian Gifts for Women, Mom, Teacher - Inspirational Gift for Coworker - Handmade Positive Sunflower Doll Crochet with Card COG: 0 / Price: 9,99";"B0FCLHRJ36";"0M-ATAJ-MC5Y";"6";"";"59,94";"";"-4,76";"-4,76";"";"";"";"";"";"";"-";"";"-28,68";"";"";"26,50";"26,50";"26,5";"";"44,21";"";"197 476";"7,94";"20";"30,00"
"NewEleven Fathers Day Gift For Grandpa From Granddaughter, Grandson - Birthday Present Ideas For Grandfather, New Grandfather, Promoted To Granddad, Grandchildren, Grandkids - 20 Oz Tumbler COG: 3,5 / Price: 17,98";"B0CKYJ8WLN";"FM-KSML-Z7CU";"5";"";"89,9";"";"-6,33";"-6,33";"";"";"";"";"";"";"-";"";"-37,6";"-17,5";"";"28,47";"28,47";"45,97";"";"31,67";"162,69";"7 170";"7,04";"16";"31,25"
"NewEleven 50th Birthday Gifts For Her, Women - Vintage 1975 50th Birthday Decorations For Women - 50 Year Old Present Ideas For Wife, Mom, Grandma, Aunt, Friends, Female - 16 Oz Wine Glass COG: 4,26 / Price: 12,99";"B0DH7Y6RDX";"IC-D6DJ-S9KY";"5";"";"64,95";"";"";"";"";"";"";"";"";"";"-";"";"-37,6";"-21,3";"";"6,05";"6,05";"27,35";"";"9,31";"28,40";"58 430";"";"18";"27,78"
"NewEleven 60th Birthday Gifts For Men Women - 1965 60th Birthday Decorations For Him Her - Turning 60 Year Old Gifts For Man, Woman, Mom, Dad, Wife, Husband - 20 Oz Tumbler COG: 3,31 / Price: 19,98";"B0DH87FYNN";"UM-NFPU-HUFM";"5";"1";"99,9";"-2";"-30,08";"-30,08";"";"";"";"";"";"20,00";"100";"-10,72";"-36,92";"-16,55";"";"3,63";"3,63";"13,56";"";"3,63";"21,93";"3 009";"30,11";"25";"20,00"
"NewEleven Funny Gifts For Boss - Thank You Card, Appreciation Present, Birthday Boss Gifts For Women, Men - Manager Gift From Staff, Coworker, Colleague - Greeting Card COG: 0,39 / Price: 5,99";"B0FC5XL613";"UU-WJ6M-WTFN";"5";"";"29,95";"-0,3";"";"";"";"";"";"";"";"";"-";"";"-16,35";"-1,95";"";"11,35";"11,35";"13,3";"";"37,90";"582,05";"8 054";"";"15";"33,33"
"NewEleven Gifts For Cat Mom, Cats Lover - Cat Gifts For Women - Cute Kitten Stuff, Cats Themed Gift For Women - Cute Funny Gift For Her, Best Friend - 16 Oz Coffee Glass COG: 2 / Price: 9,99";"B0BRCJ5VYH";"CZ-V369-AMB3";"4";"";"29,97";"-0,5";"";"";"";"";"";"";"";"";"-";"";"-18,66";"-8";"";"2,81";"2,81";"10,81";"";"9,38";"35,13";"51 394";"";"18";"22,22"
"NewEleven Gifts For Godmother - Will You Be My Godmother From GodChild - Pregnancy Announcement Gifts For God Mother, Godmom, Godparents - 16 Oz Coffee Glass COG: 2,15 / Price: 14,98";"B0CJ2CKDR8";"SE-AHQ6-UUXA";"4";"";"55,92";"";"-8,2";"-8,2";"";"";"";"";"";"";"-";"";"-29,2";"-8,6";"";"9,92";"9,92";"18,52";"";"17,74";"115,35";"43 965";"14,66";"17";"23,53"
"NewEleven 40th Birthday Gifts For Women - 40s Birthday Decorations For Women - 40 Year Old Gifts For Her, Sister, Mom, Daughter, Best Friend - In My Forties Era Wine Tumbler - 12 Oz Tumbler COG: 3,21 / Price: 17,98";"B0CYS94K31";"75-LNB7-IBAL";"4";"";"71,92";"";"-26,15";"-26,15";"";"";"";"";"";"";"-";"";"-28,48";"-12,84";"";"4,45";"4,45";"17,29";"";"6,19";"34,66";"10 323";"36,36";"13";"30,77"
"NewEleven 50th Birthday Gifts For Women - 1975 50th Birthday Decorations For Women - Gifts For Her Turning 50 Year Old - 20 Oz Tumbler COG: 3,31 / Price: 21,98";"B0DH7X6R1J";"YJ-F5N3-DGJ5";"4";"1";"87,92";"";"-24,8";"-24,8";"";"";"";"";"";"25,00";"-";"-19,08";"-31,12";"-13,24";"";"-0,32";"-0,32";"12,92";"";"-0,36";"-2,42";"3 009";"28,21";"36";"11,11"
"NewEleven 70th Birthday Gifts For Men Women - 1955 70th Birthday Decorations - Gifts For Men Women Turning 70-70 Year Old Gifts For Man, Woman - 20 Oz Tumbler COG: 3,32 / Price: 19,98";"B0DHCGTL3R";"DF-AWOB-F9BG";"4";"";"79,92";"";"-8,5";"-8,5";"";"";"";"";"";"";"-";"";"-29,8";"-13,28";"";"28,34";"28,34";"41,62";"";"35,46";"213,40";"3 009";"10,64";"12";"33,33"
"NewEleven Gifts For Aunt - Aunt Birthday Gifts From Niece, Newphew, Kids - Auntie Gift Ideas, Christian Gift For Aunt, Auntie - Decorative Glass Scripture Jar With 92 Bible Verse COG: 1,97 / Price: 16,98";"B0FBRBL1CQ";"O8-51RP-7R9U";"4";"";"67,92";"";"-5,33";"-5,33";"";"";"";"";"";"";"-";"";"-26,84";"-7,88";"";"27,87";"27,87";"35,75";"";"41,03";"353,68";"15 308";"7,85";"40";"10,00"
"NewEleven Gifts For Wife - Anniversary Present, Wife Birthday Gift Ideas, Christian Present For Wifes From Husband - Decorative Glass Scripture Jar With 92 Bible Verse COG: 0 / Price: 17,98";"B0FC53MMVC";"U9-FQBG-WUD3";"4";"";"71,92";"";"-67,19";"-67,19";"";"";"";"";"";"";"-";"";"-33,36";"";"";"-28,63";"-28,63";"-28,63";"";"-39,81";"";"15 307";"93,42";"49";"8,16"
"NewEleven Dog Dad Gifts For Men - Humorous Present, Cute Birthday Gifts For Dog Lovers, Husband, Him - Funny Dog Dad Card From Friend, Family - Greeting Card COG: 0,39 / Price: 6,99";"B0FC5TBFWB";"60-KN47-M9LV";"4";"";"27,96";"-1,4";"-8,53";"-8,53";"";"";"";"";"";"";"-";"";"-13,56";"-1,56";"";"2,91";"2,91";"4,47";"";"10,41";"186,54";"12 101";"30,51";"20";"20,00"
"NewEleven Dog Mom Gifts For Women - Dog Mom Card, Cute Gifts For Dog Lovers, Dogs Owners - Birthday Gift, Dogs Moms Gift From Friend, Husband, Family - Greeting Card COG: 0,39 / Price: 6,99";"B0FC5XQTBQ";"1A-JRBV-8HH8";"4";"";"27,96";"";"-8,76";"-8,76";"";"";"";"";"";"";"-";"";"-13,8";"-1,56";"";"3,84";"3,84";"5,4";"";"13,73";"246,15";"12 101";"31,33";"17";"23,53"
"NewEleven Gifts For Dog Lovers, Dogs Owners, Dog Moms, Fur Mama - Dog Mom Gifts For Women - Cute Funny Gift For Women, Best Friend, Girlfriend - 16 Oz Coffee Glass COG: 2,13 / Price: 9,99";"B0BRCG7S9H";"2R-X9LF-IOEW";"3";"";"29,97";"-0,5";"";"";"";"";"";"";"";"";"-";"";"-16,2";"-6,39";"";"6,88";"6,88";"13,27";"";"22,96";"107,67";"51 394";"";"10";"30,00"
"NewEleven Gifts For Mom - Birthday Gifts For Mom From Kids – Unique Birthday Present Ideas For Mother, New Mom, Mom To Be, Wife From Daughter, Son, Husband - 16 Oz Coffee Glass COG: 2,25 / Price: 16,98";"B0C9BZRC4K";"YM-PHWT-7K9Y";"3";"";"50,94";"";"-18,95";"-18,95";"";"";"";"";"";"";"-";"";"-23,4";"-6,75";"";"1,84";"1,84";"8,59";"";"3,61";"27,26";"33 500";"37,20";"13";"23,08"
"NewEleven Gifts For Aunt From Niece, Nephew - Cool Gifts For Aunt, New Aunts, Sister - Aunts Birthday Gift, Auntie Announcement, Promoted To Auntie, Best Aunties Ever - 20 Oz Tumbler COG: 3,56 / Price: 14,98";"B0CWTR4RFZ";"KH-DRF5-O4UX";"3";"";"44,94";"-2,25";"";"";"";"";"";"";"";"";"-";"";"-19,48";"-10,68";"";"12,53";"12,53";"23,21";"";"27,88";"117,32";"16 143";"";"4";"75,00"
"NewEleven 30th Birthday Gifts For Women - 30s Birthday Decorations - 30 Year Old Gifts For Her, Woman, Sister, Mom, Daughter, Best Friend - In My Thirties Era Glass - 16 Oz Coffee Glass COG: 2,1 / Price: 15,98";"B0CYPT8HM7";"C9-FSMU-8JV2";"3";"";"47,94";"";"-16,8";"-16,8";"";"";"";"";"";"";"100";"2,1";"-22,62";"-6,3";"";"4,32";"4,32";"8,52";"";"9,01";"68,57";"10 221";"35,04";"15";"20,00"
"NewEleven Gifts for Women Friendship - Funny Gift for Friends Female - Unique Friendship Gifts for Women, Friend, Female, Bestie, BFF, Soul Sister, Work Bestie - Candle COG: 4,55 / Price: 17,98";"B0D9L8P1XL";"1G-WJN6-34JP";"3";"";"53,94";"";"";"";"";"";"";"";"";"";"-";"";"-23,88";"-13,65";"";"16,41";"16,41";"30,06";"";"30,42";"120,22";"271 933";"";"10";"30,00"
"NewEleven 50th Birthday Gifts For Men Women - 1975 50th Birthday Decorations For Him Her - Present For Men Women Turning 50 Year Old Gifts For Mom, Dad, Wife, Husband - 20 Oz Tumbler COG: 3,45 / Price: 21,98";"B0DH83T7MF";"RP-GISO-TOFC";"3";"";"65,94";"";"";"";"";"";"";"";"";"";"-";"";"-24,54";"-10,35";"";"31,05";"31,05";"41,4";"";"47,09";"300,00";"3 009";"";"22";"13,64"
"NewEleven 40th Birthday Gifts For Men Women - 1985 40th Birthday Decorations For Him, Her - Turning 40-40 Year Old Gifts For Man, Woman, Mom, Dad, Wife, Husband - 20 Oz Tumbler COG: 3,29 / Price: 19,98";"B0DH86X93V";"Z0-L1YB-49DF";"3";"";"59,94";"";"-11,4";"-11,4";"";"";"";"";"";"";"-";"";"-22,35";"-9,87";"";"16,32";"16,32";"26,19";"";"27,23";"165,35";"3 009";"19,02";"17";"17,65"
"NewEleven 40th Birthday Gifts for Men Women - 1985 40 Year Old Gifts for Men, Women, Dad, Mom, Husband, Wife - Retro Trucker Hat COG: 1,89 / Price: 16,98";"B0DHC932W2";"HO-F3TN-5J1L";"3";"1";"50,94";"";"-8,86";"-8,86";"";"";"";"";"";"33,33";"-";"-16,4";"-25,41";"-5,67";"";"-5,40";"-5,40";"0,27";"";"-10,60";"-95,24";"128 544";"17,39";"10";"30,00"
"NewEleven Thank You Gifts for Women, Nurses, Teacher, Coworker, Friends - Gift for Women, Appreciation Present for Coworkers, Farewell, BFF, Woman, Men - Glass Christmas Ornaments COG: 1,9 / Price: 5,99";"B0DJY7689G";"2F-J6P4-R5IG";"3";"";"17,97";"";"";"";"";"";"";"";"";"";"-";"";"-11,7";"-5,7";"";"0,57";"0,57";"6,27";"";"3,17";"10,00";"362 438";"";"2";"150,00"
"NewEleven Class Of 2025 Graduation Gifts For Her, Friends - Funny Master Degree, College Graduation Gifts From Friends And Family - 16 Oz Coffee Glass COG: 2,3 / Price: 9,99";"B0DWMZXCZP";"UZ-8P0A-GPKD";"3";"";"29,97";"-1";"-2,05";"-2,05";"";"";"";"";"";"";"-";"";"-17,43";"-6,9";"";"2,59";"2,59";"9,49";"";"8,64";"37,54";"165 661";"6,84";"5";"60,00"
"NewEleven Gifts For Grandma - Christian Gift, Nana Gift, Grandma Birthday Gifts From Granddaughter, Grandson, Kids - Decorative Glass Inspirational Scripture Jar with 92 Bible Verse COG: 0 / Price: 17,98";"B0FBQZZK71";"RW-PY02-EIMY";"3";"1";"53,94";"";"-45,04";"-45,04";"";"";"";"";"";"33,33";"-";"-15,6";"-22,56";"";"";"-29,26";"-29,26";"-29,26";"";"-54,25";"";"15 307";"83,50";"55";"5,45"
"NewEleven Gifts For Husband - Husband Birthday Gift, Christian Gift For Him, Husbands - Anniversary Present For Him Hubby From Wife, Her - Decorative Glass Scripture Jar With 92 Bible Verse COG: 0 / Price: 17,98";"B0FC61VF9P";"5Y-ELMB-DGUB";"3";"";"53,94";"-2,7";"-102,9";"-102,9";"";"";"";"";"";"";"-";"";"-20,16";"";"";"-71,82";"-71,82";"-71,82";"";"-133,15";"";"15 310";"190,77";"70";"4,29"
"NewEleven 50th Birthday Gifts For Men Women - 1975 50th Birthday Decorations For Men Women - Gifts For Women Turning 50-50 Year Old Gift For Men, Woman, Mom, Dad, Wife, Husband - 20 Oz Tumbler COG: 4,65 / Price: 14,99";"B08R8SW1NM";"IW-9AEL-FYY3";"2";"";"29,98";"";"";"";"";"";"";"";"";"";"-";"";"-14,06";"-9,3";"";"6,62";"6,62";"15,92";"";"22,08";"71,18";"22 198";"";"4";"50,00"
"NewEleven 20 Oz Tumbler - Christmas Gifts for Dad from Kids COG: 4,91 / Price: 15,98";"B08ZKZ1FJK";"5O-AIII-N41X";"2";"";"31,96";"-1,6";"";"";"";"";"";"";"";"";"-";"";"-1,69";"-9,82";"";"18,85";"18,85";"28,67";"";"58,98";"191,96";"39 205";"";"2";"100,00"
"NEWELEVEN Valentines Gifts For Men - Aprons For Men With Pockets - Funny Gifts For Him - BBQ Kitchen Chef Apron COG: 3,54 / Price: 15,98";"B08ZYGT8SH";"QV-HPXT-L8DT";"2";"1";"31,96";"";"-15,59";"-15,59";"";"";"";"";"";"50,00";"100";"-11,03";"58,28";"-49,56";"";"14,06";"14,06";"60,08";"";"43,99";"28,37";"31 613";"48,78";"45";"4,44"
"NewEleven Gifts For Him, Men - Gift For Men, Women, Dad, Husband, Friend - Thank You Gifts, Appreciation Gift, Graduation Presents For Men, Nurse, Teacher, Boss, Coworker - 20 Oz Tumbler COG: 4,04 / Price: 16,98";"B0978WGWY4";"BJ-VG4K-QQW3";"2";"";"33,96";"";"";"";"";"";"";"";"";"";"-";"";"-14,72";"-8,08";"";"11,16";"11,16";"19,24";"";"32,86";"138,12";"7 170";"";"21";"9,52"
"NewEleven Gift For Brother From Sister, Bro - Best Birthday Gift For Big, Little Brother, Siblings, Brothers In Law - Funny Gag Gifts For Men - 20 Oz Tumbler COG: 4,4 / Price: 19,98";"B09792XF8F";"CC-VIYV-1LFP";"2";"";"39,96";"";"";"";"";"";"";"";"";"";"-";"";"-3,27";"-8,8";"";"27,89";"27,89";"36,69";"";"69,79";"316,93";"16 146";"";"19";"10,53"
"NewEleven Gifts For Men, Women - Funny Gag Gifts Ideas For Dad, Mom, Grandpa, Grandma, Husband, Wife, Uncle, Him - 40th 50th 60th 70th 80th Birthday Gifts For Men Women – 20 Oz Tumbler COG: 3,65 / Price: 15,98";"B0CDLQGPKC";"38-P9JP-4W92";"2";"";"31,96";"";"";"";"";"";"";"";"";"";"-";"";"-14,38";"-7,3";"";"10,28";"10,28";"17,58";"";"32,17";"140,82";"3 009";"";"13";"15,38"
"NewEleven Gifts For Aunt From Niece, Nephew - Cool Gifts For New Aunt, Auntie, Sister - Auntie Birthday Gift - Announcement, Promoted To Aunty - 16 Oz Coffee Glass COG: 2,4 / Price: 14,98";"B0CJ2CNDQT";"92-KAM5-CE6S";"2";"";"29,96";"";"";"";"";"";"";"";"";"";"100";"4,8";"-14,06";"-4,8";"";"15,90";"15,90";"15,9";"";"53,07";"331,25";"30 673";"";"15";"13,33"
"NewEleven Fathers Day Gift For Dad - Birthday Gifts For Dad From Kids - Husband Gift - Birthday Present Ideas For Father, Husband, New Papa, Bonus Father From Daughter, Son - 20 Oz Tumbler COG: 3,44 / Price: 19,98";"B0CM5RJ8VD";"1J-71GS-RJFC";"2";"";"39,96";"";"";"";"";"";"";"";"";"";"-";"";"-14,9";"-6,88";"";"18,18";"18,18";"25,06";"";"45,50";"264,24";"7 170";"";"30";"6,67"
"NewEleven Gifts For Friends, Bestie – Work Bestie Presents For Women Friends - Appreciation Gifts For Coworkers, Unique Present Ideas For Coworker Leaving, Farewell Party – 16 Oz Coffee Glass COG: 2,55 / Price: 15,98";"B0CXXJ751C";"7X-5K3W-K6CS";"2";"";"31,96";"";"-12,25";"-12,25";"";"";"";"";"";"";"-";"";"-16,02";"-5,1";"";"-1,41";"-1,41";"3,69";"";"-4,41";"-27,65";"20 816";"38,33";"29";"6,90"
"NewEleven House Warming Gifts, New Home Ornament 2025, Dream Home Gift Ideas Decor - Welcome Home Gifts, Housewarming Gift New Home, Best Housewarming Presents 2025 - Glass Ornament COG: 2,33 / Price: 9,99";"B0DPM5JXP7";"BK-7AQP-YXO7";"2";"";"19,98";"";"-12,45";"-12,45";"";"";"";"";"";"";"-";"";"-9,12";"-4,66";"";"-6,25";"-6,25";"-1,59";"";"-31,28";"-134,12";"91 664";"62,31";"17";"11,76"
"NewEleven Fathers Day Gift For Dad, Birthday Gifts For Dad From Daughter, Son - New Dad Gift, Bible Jar For Father - Decorative Glass Inspirational Scripture Jar with 92 Bible Verse COG: 2,14 / Price: 16,98";"B0DVSKBSWN";"GE-UCH3-MNIE";"2";"";"33,96";"";"";"";"";"";"";"";"";"";"-";"";"10,04";"-4,28";"";"39,72";"39,72";"44";"";"116,96";"928,04";"15 308";"";"43";"4,65"
"NewEleven Birthday Gifts For Mom, Funny Card Gifts For Mom, Awesome Mommy Present From Daughter, Best Mother's Day Gift Idea For Wife, Sister - Humorous Greeting Card COG: 0,45 / Price: 9,99";"B0F2T4JDF7";"AU-GMLU-KG6Z";"2";"";"19,98";"";"-6,36";"-6,36";"";"";"";"";"";"";"-";"";"-7,88";"-0,9";"";"4,84";"4,84";"5,74";"";"24,22";"537,78";"12 101";"31,83";"23";"8,70"
"NewEleven Funny Gifts For Mom, Mothers Day Card For Mom From Daughter, Kids On Mother's Day - Funny Mothers Day Gifts, Birthday Present, Humorous Greeting Cards For Mother COG: 0,42 / Price: 7,99";"B0F2TC6CP7";"GI-HLHH-RG89";"2";"";"15,98";"-0,8";"";"";"";"";"";"";"";"";"-";"";"-7,08";"-0,84";"";"7,26";"7,26";"8,1";"";"45,43";"864,29";"12 101";"";"10";"20,00"
"NewEleven Gift For Brother - Brother Birthday Gifts, Christian Gifts For Little, Adult Bro, Sibling - Meaningful Gift For Brothers From Sister, Family - Bible Jar COG: 2,62 / Price: 18,98";"B0F7XCP31P";"JB-RJTD-OQ2R";"2";"";"37,96";"";"";"";"";"";"";"";"";"";"-";"";"-14,08";"-5,24";"";"18,64";"18,64";"23,88";"";"49,10";"355,73";"15 307";"";"28";"7,14"
"NewEleven Gifts For Men - Romantic Gifts For Boyfriend, Husband, Him - Couple Gift Cards, Anniversary Card For Husband From Wife, Her - Greeting Card COG: 0,42 / Price: 6,99";"B0FC5Q3KVJ";"BP-IWCY-92GM";"2";"";"13,98";"-0,7";"";"";"";"";"";"";"";"";"-";"";"-6,78";"-0,84";"";"5,66";"5,66";"6,5";"";"40,49";"673,81";"23 709";"";"8";"25,00"
"NewEleven Funny Boss Gifts - Appreciaton Card, Boss Birthday Card For Men, Women, Manager - Supervisor Gifts For Women From Coworker, Colleague - Greeting Card COG: 0,39 / Price: 4,99";"B0FC5TLHKZ";"RT-64X6-JD53";"2";"";"9,98";"-0,25";"";"";"";"";"";"";"";"";"-";"";"-6,19";"-0,78";"";"2,76";"2,76";"3,54";"";"27,66";"353,85";"8 054";"";"13";"15,38"
"NewEleven Dog Mom Gifts For Women - Funny Dog Dad Gift, Cute Card For Dog Lover - Birthday Cards, Dog Dad Gifts For Men From Wife, Her, Friend - Greeting Card COG: 0,39 / Price: 6,99";"B0FC65Z1KQ";"ZM-69AN-C3J3";"2";"";"13,98";"";"-4,8";"-4,8";"";"";"";"";"";"";"-";"";"-6,9";"-0,78";"";"1,50";"1,50";"2,28";"";"10,73";"192,31";"12 081";"34,33";"13";"15,38"
"NewEleven Cat Mom Gifts For Women - Cat Birthday Card, Funny Gift For Cat Lover, Cat Mom, Her - Cat Lover Gifts For Women From Friend, Family - Greeting Card COG: 0,39 / Price: 6,99";"B0FC6CY15S";"5P-CAQZ-6FK5";"2";"";"13,98";"-0,35";"-9,7";"-9,7";"";"";"";"";"";"";"-";"";"-6,84";"-0,78";"";"-3,69";"-3,69";"-2,91";"";"-26,39";"-473,08";"12 081";"69,38";"13";"15,38"
"NewEleven Gifts For Mom - Heartfelt Message, Birthday Card For Mom From Daughter, Son, Kids - Meaningful Gift, Unique Present For Mother - Greeting Card COG: 0,39 / Price: 5,99";"B0FC6DJMD9";"1E-URHL-R626";"2";"";"11,98";"-0,3";"";"";"";"";"";"";"";"";"-";"";"-6,51";"-0,78";"";"4,39";"4,39";"5,17";"";"36,64";"562,82";"12 101";"";"13";"15,38"
"NewEleven Wedding Gifts For Couples 2025 - Funny Wedding Card For Bride And Groom, Newly Wed Gifts For Couple - Meaningful Present From Friend And Family - Greeting Card COG: 0,39 / Price: 4,99";"B0FC6DQZCQ";"DP-MOZ6-JMS1";"2";"";"9,98";"-0,5";"";"";"";"";"";"";"";"";"-";"";"-6,84";"-0,78";"";"1,86";"1,86";"2,64";"";"18,64";"238,46";"23 709";"";"12";"16,67"
"NewEleven 40th Birthday Gifts For Women - 40th Birthday Decorations For Women, Her - Best 40 Year Old Gifts Ideas For Wife, Mom, Friends, Sister - Turning 40 Presents For Female - 12 Oz Tumbler COG: 3,87 / Price: 14,99";"B089QFK8NV";"6O-P3K0-CFHN";"1";"";"14,99";"";"";"";"";"";"";"";"";"";"-";"";"-6,63";"-3,87";"";"4,49";"4,49";"8,36";"";"29,95";"116,02";"10 323";"";"9";"11,11"
"NewEleven Gifts For Men, Dad, Husband, Him - Aprons For Men With Pockets - Funny Gifts For Men, Dad, Husband, Boyfriend, Him, Brother, Uncle - Grill Cooking BBQ Kitchen Chef Apron COG: 3,92 / Price: 15,98";"B08CDFWN1Q";"T7-POTQ-PD13";"1";"";"15,98";"";"";"";"";"";"";"";"";"";"-";"";"-6,37";"-3,92";"";"5,69";"5,69";"9,61";"";"35,61";"145,15";"31 616";"";"18";"5,56"
"NewEleven Coworker Leaving Gifts - Farewell Gifts, Going Away Gift For Coworker - New Job, Goodbye, Good Luck Gift For Coworkers, Colleagues, Boss, Men, Women, Friends - 20 Oz Tumbler COG: 4,63 / Price: 19,98";"B092HNBJT6";"W7-BHYY-1NZC";"1";"";"19,98";"";"-16,33";"-16,33";"";"";"";"";"";"";"-";"";"5,38";"-4,63";"";"4,40";"4,40";"9,03";"";"22,02";"95,03";"22 717";"81,73";"36";"2,78"
"NewEleven Retirement Gifts For Woman 2025 - Retired Gift For Coworker Leaving - Farewell, Goodbye Presents For Women, Coworkers, Friends - 20 Oz Tumbler COG: 5,1 / Price: 17,98";"B095S16WV3";"VG-MZ2S-KBWR";"1";"";"17,98";"";"";"";"";"";"";"";"";"";"-";"";"-7,12";"-5,1";"";"5,76";"5,76";"10,86";"";"32,04";"112,94";"45 943";"";"3";"33,33"
"NewEleven Christmas Gift For Dad - Birthday Gifts For Dad From Daughter, Son, Kids - Husband Gifts - Birthday Present Ideas For Father, Husband, New Dad, Bonus Dad From Daughter, Son - 20 Oz Tumbler COG: 4,56 / Price: 19,98";"B097B9SY89";"9A-2WJB-A3US";"1";"";"19,98";"";"";"";"";"";"";"";"";"";"-";"";"-7,85";"-4,56";"";"7,57";"7,57";"12,13";"";"37,89";"166,01";"39 205";"";"2";"50,00"
"Neweleven Replacement Lid For 20 Oz NewEleven Tumbler - Pack of 2 lids COG: 0,96 / Price: 9,98";"B0995JRMHP";"O1-FU7J-W72I";"1";"";"9,98";"";"";"";"";"";"";"";"";"";"-";"";"-4,56";"-0,96";"";"4,46";"4,46";"5,42";"";"44,69";"464,58";"171 392";"";"1";"100,00"
"NewEleven 20 Oz Tumbler - Farewell Gift for Coworker, BPA-Free Stainless Steel Drinking Cup, Double Wall Vacuum Insulation, Going Away Gift for Men Women, Good Luck Gifts COG: 4,44 / Price: 19,98";"B09XDFF8FF";"HR-LSGT-JYQH";"1";"";"19,98";"";"-5,79";"-5,79";"";"";"";"";"";"";"-";"";"2,69";"-4,44";"";"12,44";"12,44";"16,88";"";"62,26";"280,18";"45 289";"28,98";"353";"0,28"
"NewEleven Retirement Gifts For Woman 2025 - Happy Retirement Gifts For Coworker Leaving - Farewell, Goodbye Presents For Women, Coworkers, Friends - 20 Oz Tumbler COG: 4,82 / Price: 19,98";"B09XDFLNR8";"74-78DN-W52B";"1";"1";"19,98";"";"";"";"";"";"";"";"";"100,00";"-";"-17,34";"-7,85";"-4,82";"";"-10,03";"-10,03";"-5,21";"";"-50,20";"-208,09";"45 943";"";"1";"100,00"
"NEWELEVEN 16 Oz Coffee Glass - Mama Needs Coffee - Transparent Glass - Reusable - 16 oz - Casual - Cold Drinks - Christmas, Mother's Day, Birthday - 1 Count COG: 2,55 / Price: 16,99";"B0B9SF2R4R";"SB-OEYK-4VNP";"1";"";"16,99";"";"";"";"";"";"";"";"";"";"-";"";"-7,8";"-2,55";"";"6,64";"6,64";"9,19";"";"39,08";"260,39";"33 500";"";"4";"25,00"
"NewEleven Gifts For Mom - Present For Mom From Daughter, Son, Kids - Unique Birthday Gifts For Mother, New Mom, Mommy, Pregnancy - 16 Oz Coffee Glass COG: 2,82 / Price: 13,99";"B0BHWDNYVL";"CW-5CAB-L7CZ";"1";"";"13,99";"";"";"";"";"";"";"";"";"";"-";"";"-7,3";"-2,82";"";"3,87";"3,87";"6,69";"";"27,66";"137,23";"33 500";"";"4";"25,00"
"NewEleven Coworker Leaving Gifts - Gifts For Coworker Farewell, Going Away, Goodbye, New Job - Good Luck Presents For Friends, Boss, Women, Work Bestie – 16 Oz Coffee Glass COG: 2,42 / Price: 14,98";"B0BRB6NJCT";"MF-GYAU-GTQX";"1";"";"15,98";"";"";"";"";"";"";"";"";"";"-";"";"-7,19";"-2,42";"";"6,37";"6,37";"8,79";"";"39,86";"263,22";"20 816";"";"28";"3,57"
"NewEleven Gifts For Her - Cow Gifts For Women - Stuff For Cow Lovers - Cute Funny Birthday Gift For Women, Best Friend, Sister, Daughter, Coworker - 16 Oz Coffee COG: 2,29 / Price: 14,98";"B0C242DYT4";"OX-EHPQ-U3LT";"1";"";"14,98";"";"";"";"";"";"";"";"";"";"-";"";"-7,47";"-2,29";"";"5,22";"5,22";"7,51";"";"34,85";"227,95";"137 503";"";"1";"100,00"
"NewEleven Gifts For Sister From Sister, Brother - Unique Birthday Present For Sisters, Soul Sis, Big, Little Sisters, Sis In Law, Sibling, Bestie - 16 Oz Coffee Glass COG: 2,13 / Price: 16,98";"B0C9C5VX7S";"T8-BRCL-CEUK";"1";"";"16,98";"";"";"";"";"";"";"";"";"";"-";"";"-7,71";"-2,13";"";"7,14";"7,14";"9,27";"";"42,05";"335,21";"78 990";"";"11";"9,09"
"NewEleven Gifts For Aunt From Niece, Nephew - Cool Gifts For Aunt, New Auntie, Sister - Aunty Birthday Gift, Announcement, Promoted To Auntie, Best Aunty Ever - 20 Oz Tumbler COG: 3,83 / Price: 15,98";"B0C9D2PHMH";"GX-USB4-E6T8";"1";"";"15,98";"";"";"";"";"";"";"";"";"";"-";"";"-7,19";"-3,83";"";"4,96";"4,96";"8,79";"";"31,04";"129,50";"16 146";"";"3";"33,33"
"NewEleven Gifts For Friends, Bestie – Work Bestie Presents For Women Friends - Appreciation Gifts For Coworkers, Unique Present Ideas For Coworker Leaving, Farewell Party – 16 Oz Coffee Glass COG: 2,17 / Price: 14,98";"B0CBJQZCFY";"2D-H3QH-UR6F";"1";"";"14,98";"";"";"";"";"";"";"";"";"";"-";"";"-6,63";"-2,17";"";"6,18";"6,18";"8,35";"";"41,26";"284,79";"20 816";"";"11";"9,09"
"NewEleven Gifts For Nurse - Nurse Gift For Women - Caregiver Appreciation Gifts, Nursing Student, Nurses Practitioner - RN Gift For Nurses Women - 16 Oz Coffee Glass COG: 2,33 / Price: 9,99";"B0CBJR253J";"DM-ZO4D-MA58";"1";"";"9,99";"";"";"";"";"";"";"";"";"";"-";"";"-5,43";"-2,33";"";"2,23";"2,23";"4,56";"";"22,32";"95,71";"44 653";"";"10";"10,00"
"NewEleven Gifts For Book Lovers - Book Lovers Gifts For Women, Her, Friends - Book Accessories, Bookish Gifts For Writers, Readers, Librarian, Bookaholic, Bookworm – 16 Oz Coffee Glass COG: 2,03 / Price: 13,98";"B0CCDLWRTD";"68-JFET-D7YN";"1";"";"13,98";"";"-11,47";"-11,47";"";"";"";"";"";"";"-";"";"-6,86";"-2,03";"";"-6,38";"-6,38";"-4,35";"";"-45,64";"-314,29";"86 458";"82,05";"14";"7,14"
"NEWELEVEN Christmas Book Lovers Gifts for Women, Friends - Bookshelf Cup, Accessories for Writers, Readers, Librarian, Bookaholic, Bookworm - 16 Oz Coffee Glass COG: 2,22 / Price: 9,99";"B0CKYMNV39";"QE-7AYT-7B4M";"1";"";"9,99";"";"";"";"";"";"";"";"";"";"-";"";"-5,87";"-2,22";"";"1,90";"1,90";"4,12";"";"19,02";"85,59";"49 595";"";"10";"10,00"
"NewEleven Gifts For Brothers From Sister, Bro - Best Birthday Gift For Big, Little Brother, Siblings, Brothers In Law, Men - 20 Oz Tumbler Navy COG: 3,69 / Price: 19,98";"B0CN926PG1";"1O-O788-ZCZU";"1";"";"19,98";"-1";"";"";"";"";"";"";"";"";"-";"";"-7,69";"-3,69";"";"7,60";"7,60";"11,29";"";"38,04";"205,96";"16 143";"";"6";"16,67"
"NewEleven Gifts For Grandma - Grandma Gifts From Granddaughter, Grandson - Birthday Gift For Grandmother, Nana, Gigi, Mimi, Grammy From Grandchildren, Grandchild - 20 Oz Tumbler COG: 3,62 / Price: 17,98";"B0CQ2K12H3";"RR-GSRH-DCUL";"1";"";"17,98";"";"";"";"";"";"";"";"";"";"-";"";"-3,5";"-3,62";"";"10,86";"10,86";"14,48";"";"60,40";"300,00";"7 170";"";"4";"25,00"
"NewEleven Gifts For Grandma - Grandmother Birthday Gifts, Gift for Grandma From Granddaughter Grandson - Presents For Nana, Gigi, Mimi, Grammy, New Grandmother - 20 Oz Tumbler COG: 3,5 / Price: 16,98";"B0CRKR75LJ";"XF-QHNV-2YN6";"1";"";"16,98";"";"";"";"";"";"";"";"";"";"-";"";"-6,96";"-3,5";"";"6,52";"6,52";"10,02";"";"38,40";"186,29";"7 170";"";"9";"11,11"
"NewEleven Birthday Gifts For Women - Funny Gag Gifts Ideas For Mom, Grandma, Wife, Her, Sister, Coworker - 40th 50th 60th 70th 80th Birthday Gifts For Women – 20 Oz Tumbler COG: 3,48 / Price: 15,98";"B0CT8JTMF8";"T3-8QDV-BD6U";"1";"";"15,98";"";"";"";"";"";"";"";"";"";"-";"";"-6,79";"-3,48";"";"5,71";"5,71";"9,19";"";"35,73";"164,08";"3 009";"";"10";"10,00"
"NewEleven Retirement Gifts For Women 2025 - Happy Retirement Party Decorations - Coworker Leaving Gifts, Farewell Gift, Goodbye Gift For Coworkers, Friends - 16 Oz Wine Glass COG: 4,41 / Price: 23,98";"B0CWNTN1JN";"XL-MR6A-RPZ5";"1";"1";"23,98";"";"";"";"";"";"";"";"";"100,00";"-";"-20,81";"-9,33";"-4,41";"";"-10,57";"-10,57";"-6,16";"";"-44,08";"-239,68";"17 657";"";"16";"6,25"
"NewEleven Gifts For Him, Men - Fishing Gifts For Men, Dad, Cup Gift For Fisherman, Father - Dad Birthday Gift From Wife, Kids - 20 Oz Tumbler COG: 3,41 / Price: 17,98";"B0CY4HY9KC";"KK-1KUK-ZBSZ";"1";"";"17,98";"";"";"";"";"";"";"";"";"";"-";"";"-7,8";"-3,41";"";"6,77";"6,77";"10,18";"";"37,65";"198,53";"16 143";"";"6";"16,67"
"NewEleven 21st Birthday Gifts For Women, Her - 2004 Birthday Decorations - 21 Year Old Gifts Ideas For Women, Her, Daughter, Sister, Best Friends - 16 Coffee Glass COG: 3,66 / Price: 16,98";"B0D39T2MVK";"73-AOV6-10DJ";"1";"";"16,98";"";"";"";"";"";"";"";"";"";"-";"";"-7,71";"-3,66";"";"5,61";"5,61";"9,27";"";"33,04";"153,28";"10 222";"";"6";"16,67"
"NewEleven 60th Birthday Gifts For Men Women - 1965 60th Birthday Decorations For Him Her - Turning 60 Year Old Gifts For Man, Woman, Mom, Dad, Wife, Husband - 20 Oz Tumbler COG: 3,35 / Price: 21,98";"B0DHCFTYVW";"06-AGXV-L5EK";"1";"";"21,98";"";"";"";"";"";"";"";"";"";"-";"";"-7,78";"-3,35";"";"10,85";"10,85";"14,2";"";"49,36";"323,88";"3 011";"";"9";"11,11"
"NewEleven Gifts for Friends, BFF, Coworker for Women, Appreciation Gifts, Thank You for Women - Best Friend Birthday Gift - Glass Christmas Ornament 2025 COG: 2 / Price: 7,99";"B0DJY2BVJB";"R8-Q5WC-138Q";"1";"";"7,99";"";"";"";"";"";"";"";"";"";"-";"";"-4,23";"-2";"";"1,76";"1,76";"3,76";"";"22,03";"88,00";"454 419";"";"2";"50,00"
"NewEleven Engagement Gifts for Couples 2024 - First Christmas Engaged Gifts for Her - Engagement Gift for Newly Engaged Couples, Her, Women, Friends, Bride to Be Gift, Glass Christmas Ornaments COG: 2,09 / Price: 7,99";"B0DK16SMD9";"Q6-R02W-6Y1G";"1";"";"7,99";"";"";"";"";"";"";"";"";"";"-";"";"-4,23";"-2,09";"";"1,67";"1,67";"3,76";"";"20,90";"79,90";"91 660";"";"10";"10,00"
"NewEleven 1985 40th Birthday Gifts For Women - 40 Year Old Birthday Gifts Idea For Women, Her, Mom, Wife - Turning 40 Gift For Woman - 20 Oz Tumbler COG: 3,58 / Price: 21,98";"B0DM61B4F2";"1Y-PY2P-6Q4W";"1";"";"21,98";"";"-5,23";"-5,23";"";"";"";"";"";"";"-";"";"-7,78";"-3,58";"";"5,39";"5,39";"8,97";"";"24,52";"150,56";"3 011";"23,79";"19";"5,26"
"NewEleven 50th Birthday Gifts for Her COG: 2,2 / Price: 4,99";"B0DQ8L1DQW";"5L-JJQW-3R4J";"1";"";"4,99";"";"";"";"";"";"";"";"";"";"-";"";"-3,96";"-2,2";"";"-1,17";"-1,17";"1,03";"";"-23,45";"-53,18";"454 438";"";"";""
"NewEleven Engagement Gifts for Couples 2025 - Gift for Newly Engaged Couples, Happy Engagement Gifts for Her, Women, Friends, Bride to Be Gift, Glass Christmas Ornaments COG: 2,1 / Price: 9,99";"B0DR1SNKVX";"4L-EMQE-OQ2Y";"1";"";"9,99";"";"";"";"";"";"";"";"";"";"-";"";"-4,56";"-2,1";"";"3,33";"3,33";"5,43";"";"33,33";"158,57";"91 672";"";"3";"33,33"
"NewEleven Nurse Gifts For Women, Nursing Student, Nurses Practitioner, Registered Nurse - Gifts For Nurses From Friend, Family And Coworker - 16 Oz Coffee Glass COG: 2,43 / Price: 9,99";"B0DWN3SH33";"C0-X5FU-OU85";"1";"";"9,99";"";"-1,98";"-1,98";"";"";"";"";"";"";"-";"";"-6,13";"-2,43";"";"-0,55";"-0,55";"1,88";"";"-5,51";"-22,63";"44 653";"19,82";"11";"9,09"
"NewEleven Coworker Gifts For Women, Men - Funny Best Friend Present For Work Bestie, Boss, Friends - Gift For Boss, Employer, Bestfriend Gag Gift From Colleague, Friends - 20 Oz Tumbler COG: 0 / Price: 19,98";"B0F6M1XX87";"51-MNGA-I4QG";"1";"";"19,98";"";"";"";"";"";"";"";"";"";"-";"";"-7,45";"";"";"12,53";"12,53";"12,53";"";"62,71";"";"12 580";"";"42";"2,38"
"NewEleven Best Friend Birthday Gifts For Women - Best Friend Gift For Her, Him - Bestie Gift, Christian Present From Friends - Decorative Glass Inspirational Scripture Jar with 92 Bible Verse COG: 2,62 / Price: 17,98";"B0F8VPS7QN";"FY-G9UN-GE5E";"1";"";"17,98";"";"";"";"";"";"";"";"";"";"-";"";"-6,87";"-2,62";"";"8,49";"8,49";"11,11";"";"47,22";"324,05";"15 307";"";"17";"5,88"
"NewEleven Best Friends Gift - Heartfelt Message, Birthday Card For Friend - Best Friend Birthday Gifts For Women, Men, Meaningful Gift From Friends - Greeting Card COG: 0,39 / Price: 7,99";"B0FC6158DB";"6B-3XRW-U6OQ";"1";"";"7,99";"";"";"";"";"";"";"";"";"";"-";"";"-3,61";"-0,39";"";"3,99";"3,99";"4,38";"";"49,94";"1 023,08";"8 082";"";"21";"4,76"
"NewEleven Gift For Boss - Thank You Boss Gifts For Women, Men, Leader - Meaningful Present, Appreciation Gifts For Boss From Coworker, Staff - Greeting Card COG: 0,39 / Price: 5,99";"B0FC65ZB93";"S6-VP1K-5XOQ";"1";"";"5,99";"";"";"";"";"";"";"";"";"";"-";"";"-3,28";"-0,39";"";"2,32";"2,32";"2,71";"";"38,73";"594,87";"8 054";"";"15";"6,67"
"NewEleven Going Away Gift - Farewell Gifts For Coworkers, Boss - Coworker Leaving Gifts For Women, Goodbye Gift Card For Colleague, Work Bestie - Greeting Card COG: 0,39 / Price: 7,99";"B0FC686CQV";"27-N5JD-WKOZ";"1";"";"7,99";"";"";"";"";"";"";"";"";"";"-";"";"-3,61";"-0,39";"";"3,99";"3,99";"4,38";"";"49,94";"1 023,08";"8 082";"";"12";"8,33"
"NewEleven Retirement Gift For Woman, Men - Heartfelt Message, Retirement Card For Boss, Friend - Coworker Leaving Gifts For Women From Friends, Colleague - Greeting Card COG: 0,39 / Price: 5,99";"B0FC69Q8BS";"ZB-KCAW-W2E3";"1";"";"6,99";"";"";"";"";"";"";"";"";"";"-";"";"-3,45";"-0,39";"";"3,15";"3,15";"3,54";"";"45,06";"807,69";"8 054";"";"18";"5,56"
"NewEleven Retirement Gift For Woman - Retirement Card For Women, Men, Boss - Funny Retirements Gifts For Men, Farewell Gifts For Coworkers From Work Bestie, Colleague - Greeting Card COG: 0,39 / Price: 5,99";"B0FC69R4PK";"A9-HSHI-ATQO";"1";"";"5,99";"";"-16,31";"-16,31";"";"";"";"";"";"";"-";"";"-3,28";"-0,39";"";"-13,99";"-13,99";"-13,6";"";"-233,56";"-3 587,18";"8 082";"272,29";"29";"3,45"
"NewEleven Retirement Card For Woman, Men - Funny Retirement Present, Goodbye Gifts For Coworkers, Farewell Gifts For Men, Boss From Coworker - Greeting Card COG: 0,39 / Price: 5,99";"B0FC6B7XH2";"XL-UV7U-G4EA";"1";"";"5,99";"";"";"";"";"";"";"";"";"";"-";"";"-3,28";"-0,39";"";"2,32";"2,32";"2,71";"";"38,73";"594,87";"8 082";"";"18";"5,56"
"NewEleven Teacher Thank You Cards - Teachers Appreciation Gifts, Heartfelt Messeage, Meaningful Thank You Teacher Gifts From Student, Kids - Greeting Card COG: 0,39 / Price: 4,99";"B0FC6CL2XN";"DM-O5C7-TN8L";"1";"";"4,99";"";"-4,97";"-4,97";"";"";"";"";"";"";"-";"";"-3,12";"-0,39";"";"-3,49";"-3,49";"-3,1";"";"-69,94";"-894,87";"8 082";"99,60";"17";"5,88"
"NewEleven Wedding Gifts For Couples 2025 - Heartfelt Message, Meaningful Wedding Card For Bride, Groom - Newly Wed Gifts For The Couple From Friend, Family - Greeting Card COG: 0,39 / Price: 5,99";"B0FC6DL8X8";"XK-EXGK-T2H0";"1";"";"5,99";"";"";"";"";"";"";"";"";"";"-";"";"-3,28";"-0,39";"";"2,32";"2,32";"2,71";"";"38,73";"594,87";"23 736";"";"12";"8,33"
"NewEleven Engagement Gifts For Couples - Happy Wedding Cards For Bride And Groom - Romantic Present, Congratulation Wedding Gifts From Friend, Family - Greeting Card COG: 0,39 / Price: 6,99";"B0FC6FNMMD";"TU-XEZX-HS89";"1";"";"6,99";"";"";"";"";"";"";"";"";"";"-";"";"-3,45";"-0,39";"";"3,15";"3,15";"3,54";"";"45,06";"807,69";"23 709";"";"12";"8,33"
"NewEleven Gifts For Mom - Gifts For Mother, Women, Wife - Funny Best Birthday Gift Ideas For Wife, New Mama, Bonus Mama, Mom To Be, Mother In Law - 12 Oz Tumbler COG: 3,76 / Price: 15,98";"B07Y7ZQ265";"F1-10S9-NASK";"";"";"";"";"";"";"";"";"";"";"";"";"-";"";"";"";"";"";"";"";"";"";"";"10 321";"";"7";""
"NewEleven Fathers Day Gift For Dad From Daughter, Son, Kids - Birthday Gift For Dad, Husband, Men - Best Present Idea For Father, Husband, Bonus Father From Daughter, Son, Wife - 20 Oz Tumbler COG:  / Price: 0";"B088GX79HT";"";"";"";"";"";"";"";"";"";"";"";"";"";"-";"";"";"";"";"";"";"";"";"";"";"39 205";"";"3";""
"NEWELEVEN Coworker Leaving Gift - Farewell, Going Away, New Job, Goodbye, Good Luck for Colleagues, Boss, Men, Women, Friends - 20 Oz Tumbler COG: 4,76 / Price: 19,98";"B08Y8RZRHG";"31-PNFY-F78S";"";"";"";"";"";"";"";"";"";"";"";"";"-";"";"";"";"";"";"";"";"";"";"";"22 719";"";"3";""
"NewEleven Fathers Day Gift For Grandpa From Granddaughter, Grandson - Birthday Present Ideas For Grandfather, New Grampa, Promoted To Grandfather, Grandchildren, Grandkid - 20 Oz Tumbler COG: 4,77 / Price: 19,98";"B094CFGN42";"DW-NMEH-X37K";"";"";"";"";"";"";"";"";"";"";"";"";"-";"";"";"";"";"";"";"";"";"";"";"39 205";"";"3";""
"NewEleven Gifts For Mom From Daughter, Son, Kids - Unique Birthday Gift For Mom Wife, New Mother, Bonus Mama, Pregnant Mama - Funny Gifts Ideas For Mum - 20 Oz Tumbler COG: 4,2 / Price: 16,98";"B097B9H21P";"YP-SEHP-8NOP";"";"";"";"";"";"";"";"";"";"";"";"";"-";"";"";"";"";"";"";"";"";"";"";"7 170";"";"14";""
"NewEleven Gift For Uncle From Niece, Nephew - Funny Unkie Gift, Uncle Birthday Gifts - Best Present For New Uncles, Funcle, Unky Announcement - 20 Oz Tumbler COG: 4,29 / Price: 19,98";"B097H6PJCN";"C5-L2Z6-TAT4";"";"";"";"";"";"";"";"";"";"";"";"";"-";"";"";"";"";"";"";"";"";"";"";"16 144";"";"10";""
"NewEleven Bird Watching Gifts, Gifts For Bird Lovers - Gift For Men Women - Funny Birding Gift For Birders, Birds Watchers, Birb Lovers, Men, Women, Friends - 20 Oz Tumbler COG: 4,78 / Price: 22,98";"B09S9PGL4T";"UD-JSC7-HVGH";"";"";"";"";"";"";"";"";"";"";"";"";"-";"";"";"";"";"";"";"";"";"";"";"257 679";"";"2";""
"NewEleven Retirement Gifts For Men Women 2025 - Retirement Party Decorations - Retired Presents For Coworker Leaving, Men, Retired People, Coworkers, Friends - 20 Oz Tumbler COG: 4,34 / Price: 19,98";"B09XXP5V2W";"FL-GKXG-L8RH";"";"";"";"";"";"";"";"";"";"";"";"";"100";"4,34";"";"";"";"4,34";"4,34";"";"";"";"";"45 943";"";"11";""
"NewEleven Retirement Gifts For Men Women 2025 - Retirement Party Decorations - Retired Presents For Coworker Leaving, Men, Retired People, Coworkers, Friends - 20 Oz Tumbler COG: 4,48 / Price: 19,98";"B09YCTFXYV";"KG-HY7Y-VD9N";"";"";"";"";"";"";"";"";"";"";"";"";"-";"";"";"";"";"";"";"";"";"";"";"45 943";"";"5";""
"NewEleven Coworker Leaving Gifts - Farewell Gifts, Going Away Gift For Coworker - New Job Gift, Goodbye, Good Luck Presents For Coworkers, Friends, Boss, Men, Women - 20 Oz Tumbler COG: 4,46 / Price: 19,98";"B09ZYBDMZ1";"Y3-JOZK-KF6U";"";"";"";"";"";"";"";"";"";"";"";"";"-";"";"";"";"";"";"";"";"";"";"";"45 289";"";"48";""
"NewEleven Coworker Leaving Gifts - Farewell Gifts, Going Away Gift For Coworker - New Job, Goodbye, Good Luck Gift For Coworkers, Colleagues, Boss, Men, Women, Friends - 20 Oz Tumbler COG: 4,22 / Price: 19,98";"B09ZYCD6GX";"1Q-FSNP-VBED";"";"1";"";"";"";"";"";"";"";"";"";"∞";"-";"-17,34";"";"";"";"-17,34";"-17,34";"-17,34";"";"";"";"22 717";"";"12";""
"NewEleven Retirement Gifts For Women 2025 - Happy Retirement Gift - Coworker Leaving Gift, Farewell Gifts, Goodbye Presents For Coworkers, Friends - 12 Oz Tumbler COG: 3,73 / Price: 22,98";"B0B2WGL9ZW";"DI-F7I2-E7AK";"";"";"";"";"";"";"";"";"";"";"";"";"-";"";"";"";"";"";"";"";"";"";"";"20 454";"";"16";""
"NewEleven Retirement Gifts For Women 2024 - Happy Retirement Gift - Coworker Leaving, Farewell, Goodbye Gifts For Coworkers, Friends - 12 Oz Tumbler COG: 3,99 / Price: 22,98";"B0B9RLH8RV";"HB-YPM1-SCJA";"";"";"";"";"";"";"";"";"";"";"";"";"-";"";"";"";"";"";"";"";"";"";"";"20 451";"";"9";""
"NewEleven Gifts For Aunt From Niece, Nephew - Cool Gifts For New Aunt, Auntie, Sister - Aunts Birthday Gift - Announcement, Promoted To Aunty, Best Auntie Ever - 16 Oz Coffee Glass COG: 2,33 / Price: 12,98";"B0BC8SB3Y4";"DT-HT71-4QRG";"";"";"";"";"";"";"";"";"";"";"";"";"-";"";"";"";"";"";"";"";"";"";"";"20 469";"";"13";""
"NewEleven Gifts For Sister - Unique Birthday Present For Sisters, Soul Sis, Big, Little Sister, Sisters In Law, Sibling, Bestie - 16 Oz Coffee Glass COG: 2,04 / Price: 15,98";"B0BC8WBYW7";"U3-HSBK-1RJI";"";"";"";"";"";"";"";"";"";"";"";"";"-";"";"";"";"";"";"";"";"";"";"";"78 996";"";"2";""
"NewEleven Gifts For Wife, Her - Wife Gifts From Husband - Gift For Her - Gift Ideas For Women, Bride To Be, Fiancee, Wifey - 16 Oz Coffee Glass COG: 2,92 / Price: 13,99";"B0BDLH8KX3";"47-ZC5Z-3DOW";"";"";"";"";"";"";"";"";"";"";"";"";"-";"";"";"";"";"";"";"";"";"";"";"67 200";"";"4";""
"NewEleven Gifts For Women Friendship - Funny Gifts For Friends Female - Unique Friendship Present For Her, Female, Bestie, Bff, Soul Sister, Work Bestie - 16 Oz Coffee Glass COG: 2,29 / Price: 15,98";"B0BRB5SPYZ";"25-YAS2-RJHI";"";"";"";"";"";"";"";"";"";"";"";"";"-";"";"";"";"";"";"";"";"";"";"";"20 819";"";"7";""
"NewEleven Gifts For Sister - Unique Birthday Present For Soul Sister, Big, Little Sis, Sisters In Law, Sibling, Bestie - 16 Oz Coffee Glass COG: 2,03 / Price: 15,98";"B0BRB6J55H";"OW-SAUE-CM7G";"";"";"";"";"";"";"";"";"";"";"";"";"-";"";"";"";"";"";"";"";"";"";"";"78 996";"";"2";""
"NewEleven Bridal Shower Gifts - Wedding Gifts For Bride - Bachelorette Gift, Engagement Presents For Women - Gift For Bride To Be, Fiancee, Wifey, Her - 16 Oz Coffee Glass COG: 2,18 / Price: 13,98";"B0BRCCZLL8";"63-QY4L-OED4";"";"";"";"";"";"";"";"";"";"";"";"";"";"";"";"";"";"";"";"";"";"";"";"67 200";"";"3";""
"NewEleven Christmas Gifts For Women Friendship - Funny Gifts For Friends Female - Unique Friendship Gift For Women, Friend, Female, Bestie, Bff, Soul Sister, Work Bestie - 16 Oz Coffee Glass COG:  / Price: 0";"B0BRCDZRSP";"";"";"";"";"";"";"";"";"";"";"";"";"";"-";"";"";"";"";"";"";"";"";"";"";"20 816";"";"2";""
"NewEleven Gifts For Sister From Sisters, Brother - Unique Birthday Present, Soul Sister, Big Sis Little Sis, Sisters In Law, Sibling, Bestie - 16 Oz Coffee Glass COG: 2,02 / Price: 15,98";"B0BYCSHGYX";"LB-UB38-W1AN";"";"";"";"";"";"";"";"";"";"";"";"";"-";"";"";"";"";"";"";"";"";"";"";"78 990";"";"2";""
"NewEleven Gifts For Nurse - Nurse Gifts For Women - Caregiver Appreciation Gift, Nursing Student, Nurses Practitioner - RN Gift For Nurses Women - 16 Oz Coffee Glass COG: 2,48 / Price: 9,99";"B0BYDBW7PH";"IP-TZ2U-AFMB";"";"";"";"";"";"";"";"";"";"";"";"";"-";"";"";"";"";"";"";"";"";"";"";"44 653";"";"5";""
"NewEleven Gifts For Book Lovers - Book Lovers Gifts For Women - Bookish Gift for Readers, Librarians, Bookaholics, Bookworm - Birthday Gift For Women, Her, Best Friend – 16 Oz Coffee Glass COG: 2,25 / Price: 12,98";"B0BYDDFNBD";"BC-HKBD-KBAM";"";"";"";"";"";"";"";"";"";"";"";"";"100";"2,25";"";"";"";"2,25";"2,25";"";"";"";"";"49 595";"";"18";""
"NewEleven Cute Glass Coffee Cups With Lids And Straw – Aesthetic Cups – Iced Coffee Cup, Coffees Tumbler – Galentines Gifts For Women, Coffees Lover - 16 Oz Coffee Glass COG: 2,33 / Price: 14,98";"B0C1BS7BV8";"8N-VAIO-VFH3";"";"";"";"";"";"";"";"";"";"";"";"";"-";"";"";"";"";"";"";"";"";"";"";"20 819";"";"8";""
"NewEleven Cute Cups With Lids And Straw – Aesthetic Cups – Iced Java Cup, Coffee Tumbler, Glass Tumbler – Galentines Gifts For Women, Java Lover - 16 Oz Coffee Glass COG: 2,86 / Price: 12,34";"B0C1C1F4M4";"Z2-BJ5R-5S3M";"";"";"";"";"";"";"";"";"";"";"";"";"-";"";"";"";"";"";"";"";"";"";"";"20 817";"";"5";""
"NewEleven Gifts For Women - Stuff For Sloth Lovers - Cute Funny Birthday Gifts For Women, Best Friend, Sister, Daughter, Coworker - 16 Oz Coffee Glass COG: 2,37 / Price: 14,98";"B0C23XHCN1";"ZE-FHJ1-JZZW";"";"";"";"";"";"";"";"";"";"";"";"";"-";"";"";"";"";"";"";"";"";"";"";"137 494";"";"4";""
"NewEleven Penguin Gifts For Women - Penguin Stuff For Pengy Lovers - Cute Funny Birthday Gift, Gift For Women, Best Friend, Sister, Daughter, Coworker - 16 Oz Coffee Glass COG: 2,17 / Price: 14,98";"B0C23Y5ZYH";"TU-6PXW-EYJS";"";"";"";"";"";"";"";"";"";"";"";"";"-";"";"";"";"";"";"";"";"";"";"";"137 494";"";"5";""
"NewEleven Retirement Gifts For Woman 2025 - Happy Retirement Gifts For Coworker Leaving - Farewell, Goodbye Presents For Women, Coworkers, Friends - 20 Oz Tumbler COG: 4,02 / Price: 19,98";"B0C3CW184G";"L6-4LV1-54DE";"";"";"";"";"";"";"";"";"";"";"";"";"-";"";"";"";"";"";"";"";"";"";"";"45 943";"";"6";""
"NEWELEVEN 16 Oz Coffee Glass - Mom Birthday Gifts, Multicolor, Glass, 16 oz, Reusable, Insulated, Cylindrical, Casual, Cold Drinks, Christmas, Mother's Day, Birthday COG: 2,31 / Price: 12,98";"B0CBJSYJJS";"IV-16R1-T5AZ";"";"";"";"";"";"";"";"";"";"";"";"";"-";"";"";"";"";"";"";"";"";"";"";"33 500";"";"5";""
"NewEleven Coworker Leaving Gifts - Farewell, Going Away Gift For Coworker - New Job, Goodbye, Good Luck Gifts For Coworkers, Colleagues, Boss, Men, Women, Friends - 20 Oz Tumbler COG: 3,71 / Price: 19,98";"B0CDLPSMGF";"CO-C7X6-C1NV";"";"";"";"";"";"";"";"";"";"";"";"";"-";"";"";"";"";"";"";"";"";"";"";"22 719";"";"1";""
"NewEleven Gifts For Men, Dad, Husband, Friend - Birthday Gift For Women, Men - Thank You Gifts, Appreciation Gift, Graduation Presents For Men, Nurse, Teacher, Boss, Coworker – 20 Oz Tumbler COG: 3,66 / Price: 16,98";"B0CDLQFJK6";"EH-49BE-XWTF";"";"";"";"";"";"";"";"";"";"";"";"";"-";"";"";"";"";"";"";"";"";"";"";"7 171";"";"16";""
"NewEleven Gifts For Women – Chaos Coordinator Gifts For Women, Boss, Manager, Coworker, Best Friend - Appreciation, Inspirational Gift For Teacher, Nurse, Social Worker – 20 Oz Tumbler COG: 3,87 / Price: 17,98";"B0CFQ4CDD5";"7K-U1QW-2RDX";"";"";"";"";"";"";"";"";"";"";"";"";"-";"";"";"";"";"";"";"";"";"";"";"58 483";"";"3";""
"NewEleven Gifts For Mom, Wife - Gifts For Mom From Daughter, Son, Kids - Unique Birthday Present Ideas For Mother, Wife, New Mama From Daughter, Son, Husband - 20 Oz Tumbler COG: 3,71 / Price: 19,98";"B0CG8NHNWF";"2F-5232-03M8";"";"";"";"";"";"";"";"";"";"";"";"";"-";"";"";"";"";"";"";"";"";"";"";"7 171";"";"15";""
"NewEleven Fathers Day Gift For Dad, Men - Funny Birthday Gifts For Dad, Men, Car Guys - Unique Present Idea For Father, Husband, Uncle, Guys From Daughter, Son, Kids, Wife - 20 Oz Tumbler COG: 3,71 / Price: 14,98";"B0CHJ1V1RR";"0I-V2OD-GO56";"";"";"";"";"";"";"";"";"";"";"";"";"-";"";"";"";"";"";"";"";"";"";"";"7 170";"";"3";""
"NewEleven Gifts For Coworker Friends – Work Bestie Gifts For Women Friendship - Unique Present Ideas For Coworker Leaving, Going Away, Goodbye, Farewell Party – 20 Oz Tumbler COG: 3,57 / Price: 17,98";"B0CHJ3W9SQ";"LA-XF5O-M492";"";"";"";"";"-2,4";"-2,4";"";"";"";"";"";"";"-";"";"";"";"";"-2,40";"-2,40";"-2,4";"";"";"";"58 483";"";"8";""
"NewEleven Fathers Day Gift For Dad - Cool Dad Gifts From Daughter - Unique Birthday Present Ideas For Father, Husband, Bonus Father, Step Papa, New Papa From Daughter - 20 Oz Tumbler COG: 3,56 / Price: 17,98";"B0CJLF7CW6";"JY-5OP2-ZVFB";"";"";"";"";"";"";"";"";"";"";"";"";"-";"";"";"";"";"";"";"";"";"";"";"39 205";"";"3";""
"NewEleven Fathers Day Gift For Dad - Cool Dad Gifts From Daughter - Unique Birthday Present Ideas For Father, Husband, Bonus Papa, Step Father, New Papa From Daughter - 20 Oz Tumbler COG: 3,63 / Price: 19,98";"B0CJLM3SV5";"5B-L34H-TU17";"";"";"";"";"";"";"";"";"";"";"";"";"-";"";"";"";"";"";"";"";"";"";"";"39 205";"";"1";""
"NewEleven Gifts For Mom - Birthday Gifts For Mom From Daughter, Son, Kids, Husband - Wife Gift - Unique Present Ideas For Mother, Mother In Law, Wife, New Mama - 20 Oz Tumbler COG: 3,65 / Price: 19,98";"B0CJX4XSXB";"S8-FINW-47HP";"";"";"";"";"";"";"";"";"";"";"";"";"-";"";"";"";"";"";"";"";"";"";"";"7 170";"";"7";""
"NewEleven Birthday Gifts For Men, Women - Funny Gag Gifts Ideas For Dad, Mom, Grandpa, Grandma, Husband, Wife, Uncle, Him - 40th 50th 60th 70th 80th Birthday Gifts For Men Women – 20 Oz Tumbler COG: 3,69 / Price: 17,98";"B0CLYRNFBT";"3N-MM56-1WA4";"";"";"";"";"";"";"";"";"";"";"";"";"-";"";"";"";"";"";"";"";"";"";"";"3 009";"";"6";""
"NewEleven Birthday Gifts For Men, Women - Funny Gag Gifts Ideas For Dad, Mom, Grandpa, Grandma, Husband, Wife, Uncle, Him - 40th 50th 60th 70th 80th Birthday Gifts For Men Women – 20 Oz Tumbler COG: 3,76 / Price: 16,99";"B0CLYSGX7Q";"OA-DGFL-ZKWU";"";"";"";"";"";"";"";"";"";"";"";"";"-";"";"";"";"";"";"";"";"";"";"";"10 322";"";"4";""
"NewEleven Fathers Day Gift For Dad - Birthday Gifts For Dad From Daughter - Husband Gifts - Unique Birthday Present Ideas For Father, Husband, New Papa, Bonus Father From Daughter - 20 Oz Tumbler COG: 3,19 / Price: 19,98";"B0CM5R5BDX";"WC-3I7C-6VN5";"";"";"";"";"";"";"";"";"";"";"";"";"-";"";"";"";"";"";"";"";"";"";"";"39 205";"";"1";""
"NewEleven Dad Gifts - Birthday Gifts For Dad From Daughter - Husband Gift - Unique Birthday Present Ideas For Father, Husband, New Papa, Bonus Father From Daughter - 20 Oz Tumbler COG: 3,19 / Price: 15,98";"B0CM5RY3QS";"J7-CYQ3-G6E8";"";"";"";"";"";"";"";"";"";"";"";"";"-";"";"";"";"";"";"";"";"";"";"";"16 143";"";"4";""
"NewEleven 50th Birthday Gifts For Men Women - 1974 50th Birthday Decorations - Gifts For Men Women Turning 50-50 Year Old Gift For Man, Woman, Mom, Dad, Wife, Husband - 20 Oz Tumbler COG: 4,1 / Price: 18,98";"B0CN93621G";"8D-V9PG-OCNF";"";"";"";"";"";"";"";"";"";"";"";"";"-";"";"";"";"";"";"";"";"";"";"";"10 321";"";"3";""
"NewEleven Fathers Day Gift For Dad, Men - Funny Birthday Gifts For Dad, Men, Car Guys - Unique Present Idea For Father, Papa, Husband, Uncle, Guys From Daughter, Son, Kids, Wife - 20 Oz Tumbler COG: 3,93 / Price: 19,98";"B0CNTFTNT9";"MO-1909-MXZY";"";"";"";"";"";"";"";"";"";"";"";"";"-";"";"";"";"";"";"";"";"";"";"";"7 170";"";"1";""
"NewEleven Fathers Day Gift For Grandpa - Grandpa Gifts From Granddaughter, Grandson - Unique Birthday Present Ideas For Grandfather, New Granddad, Promoted To Granddad, Grandchildren - 20 Oz Tumbler COG: 3,48 / Price: 19,98";"B0CQ4X98YF";"IW-TRN7-KQLA";"";"";"";"";"";"";"";"";"";"";"";"";"-";"";"";"";"";"";"";"";"";"";"";"7 170";"";"4";""
"NewEleven Fathers Day Gift For Him - Birthday Gifts For Men, Funny Gift For Dad, Husband, Grandpa, Uncle, Old Men - Cool Gifts For Dad From Daughter, Son – 20 Oz Tumbler COG: 3,47 / Price: 19,98";"B0CRDFWF44";"A5-0R5N-261B";"";"";"";"";"";"";"";"";"";"";"";"";"-";"";"";"";"";"";"";"";"";"";"";"7 170";"";"3";""
"NewEleven Gift For Friends, Bestie - Birthday Gifts for Women Friendship - Unique Friendship Gifts For Women, Friend, Bestie, Bff, Soul Sister, Work Bestie - 16 Oz Coffee Glass COG: 2,81 / Price: 14,98";"B0CRKQR2KF";"C6-OPZ3-4B3S";"";"";"";"";"";"";"";"";"";"";"";"";"-";"";"";"";"";"";"";"";"";"";"";"20 819";"";"15";""
"NewEleven 75th Birthday Gifts For Men Women - 1949 75th Birthday Decorations For - Gifts For Men Women Turning 75-75 Year Old Gifts For Man, Woman, Mom, Dad, Wife, Husband - 20 Oz Tumbler COG: 3,61 / Price: 29,98";"B0CXXN8G72";"4P-YCOW-ED7Z";"";"";"";"";"";"";"";"";"";"";"";"";"-";"";"";"";"";"";"";"";"";"";"";"590 965";"";"1";""
"NewEleven Trucker Cap for Men, Dad, Husband, Fisherman – Funny Fishing Hat, Trucker Hat Birthday Present for Him, Father, Guys Who Love Fishing COG: 2,67 / Price: 17,98";"B0CY4G9VSR";"BP-B33W-HG8K";"";"";"";"";"";"";"";"";"";"";"";"";"-";"";"";"";"";"";"";"";"";"";"";"202 011";"";"20";""
"NewEleven 40th Birthday Gifts For Women - 40s Birthday Decorations For Women - 40 Year Old Gifts For Her, Woman, Sister, Mom, Daughter, Best Friend - In My Forties Era Glass - 16 Oz Coffee Glass COG: 2,61 / Price: 15,98";"B0CYPWBV21";"SB-QEC6-U9NU";"";"";"";"";"-7,85";"-7,85";"";"";"";"";"";"";"-";"";"";"";"";"-7,85";"-7,85";"-7,85";"";"";"";"10 222";"";"15";""
"NewEleven Bridal Shower Gifts - Wedding Gifts For Bride - Bachelorette Party, Engagement Gift For Women - Gift For Bride To Be, Fiancee, Wifey, Her - 16 Oz Coffee Glass COG: 2,35 / Price: 9,99";"B0CYSTZG5R";"UH-A4QB-NCR6";"";"";"";"";"";"";"";"";"";"";"";"";"-";"";"";"";"";"";"";"";"";"";"";"67 195";"";"2";""
"NewEleven Gifts For Book Lovers - Book Lovers Gifts For Women - Book Themed Gift for Readers, Librarians, Bookaholics - Birthday Gift For Women, Her, Best Friend – 16 Oz Coffee Glass COG: 2,32 / Price: 13,98";"B0CZDV6J3V";"0B-GUIB-F6GL";"";"";"";"";"";"";"";"";"";"";"";"";"-";"";"";"";"";"";"";"";"";"";"";"86 458";"";"11";""
"NewEleven Gifts For Nurse - Nursing Graduation Gift For Women Her - Caregiver Appreciation Gifts, Nursing Student, New Nurses, Nurse Practitioner, RN - 16 Oz Coffee Glass COG: 2,68 / Price: 9,99";"B0D1GF81G8";"WJ-F0KW-EYOB";"";"";"";"";"";"";"";"";"";"";"";"";"-";"";"";"";"";"";"";"";"";"";"";"44 653";"";"9";""
"NewEleven 40th Birthday Gifts Women Men - 1985 40th Birthday Decorations For Men Women - Gifts For Men Women Turning 40-40 Year Old Gift For Man, Woman, Mom, Dad, Wife, Husband - 20 Oz Tumbler COG: 3,43 / Price: 14,98";"B0D1GH6WJ6";"ZV-XJ69-4UIW";"";"";"";"";"";"";"";"";"";"";"";"";"-";"";"";"";"";"";"";"";"";"";"";"22 198";"";"1";""
"NewEleven Gifts For Teacher - Teacher Gifts For Women - Teachers Appreciation, Retirement, Graduation Presents - End Of Year Teachers Gift From Student - 16 Oz Coffee Glass COG: 3,53 / Price: 12,99";"B0D1GHNG9D";"DQ-DU5J-C7CQ";"";"";"";"";"";"";"";"";"";"";"";"";"-";"";"";"";"";"";"";"";"";"";"";"133 271";"";"5";""
"NewEleven Gifts For Girl Mom - Gift For A Mom Of Girls, Pregnant Moms, Expecting Moms, Mama, Mother To Be, Mommy To Be, First Time Mommy - 16 Oz Coffee Glass COG:  / Price: 0";"B0D1K731RT";"";"";"";"";"";"";"";"";"";"";"";"";"";"-";"";"";"";"";"";"";"";"";"";"";"9 230";"";"19";""
"NewEleven Gifts For Godmother - Will You Be My Godmother From GodChild - Pregnancy Announcement Gifts For Godmom, Godparents - 16 Oz Coffee Glass COG: 2,58 / Price: 17,98";"B0D2NSHWZK";"J5-EJIM-0Y8E";"";"";"";"";"";"";"";"";"";"";"";"";"-";"";"";"";"";"";"";"";"";"";"";"43 965";"";"4";""
"NewEleven Witchy Gifts for Women, Witch Gifts, Witch Stuff, Witch Accessories - Birthday Halloween Presents for Women Witches Wiccan Her Friend Sister Daughter Female - 16 Oz Coffee Glass COG: 2,65 / Price: 15,99";"B0D5YGB4KV";"ZB-3CPZ-WSS8";"";"";"";"";"";"";"";"";"";"";"";"";"-";"";"";"";"";"";"";"";"";"";"";"137 503";"";"6";""
"NewEleven 50th Birthday Gifts For Women, 50th Birthday Decorations, 50 Years Old Gifts For Her, Sister, Mom, Bestie, 1975 Birthday Gift For Women, Fifties Wine Tumbler - 12 Oz Tumbler COG: 3,84 / Price: 16,98";"B0D5YHG24C";"V3-2DHI-A0G1";"";"";"";"";"";"";"";"";"";"";"";"";"-";"";"";"";"";"";"";"";"";"";"";"10 321";"";"1";""
"NewEleven Thank You Gifts for Women Men - Teachers Appreciation Gift, Employee Appreciation Present for Coworker Boss Mentor Teacher Nurse Retirement Birthday, Motivational Presents - Ceramic Ornament COG: 0,85 / Price: 7,99";"B0D5ZVC8SM";"C3-ASG0-0I4S";"";"";"";"";"";"";"";"";"";"";"";"";"-";"";"";"";"";"";"";"";"";"";"";"362 438";"";"1";""
"NewEleven House Warming Gifts, New Home Ornament 2025, Dream Home Presents Ideas for Couple - Welcome Home Gifts, Housewarming Gift New Home, Best Housewarming Gift 2024 - Ceramic Ornament COG: 0,68 / Price: 7,99";"B0D6144Q48";"1Z-298F-OLVI";"";"";"";"";"";"";"";"";"";"";"";"";"-";"";"";"";"";"";"";"";"";"";"";"91 672";"";"1";""
"NewEleven Gifts New Home - Best Housewarming Gifts 2025, Housewarming Gift - Presents for Homeowners, First House Gift - New Home Candle COG: 4,7 / Price: 15,98";"B0D6GGZ5TL";"IV-JPRM-B4VI";"";"";"";"";"";"";"";"";"";"";"";"";"-";"";"";"";"";"";"";"";"";"";"";"422 653";"";"5";""
"NewEleven Teacher Appreciation Gifts - Difference Maker Gift for Friend, Co-Worker, Boss - Motivational, Graduation Gifts for Women - Goodbye Gift for Coworkers - Scented Candle COG: 5,58 / Price: 15,98";"B0D72QM578";"8M-I3B0-E0CI";"";"";"";"";"";"";"";"";"";"";"";"";"-";"";"";"";"";"";"";"";"";"";"";"422 658";"";"1";""
"NewEleven Pregnancy Announcement for Husband Wife Family, Gender Reveal Gifts, Pregnancy Gifts for Expecting Mom, for New Mom, New Dad, New Parents - Ornament COG: 0,9 / Price: 7,99";"B0D72Z4996";"FB-GMDU-EXTV";"";"";"";"";"";"";"";"";"";"";"";"";"-";"";"";"";"";"";"";"";"";"";"";"91 672";"";"4";""
"NewEleven 30th Birthday Gifts For Women - 30s Birthday Decorations For Women - 30 Year Old Gifts For Her, Woman, Sister, Mom, Daughter, Best Friend - In My Thirties Era Wine Tumbler - 12 Oz Tumbler COG:  / Price: 0";"B0D79751XN";"";"";"";"";"";"";"";"";"";"";"";"";"";"-";"";"";"";"";"";"";"";"";"";"";"10 322";"";"6";""
"NewEleven Retirement Candle - Funny Retirement Gift for Woman - Retired Gift Idea for Mom, Nurse, Teacher, Coworker & Friends - Scented Candle COG: 4,66 / Price: 15,98";"B0D831XY4Y";"8G-IBWS-BHP3";"";"";"";"";"";"";"";"";"";"";"";"";"-";"";"";"";"";"";"";"";"";"";"";"422 658";"";"5";""
"NewEleven Gifts for Book Lovers, Reading Accessories Gift, Bookish Gifts Candles for Women Her, Books Club Gift, Bookish Items Presents for Readers Librarians Bookworm - Reading Book Candle COG: 6,74 / Price: 17,98";"B0D83SHR3X";"G3-8OQB-7E7S";"";"";"";"";"";"";"";"";"";"";"";"";"-";"";"";"";"";"";"";"";"";"";"";"271 933";"";"1";""
"NewEleven Memorial Gifts for Loss of Loved One, Condolences Bereavement Present Idea, Celebration of Life Decorations - Ceramic Christmas Ornament COG: 0,97 / Price: 6,99";"B0D9VKTY47";"0B-A1DR-X8J4";"";"";"";"";"";"";"";"";"";"";"";"";"-";"";"8,7";"-5,82";"";"2,88";"2,88";"8,7";"";"";"49,48";"491 287";"";"";""
"NewEleven Gifts For Mom, New Mom – 2025 Pregnancy Gifts For First Time Mother, Pregnant, Expecting Mama, Mother To Be, Mama, Mommy To Be - 16 Oz Coffee Glass COG: 1,7 / Price: 12,99";"B0DCJQ2SKV";"F5-C0C3-Z1JN";"";"";"";"";"";"";"";"";"";"";"";"";"-";"";"";"";"";"";"";"";"";"";"";"9 228";"";"12";""
"NewEleven Gifts for Coworkers - Appreciation Present, Coworker Ornament - Christmas Tree Decoration Present for Colleagues, Leader, Office, Friends - Christmas Ornament COG: 1,53 / Price: 5,99";"B0DG8Y15PG";"RM-BKTR-DA1N";"";"";"";"";"";"";"";"";"";"";"";"";"-";"";"";"";"";"";"";"";"";"";"";"362 438";"";"1";""
"NewEleven 40th Birthday Gifts For Men Women - 1985 40th Birthday Decorations For Men Women - Turning 40-40 Year Old Gifts For Man, Woman, Mom, Dad, Wife, Husband - 20 Oz Tumbler COG: 3,45 / Price: 21,98";"B0DH7PQ1RX";"7N-6OBC-K7DN";"";"";"";"";"";"";"";"";"";"";"";"";"-";"";"";"";"";"";"";"";"";"";"";"3 011";"";"7";""
"NewEleven 2024 Christmas Ornament, 2024 Year in Review Ornaments, Memorable 2024 Christmas Decor Gifts, Decorative Gifts for Friends, Coworker, Family - Ceramic Ornaments COG: 1,12 / Price: 5,99";"B0DH7VZ4CY";"TZ-P3U6-QGEY";"";"";"";"";"";"";"";"";"";"";"";"";"-";"";"";"";"";"";"";"";"";"";"";"362 431";"";"1";""
"NewEleven 50th Birthday Gifts for Men Women - 1975 Birthday Decorations for Him, Her - Gifts for People Turning 50 Year Old Mom, Dad, Wife, Husband - Retro Trucker Hat COG: 1,99 / Price: 17,98";"B0DHC2C1S4";"S1-6FQM-HSP6";"";"";"";"";"-5,28";"-5,28";"";"";"";"";"";"";"100";"1,99";"";"";"";"-3,29";"-3,29";"-5,28";"";"";"";"128 544";"";"6";""
"Eleven Pet Memorial Picture Frame Christmas Ornaments 2025, Pet Memorial Gifts for Loss of Pet, Pet Loss Sympathy Gift, Remembrance Present, Dog Memorial Ornament COG: 1,26 / Price: 5,99";"B0DJT5JM6T";"ID-73LU-NV4W";"";"";"";"";"";"";"";"";"";"";"";"";"-";"";"";"";"";"";"";"";"";"";"";"491 281";"";"1";""
"NewEleven Coworker Ornaments, Christmas Ornament Gifts for Coworkers - Coworker Gift for Women, Present for Coworkers, Friendship Presents for Work Bestie - Christmas Decorations COG: 1,1 / Price: 7,99";"B0DJXTHGW2";"MF-4MWG-A4QS";"";"";"";"";"";"";"";"";"";"";"";"";"-";"";"";"";"";"";"";"";"";"";"";"362 421";"";"2";""
"NewEleven Grandma Gifts from Granddaughter, Grandma and Granddaughter Ceramic Ornament Gift for Nana Nanny Gigi Grandmother, Present for Grandmother Round Ceramic Ornament Keepsake COG: 1,16 / Price: 9,99";"B0DJY5K8QD";"EZ-X0G8-U3J2";"";"";"";"";"";"";"";"";"";"";"";"";"-";"";"";"";"";"";"";"";"";"";"";"491 287";"";"1";""
"NewEleven Godmother Proposal Gift - Will You Be My Godmother - Present from Godchild - Glass Christmas Ornaments COG: 1,9 / Price: 4,99";"B0DJY9BWQ4";"8M-N6Y2-Z802";"";"";"";"";"";"";"";"";"";"";"";"";"-";"";"";"";"";"";"";"";"";"";"";"491 287";"";"1";""
"NewEleven Baptism Gifts for Girl & Boy, Decorations Ornament, Baby Dedication & Godchild Gift - Ceramic Christmas Ornaments COG: 0,95 / Price: 5,99";"B0DK11YCP5";"EF-QF2X-QCI3";"";"";"";"";"";"";"";"";"";"";"";"";"-";"";"";"";"";"";"";"";"";"";"";"721 897";"";"1";""
"NewEleven Christmas Decorations Indoor - Family Christmas Ornaments 2025 for Mom, Dad, Sister, Brother - Funny Ceramic Tree Décor COG: 0,9 / Price: 5,99";"B0DK155YN3";"MW-Y980-J1MX";"";"";"";"";"";"";"";"";"";"";"";"";"-";"";"";"";"";"";"";"";"";"";"";"362 438";"";"3";""
"NewEleven Women - Friend Gifts Ornaments 2025 - Friendship Gifts for Friends, Birthday Gift for Women, Besties, Soul Sisters - Ceramic Christmas Ornaments COG: 0,91 / Price: 4,99";"B0DK16MCXG";"JC-JJYR-OWD3";"";"";"";"";"";"";"";"";"";"";"";"";"-";"";"";"";"";"";"";"";"";"";"";"362 421";"";"10";""
"NewEleven Baseball Gifts Ceramic Christmas Tree Ornament for Lovers - Some Boy Funny Ornament - Present for Boys, Decor - 2025 Christmas Ornaments COG: 0,9 / Price: 5,99";"B0DK16QK9D";"8R-DG4G-C218";"";"";"";"";"";"";"";"";"";"";"";"";"-";"";"";"";"";"";"";"";"";"";"";"491 267";"";"1";""
"NewEleven Best Friend Birthday Gifts for Women, Friends - Thank You Gift for Friend, Bestie, BFF for Her, Him - Christmas Ornaments COG: 2 / Price: 5,99";"B0DK16RQ6J";"KG-02VI-0ANH";"";"";"";"";"";"";"";"";"";"";"";"";"-";"";"";"";"";"";"";"";"";"";"";"91 664";"";"1";""
"NewEleven Gifts for Women, Friendship, Friends, Birthday Gift for Friends Female BFF Old Best Friends, Best Friend Ornament, Bestie Ornament COG: 0,93 / Price: 7,99";"B0DK2YP1FB";"JR-LLGY-N975";"";"";"";"";"";"";"";"";"";"";"";"";"-";"";"";"";"";"";"";"";"";"";"";"362 438";"";"2";""
"NewEleven for Boy Mom - Pregnancy Gifts, Gender Reveal Idea for Pregnant, Expecting Mother, Mama, Mom to Be, Mommy to Be - Baby Boy Announcement Gift Ceramic Ornament COG: 0,94 / Price: 6,99";"B0DLT3SDLB";"E4-PNYA-O0P7";"";"";"";"";"";"";"";"";"";"";"";"";"-";"";"";"";"";"";"";"";"";"";"";"91 672";"";"1";""
"NewEleven for Aunt from Niece, Nephew for Auntie, Sister - Auntie Announcement, Promoted to Aunt, Best Aunts Ever Gift - Christmas Tree Decoration Ceramic Ornament COG: 0,94 / Price: 6,99";"B0DLV7X769";"DH-DI42-NMFV";"";"";"";"";"";"";"";"";"";"";"";"";"-";"";"";"";"";"";"";"";"";"";"";"91 672";"";"2";""
"NewEleven Gifts for Her - Inspirational Ornaments - Thank You Gift, Appreciation Present for Men, Nurse, Teacher, Boss, Coworker - Christmas Tree Decoration Glass Ornament COG: 2,17 / Price: 7,99";"B0DLV9V243";"2G-KSK7-6N0O";"";"";"";"";"";"";"";"";"";"";"";"";"-";"";"";"";"";"";"";"";"";"";"";"362 438";"";"2";""
"NewEleven Retirement Ornament - Funny Retirement Gifts for Woman - Christmas Tree Decoration for Mom, Nurse, Teacher, Coworker & Friends COG: 2,17 / Price: 7,99";"B0DLVS7R7V";"O5-LD0Y-FJ4W";"";"";"";"";"";"";"";"";"";"";"";"";"-";"";"";"";"";"";"";"";"";"";"";"362 438";"";"2";""
"NewEleven Galentines Gifts for Friends, Book Ornament for Book Lovers - Book Lovers Gifts, for Readers, Nerd Gift - Glass Christmas Ornaments COG: 2,06 / Price: 5,99";"B0DLVSQM66";"89-VBMR-N64I";"";"";"";"";"";"";"";"";"";"";"";"";"-";"";"";"";"";"";"";"";"";"";"";"491 287";"";"1";""
"NewEleven Gifts for Women, Gift for Her, Mom, Friends, A Year of Promises of God Bible Scripture Memory Verse Cards Set of 52 - Christian, Religious, Inspirational Gifts for Women COG: 3,5 / Price: 9,98";"B0DQ42YY8T";"GQ-R013-PDDU";"";"";"";"";"";"";"";"";"";"";"";"";"-";"";"";"";"";"";"";"";"";"";"";"243 230";"";"2";""
"NewEleven Wedding Gifts - Mr and Mrs, Bridal Shower Decorations - Wedding Gifts for Couples 2025, Bride Gift for Friends - Just Married Glass 2025 Ornament COG: 1,81 / Price: 9,99";"B0DRT2D2ZB";"GU-M8AT-5NTK";"";"";"";"";"";"";"";"";"";"";"";"";"-";"";"";"";"";"";"";"";"";"";"";"91 672";"";"9";""
"NewEleven Teacher Appreciation Gifts For Women, Thank You Gift for Teachers, Inspirational School Teacher Gifts from Students for Birthday, Retirement, Bible Jar For Teachers with 92 Bible Verses COG: 2,33 / Price: 17,98";"B0DVSJLHZN";"W1-8IDB-BZ73";"";"";"";"";"";"";"";"";"";"";"";"";"-";"";"";"";"";"";"";"";"";"";"";"15 307";"";"9";""
"NewEleven Nurse Gifts For Women, Nursing Student, Nurses Practitioner, Registered Nurses - Nurse Appreciation Gifts For Women From Friends, Family And Coworker - 20 Oz Tumbler COG: 3,5 / Price: 12,98";"B0DWN2GX75";"P3-U5Q5-Y2JP";"";"";"";"";"";"";"";"";"";"";"";"";"-";"";"-6,88";"3,5";"";"-3,38";"-3,38";"-6,88";"";"";"96,57";"58 483";"";"8";""
"NewEleven Gift For Teachers - Teacher Appreciation Gifts For Women, New Teachers - Teacher Gifts For Women From Student, Friends, Family And Coworker - 20 Oz Tumbler COG: 3,42 / Price: 12,98";"B0DYDZFRZD";"4E-EG59-NN41";"";"";"";"";"";"";"";"";"";"";"";"";"-";"";"";"";"";"";"";"";"";"";"";"58 482";"";"2";""
"NewEleven Birthday Gifts for Dad from Daughter, Son, Wife - First Time Present for Father, Men, Girl Dads Hat - Trucker Hat COG: 2,67 / Price: 17,98";"B0DYJ45P7Q";"QF-PTRY-DG2W";"";"";"";"";"";"";"";"";"";"";"";"";"-";"";"";"";"";"";"";"";"";"";"";"202 011";"";"4";""
"NewEleven Retirement Gift For Woman 2025 - Coworker Leaving Gift, Going Away Gifts For Friends, Her, Mom, Boss - Farewell Gifts For Coworkers Women From Friend, Family And Colleague - 16 Oz Wine Glass COG: 4,83 / Price: 23,98";"B0F13MKH7X";"ML-PHKJ-4KBU";"";"";"";"";"";"";"";"";"";"";"";"";"-";"";"";"";"";"";"";"";"";"";"";"17 656";"";"19";""
"NewEleven Gifts For Brother - Brother Birthday Gifts For Big, Little Brothers, Siblings, Bro In Law - Funny Brothers Gift From Sister, Bro - 20 Oz Tumbler COG: 3,42 / Price: 16,98";"B0F17BH4MM";"I2-7HVI-3WQ3";"";"";"";"";"";"";"";"";"";"";"";"";"-";"";"";"";"";"";"";"";"";"";"";"150 804";"";"1";""
"NewEleven Fathers Day Gift For Dad - Funny Present For Father, Men - Dad Birthday Gift, Unique Father Gifts From Daughter, Son, Kid, Wife - 20 Oz Tumbler Navy COG: 3,5 / Price: 16,98";"B0F17F23MZ";"R8-7X5D-8W4W";"";"";"";"";"";"";"";"";"";"";"";"";"-";"";"";"";"";"";"";"";"";"";"";"150 813";"";"2";""
"NewEleven Father's Day Gift For Husband - Husband Birthday Gifts, Anniversary Romantic Love Present Ideas For Him - Funny Present For Hubby, Him From Wife - 20 Oz Tumbler COG: 3,42 / Price: 16,98";"B0F17N58SN";"FN-TDOG-NQ7Z";"";"";"";"";"";"";"";"";"";"";"";"";"-";"";"";"";"";"";"";"";"";"";"";"150 804";"";"1";""
"NewEleven Retirement Gift For Woman 2025 - Farewell Gifts For Coworkers, Boss, Friend, Teacher, Grandma - Coworker Leaving Gifts For Women From Friend, Family - Tumbler 12 Oz COG: 3,4 / Price: 22,98";"B0F189PXWB";"L4-F4C9-QOS5";"";"";"";"";"";"";"";"";"";"";"";"";"-";"";"";"";"";"";"";"";"";"";"";"20 452";"";"8";""
"NewEleven Gifts For Dad - Funny Present For Father, Men - Dad Birthday Gift, Unique Father Gifts From Daughter, Son, Kid, Wife - 20 Oz Tumbler Black COG:  / Price: 0";"B0F1FWGNH8";"";"";"";"";"";"";"";"";"";"";"";"";"";"-";"";"";"";"";"";"";"";"";"";"";"150 813";"";"2";""
"NewEleven Birthday Gifts For Mom, Gifts For Mom From Daughter, Birthday Card For Mommy - Cool Mothers From Daughter, Son, Kids - Greeting Card COG: 0,42 / Price: 4,99";"B0F2T9H9W8";"IH-G19E-BA1G";"";"";"";"";"";"";"";"";"";"";"";"";"-";"";"";"";"";"";"";"";"";"";"";"1 954";"";"2";""
"NewEleven Gifts For Mom From Daughter, Birthday Card For Mommy, Bonus Mom, Mother In Law - Cool Gifts For Mama From Daughter, Heartfelt Message To Mother - Greeting Card COG: 0,42 / Price: 7,99";"B0F2TB3Q7Q";"WZ-FOQA-VOQC";"";"";"";"";"";"";"";"";"";"";"";"";"-";"";"4,12";"-0,42";"";"3,70";"3,70";"4,12";"";"";"880,95";"94 198";"";"";""
"NewEleven Mothers Day Card, Cat Mom Gifts For Women, Cat Themed Gift, Best Cat Mom Ever For Mother's Day, Best Gifts For Cat Lovers Female, Unique Cats Lady Presents - Greeting Card COG: 0,42 / Price: 7,99";"B0F2TD7W6G";"1N-AZA8-HSBA";"";"";"";"";"";"";"";"";"";"";"";"";"-";"";"";"";"";"";"";"";"";"";"";"94 194";"";"2";""
"NewEleven Mothers Day Card, Dog Mom Gifts For Women, Unique Moms Gift For Mother's Day, Cute Dog Mom Mother's Day Cards From Dogs, Puppy For Her Womens - Greeting Card COG: 0,42 / Price: 5,99";"B0F2TF1PWV";"EE-SVW5-ID5N";"";"";"";"";"";"";"";"";"";"";"";"";"-";"";"";"";"";"";"";"";"";"";"";"94 194";"";"1";""
"NewEleven Retirement Gifts - Retirement Gift for Woman, Farewell Gift, Goodbye Present for Men, Women - Going Away, Goodbye Gifts for Coworkers - Candle COG: 3,8 / Price: 11,98";"B0F3C9BMFZ";"WY-FHPL-MTWW";"";"";"";"";"";"";"";"";"";"";"";"";"-";"";"";"";"";"";"";"";"";"";"";"70 930";"";"11";""
"NewEleven Gifts For Dad, Dad Birthday Gift For Father From Daughter, Son, Kid, Wife - Birthday Card, Unique Gifts, Funny Present For Dads, Humorous Greeting Card COG: 0,44 / Price: 7,99";"B0F59PXL1F";"7G-FTQK-LHH4";"";"";"";"";"";"";"";"";"";"";"";"";"-";"";"";"";"";"";"";"";"";"";"";"94 194";"";"1";""
"NewEleven Birthday Card For Dad - Fathers Day Gift, Dad Gifts From Daughter, Son, Wife - Funnny Present, Dads Gift Idea For Bonus Dads, Father, Father In Law - Greeting Card COG: 0,44 / Price: 7,99";"B0F59S8H6T";"IA-GG14-LH7P";"";"";"";"";"";"";"";"";"";"";"";"";"-";"";"";"";"";"";"";"";"";"";"";"12 081";"";"1";""
"NewEleven Gifts For Dad - Fathers Day Card For Dad, Birthday Present For Dads, Bonus Dads - Fathers Day Card From Daughter, Son, Kid, Wife - Humorous Greeting Card COG: 0,44 / Price: 4,99";"B0F59S997T";"F0-2QAC-J9UH";"";"";"";"";"";"";"";"";"";"";"";"";"-";"";"";"";"";"";"";"";"";"";"";"12 081";"";"3";""
"NewEleven Gifts For Dad Birhtday - Gifts For Dad, Funny Present From Kids, Daughter, Son - Unique Gift, Birthday Card For Father, Step Father - Greeting Card COG: 0,44 / Price: 7,99";"B0F59VGSY3";"P2-IYY6-4I6R";"";"";"";"";"";"";"";"";"";"";"";"";"-";"";"";"";"";"";"";"";"";"";"";"94 198";"";"1";""
"NewEleven Birthday Card For Dad - Fathers Day Gift, Heartfelt Present For Dads, Bonus Dads, Father In Law - Dad Birthday Gift From Daughter, Son, Kid, Wife - Greeting Card COG: 0,44 / Price: 7,99";"B0F59VGXBY";"4N-OLIJ-V92Z";"";"";"";"";"";"";"";"";"";"";"";"";"-";"";"";"";"";"";"";"";"";"";"";"12 101";"";"3";""
"NewEleven Dad Birthday Gift - Meaningful Present For Dads, Bonus Dads - Cute Dad Birthday Card, Fathers Day Card From Son, Daughter, Favorite Kids - Greeting Card COG: 0,44 / Price: 7,99";"B0F59X5XB6";"BQ-8IHB-2PJV";"";"";"";"";"";"";"";"";"";"";"";"";"-";"";"";"";"";"";"";"";"";"";"";"12 101";"";"1";""
"NewEleven Gifts For Son - Meaningful Fathers Day Card For Son From Mom And Dad - Unique Present, Heartfelt Messeage, Father's Day Gifts For Sons, Dad First Time - Greeting Card COG: 0,44 / Price: 7,99";"B0F59X7WSH";"H2-9Z1Y-AGEF";"";"";"";"";"";"";"";"";"";"";"";"";"-";"";"";"";"";"";"";"";"";"";"";"12 081";"";"1";""
"NewEleven Dad Birthday Gift For Dad, Bonus Dads - Fathers Day Card, Unique Present, Heartfelt Messesage For Father From Daughter, Son, Kids - Greeting Card COG: 0,44 / Price: 7,99";"B0F59XTYB6";"45-R2A7-EGYZ";"";"";"";"";"";"";"";"";"";"";"";"";"-";"";"";"";"";"";"";"";"";"";"";"12 101";"";"3";""
"NewEleven Dad Gifts - Gifts For Dad From Daughter, Son, Kid, Wife - Heartfelt Message, Fathers Day Card For Dads, Bonus Das, Step Father - Greeting Card COG: 0,44 / Price: 7,99";"B0F59Y459Y";"RZ-9XXR-XH01";"";"";"";"";"";"";"";"";"";"";"";"";"-";"";"";"";"";"";"";"";"";"";"";"12 081";"";"3";""
"NewEleven Dad Birthday Card - Gifts For Dad From Daughter, Son, Kid - Father's Day Gift Idea For Dads, Bonus Dads - Humorous Greeting Card COG: 0,44 / Price: 7,99";"B0F59YJV71";"50-79MF-SYWH";"";"";"";"";"";"";"";"";"";"";"";"";"-";"";"4,12";"-0,44";"";"3,68";"3,68";"4,12";"";"";"836,36";"12 101";"";"3";""
"NewEleven Grandpa Gifts - Grandpa Birthday Gifts, Gift For Grandparents From Kids, Child - Birthday Gift, Heartfelt Message, Fathers Day Card For Grandpa, Papa - Greeting Card COG: 0,44 / Price: 7,99";"B0F59Z29ZR";"OQ-C9LE-D894";"";"";"";"";"";"";"";"";"";"";"";"";"-";"";"";"";"";"";"";"";"";"";"";"12 101";"";"2";""
"NewEleven Gifts For Dad - Dad Birthday Card, Funny Present, Fathers Day Card For Dads From Daughter, Son, Kids - Unique Birthday, Father's Day Gift - Humorous Greeting Cards COG: 0,44 / Price: 7,99";"B0F5B1ZFQW";"92-DVSY-QP6W";"";"";"";"";"";"";"";"";"";"";"";"";"-";"";"";"";"";"";"";"";"";"";"";"12 101";"";"1";""
"NewEleven Dad Gifts From Daughter - Unique Present, Dad Birthday Gift For Dads, Bonus Dads - Funny Card, Meaningful Gifts For Father - Greeting Card COG: 0,44 / Price: 7,99";"B0F5B2XGXM";"KU-S43M-BXLZ";"";"";"";"";"";"";"";"";"";"";"";"";"-";"";"";"";"";"";"";"";"";"";"";"94 515";"";"1";""
"NewEleven Father's Day Gifts, Dog Dad Gifts For Men, Unique Dads Gift For Father's Day, Cute Fathers Day Card From Dog, Puppy For Men Husband - Greeting Card COG: 0,43 / Price: 7,99";"B0F7LJYVN5";"PU-6IQ0-1725";"";"";"";"";"";"";"";"";"";"";"";"";"-";"";"";"";"";"";"";"";"";"";"";"94 194";"";"1";""
"NewEleven Funny Fathers Day Card, Cat Dad Gifts For Men, Best Cat Dad Ever For Father's Day, Cat Lover Gifts For Men, Unique Cats Father Presents - Greeting Card COG: 0,43 / Price: 7,99";"B0F7LL1VLP";"QJ-K197-WWV2";"";"";"";"";"";"";"";"";"";"";"";"";"-";"";"-2,32";"0,43";"";"-1,89";"-1,89";"-2,32";"";"";"439,53";"94 198";"";"";""
"NewEleven Gift For Grandpa - Meaningful Grandpa Gifts From Granddaughter, Grandson - Grandpa Birthday Gifts For Grandfather, New Granddad, PaPa - Bible Jar COG: 2,62 / Price: 16,98";"B0F7WVKZ6F";"8O-S5PG-85KF";"";"";"";"";"";"";"";"";"";"";"";"";"-";"";"";"";"";"";"";"";"";"";"";"15 310";"";"12";""
"NewEleven Uncle Birthday Gifts - Gift For Uncle, Funcle - Meaningful Present, Birthday Gift For Uncles From Newphew, Niece, Kids - Bible Jar COG: 2,62 / Price: 17,98";"B0F7WYS1R1";"YA-B9EW-YOZ9";"";"";"";"";"";"";"";"";"";"";"";"";"-";"";"-8,25";"7,86";"";"-0,39";"-0,39";"-8,25";"";"";"4,96";"15 307";"";"10";""
"NewEleven Birthday Gifts For Women - Humorous Message, Funny Birthday Gift Card For Men, Women, Dad, Mom, Brother, Sister, Friends, Family - Greeting Card COG: 0,39 / Price: 5,99";"B0FC5MVV3Q";"H4-ZU99-Z57Y";"";"";"";"";"";"";"";"";"";"";"";"";"-";"";"";"";"";"";"";"";"";"";"";"12 081";"";"7";""
"NewEleven Boss Gifts For Women, Men - Boss Birthday Card, Thank You Gift, Heartfelt Message For Leader - Appreciation Present For Manager Form Colleague, Coworker - Greeting Card COG: 0,39 / Price: 4,99";"B0FC5W1QX7";"SS-6UAT-LTMJ";"";"";"";"";"";"";"";"";"";"";"";"";"-";"";"";"";"";"";"";"";"";"";"";"8 054";"";"11";""
"NewEleven Christian Gifts For Son - Birthday Gift, Meaningful Present, Graduation Gift For Son - Gifts For Sons Adult From Mom, Dad - Decorative Glass Inspirational Scripture Jar with 92 Bible Verse COG: 0 / Price: 17,98";"B0FC5WKS3T";"8V-M28O-07YS";"";"";"";"";"";"";"";"";"";"";"";"";"-";"";"";"";"";"";"";"";"";"";"";"15 310";"";"10";""
"NewEleven Best Friend Gift - Funny Card, Best Friend Birthday Gifts For Women, Her, Girls - Bestie Present, Meaningful Gift From Friends - Greeting Card COG: 0,39 / Price: 4,99";"B0FC62VRRC";"OF-YAJT-Y5A4";"";"";"";"";"";"";"";"";"";"";"";"";"-";"";"";"";"";"";"";"";"";"";"";"8 054";"";"10";""
"NewEleven Farewell Gifts For Coworkers - Coworker Leaving Gifts For Women, Goodbye Gift Card, Going Away Gift For Colleague, Work Bestie - Greeting Card COG: 0,39 / Price: 5,99";"B0FC68NMQ2";"UO-G2CF-RBYF";"";"";"";"";"";"";"";"";"";"";"";"";"-";"";"";"";"";"";"";"";"";"";"";"8 082";"";"17";""
"NewEleven Thank You Cards - Teacher Appreciation Gifts, Thanks You Present For Friend, Teacher, Boss - Thank You Gifts For Women, Men From Bestie, Family, Colleague - Greeting Card COG: 0,39 / Price: 4,99";"B0FC6CNPQK";"4R-QNTR-6X4P";"";"";"";"";"";"";"";"";"";"";"";"";"-";"";"";"";"";"";"";"";"";"";"";"8 082";"";"15";""
"NewEleven Funny Retirement Gifts For Men - Farewell Gifts For Coworkers, Funny Present For Boss, Colleague - Retirement Card For Men From Friend, Work Bestie - Greeting Card COG: 0,39 / Price: 5,99";"B0FC6DMH5L";"7P-OJZF-5789";"";"";"";"";"-5,33";"-5,33";"";"";"";"";"";"";"-";"";"";"";"";"-5,33";"-5,33";"-5,33";"";"";"";"8 054";"";"19";""
